context,strain,epitope,binding,org,publication,name,VH,JH,CDRH3,VL,JL,CDRL3
SRBC,NA,NA,TRUE,mouse,AAACGGGAGCCATCGC-1,SC22169_CTRL_AAACGGGAGCCATCGC-1,IGHV5-17,IGHJ4,CAKGSSMDYW,IGKV11-125,IGKJ5,CLQHSYLPLTF
SRBC,NA,NA,TRUE,mouse,AAACGGGTCCACGCAG-1,SC22169_CTRL_AAACGGGTCCACGCAG-1,IGHV1-15,IGHJ2,CTRHYSNYW,IGKV8-24,IGKJ1,CQQHYSTPRTF
SRBC,NA,NA,TRUE,mouse,AAAGATGAGGTGTTAA-1,SC22169_CTRL_AAAGATGAGGTGTTAA-1,IGHV1-50,IGHJ3,CARSLDTSGSGFAYW,IGKV17-121,IGKJ2,CLQSDNLPYTF
SRBC,NA,NA,TRUE,mouse,AAAGATGGTGTGGCTC-1,SC22169_CTRL_AAAGATGGTGTGGCTC-1,IGHV4-1,IGHJ3,CARPDYDYAWFAYW,IGKV10-96,IGKJ1,CQQGNTLPWTF
SRBC,NA,NA,TRUE,mouse,AAAGATGGTTTCCACC-1,SC22169_CTRL_AAAGATGGTTTCCACC-1,IGHV1-81,IGHJ2,CARSIYYYGSGDYW,IGKV1-135,IGKJ1,CWQGTHFPRTF
SRBC,NA,NA,TRUE,mouse,AAAGCAACAGGGTTAG-1,SC22169_CTRL_AAAGCAACAGGGTTAG-1,IGHV1-18,IGHJ3,CARGSRFAYW,IGKV2-109,IGKJ1,CAQNLELPWTF
SRBC,NA,NA,TRUE,mouse,AAAGCAATCTACTCAT-1,SC22169_CTRL_AAAGCAATCTACTCAT-1,IGHV5-6-5,IGHJ4,CARSIFYAMDYW,IGKV17-127,IGKJ5,CLQSDNMPLTF
SRBC,NA,NA,TRUE,mouse,AAATGCCAGACGCAAC-1,SC22169_CTRL_AAATGCCAGACGCAAC-1,IGHV1-81,IGHJ2,CAKWGITTAGDYW,IGKV1-135,IGKJ1,CWQGTHFPRTF
SRBC,NA,NA,TRUE,mouse,AACACGTTCAGAGACG-1,SC22169_CTRL_AACACGTTCAGAGACG-1,IGHV1-18-28,IGHJ2,CARSGIHYYGSFDYW,IGKV6-15,IGKJ2,CQQYNSYPYTF
SRBC,NA,NA,TRUE,mouse,AACCATGCATTACGAC-1,SC22169_CTRL_AACCATGCATTACGAC-1,IGHV9-3-1,IGHJ4,CARRASAMDYW,IGKV3-5,IGKJ1,CQQSNEDPRTF
SRBC,NA,NA,TRUE,mouse,AACCGCGAGTACGCCC-1,SC22169_CTRL_AACCGCGAGTACGCCC-1,IGHV8-13,IGHJ4,CTRRRGLTGYAMDYW,IGLV1,IGLJ1,CALWYSNHWVF
SRBC,NA,NA,TRUE,mouse,AACCGCGCATGGAATA-1,SC22169_CTRL_AACCGCGCATGGAATA-1,IGHV1-55,IGHJ2,CARSDYEGYYFDYW,IGKV6-15,IGKJ2,CQQYNSYPYTF
SRBC,NA,NA,TRUE,mouse,AACGTTGAGTACGATA-1,SC22169_CTRL_AACGTTGAGTACGATA-1,IGHV1-50,IGHJ3,CARPRGTAQAAWFAYW,IGKV10-96,IGKJ2,CQQGNTLPYTF
SRBC,NA,NA,TRUE,mouse,AACGTTGGTCGCATCG-1,SC22169_CTRL_AACGTTGGTCGCATCG-1,IGHV1-26,IGHJ2,CARWVRRGLLLDYW,IGLV1,IGLJ1,CALWYSNHWVF
SRBC,NA,NA,TRUE,mouse,AACTCAGTCATAAAGG-1,SC22169_CTRL_AACTCAGTCATAAAGG-1,IGHV2-6-4,IGHJ2,CARKAYYGNYVYFDYW,IGLV2,IGLJ2,CALWYSTHYVF
SRBC,NA,NA,TRUE,mouse,AACTCAGTCGTTGCCT-1,SC22169_CTRL_AACTCAGTCGTTGCCT-1,IGHV8-4-7,IGHJ4,CARRARVTYYAMDYW,IGKV10-96,IGKJ1,CQQGNTLPPTF
SRBC,NA,NA,TRUE,mouse,AACTCCCAGAACTCGG-1,SC22169_CTRL_AACTCCCAGAACTCGG-1,IGHV9-2-1,IGHJ2,CARTYDGPYYFDYW,IGKV1-135,IGKJ1,CWQGTHFPWTF
SRBC,NA,NA,TRUE,mouse,AACTCCCAGTGTACCT-1,SC22169_CTRL_AACTCCCAGTGTACCT-1,IGHV5-6,IGHJ3,CARHEEGRFTYW,IGKV1-110,IGKJ1,CSQSTHVPWTF
SRBC,NA,NA,TRUE,mouse,AACTCCCCACCCTATC-1,SC22169_CTRL_AACTCCCCACCCTATC-1,IGHV1-71-4,IGHJ4,CSRRSHYYGSSPYAMDYW,IGKV6-15,IGKJ5,CQQYYNYPLTF
SRBC,NA,NA,TRUE,mouse,AACTCTTAGAAAGTGG-1,SC22169_CTRL_AACTCTTAGAAAGTGG-1,IGHV1-47-2,IGHJ4,CTRLLRYAMDYW,IGKV1-110,IGKJ1,CSQSTHVPWTF
SRBC,NA,NA,TRUE,mouse,AACTCTTGTATAGTAG-1,SC22169_CTRL_AACTCTTGTATAGTAG-1,IGHV1-47-23,IGHJ2,CARVDSSGYVDYFDYW,IGKV12-46,IGKJ5,CQHFWGTPPTF
SRBC,NA,NA,TRUE,mouse,AACTCTTGTCTGCAAT-1,SC22169_CTRL_AACTCTTGTCTGCAAT-1,IGHV1-64,IGHJ4,CARLRYAMDYW,IGKV12-44,IGKJ4,CQHHYGTPPTF
SRBC,NA,NA,TRUE,mouse,AACTGGTCAAATTGCC-1,SC22169_CTRL_AACTGGTCAAATTGCC-1,IGHV1-42,IGHJ2,CARSLYGNLAYW,IGKV6-15,IGKJ5,CQQYNSYPLTF
SRBC,NA,NA,TRUE,mouse,AACTTTCCAAGTAATG-1,SC22169_CTRL_AACTTTCCAAGTAATG-1,IGHV2-9-1,IGHJ3,CARSGKSQIYYGYDGFAYW,IGKV1-117,IGKJ4,CFQGSHVPFTF
SRBC,NA,NA,TRUE,mouse,AACTTTCTCAACGGGA-1,SC22169_CTRL_AACTTTCTCAACGGGA-1,IGHV5-6,IGHJ1,CARQTAGTWYFDVW,IGKV5-39,IGKJ5,CQNGHSFPLTF
SRBC,NA,NA,TRUE,mouse,AAGACCTAGCTGTTCA-1,SC22169_CTRL_AAGACCTAGCTGTTCA-1,IGHV1-9,IGHJ2,CARRRYYGSSYYFDYW,IGKV12-44,IGKJ1,CQHHYGTPWTF
SRBC,NA,NA,TRUE,mouse,AAGACCTCACATTAGC-1,SC22169_CTRL_AAGACCTCACATTAGC-1,IGHV15-2,IGHJ2,CARRYYGTSKDYFDYW,IGKV14-111,IGKJ5,CLQYDEFPLTF
SRBC,NA,NA,TRUE,mouse,AAGACCTGTAGAGTGC-1,SC22169_CTRL_AAGACCTGTAGAGTGC-1,IGHV4-1,IGHJ1,CARGGTTIVGPDWYFDVW,IGKV12-46,IGKJ2,CQHFWGTPYTF
SRBC,NA,NA,TRUE,mouse,AAGCCGCCAGTCAGAG-1,SC22169_CTRL_AAGCCGCCAGTCAGAG-1,IGHV9-3-1,IGHJ4,CARCLPSPMDYW,IGKV1-110,IGKJ2,CSQSTHVPYTF
SRBC,NA,NA,TRUE,mouse,AAGCCGCGTGATAAAC-1,SC22169_CTRL_AAGCCGCGTGATAAAC-1,IGHV5-4,IGHJ2,CARDFITLDYW,IGKV1-133,IGKJ1,CVQGTHFPWTF
SRBC,NA,NA,TRUE,mouse,AAGGAGCGTAAGCACG-1,SC22169_CTRL_AAGGAGCGTAAGCACG-1,IGHV1-47-20,IGHJ4,CASGHYYYAMDYW,IGKV6-23,IGKJ5,CQQYNTYPLTF
SRBC,NA,NA,TRUE,mouse,AAGGAGCGTTGTTTGG-1,SC22169_CTRL_AAGGAGCGTTGTTTGG-1,IGHV1-80,IGHJ2,CARDYGHSFDYW,IGKV16-104,IGKJ1,CQQHNEYPWTF
SRBC,NA,NA,TRUE,mouse,AAGGCAGCACCAGTTA-1,SC22169_CTRL_AAGGCAGCACCAGTTA-1,IGHV1-47-2,IGHJ1,CTKYDYVYWYFDVW,IGKV6-15,IGKJ2,CQQYNSYPYTF
SRBC,NA,NA,TRUE,mouse,AAGGCAGCAGCTCCGA-1,SC22169_CTRL_AAGGCAGCAGCTCCGA-1,IGHV2-6-5,IGHJ4,CAKYDGYYW,IGKV15-103,IGKJ5,CQQGQSYPLTF
SRBC,NA,NA,TRUE,mouse,AAGGCAGTCATCGATG-1,SC22169_CTRL_AAGGCAGTCATCGATG-1,IGHV4-1,IGHJ1,CAGPKYDWGYFDVW,IGKV10-96,IGKJ1,CQQGNTLPWTF
SRBC,NA,NA,TRUE,mouse,AAGGCAGTCCGCATCT-1,SC22169_CTRL_AAGGCAGTCCGCATCT-1,IGHV1-55,IGHJ2,CARSTEAFDYW,IGKV2-109,IGKJ1,CAQNLELPPTF
SRBC,NA,NA,TRUE,mouse,AAGGTTCAGGCATGGT-1,SC22169_CTRL_AAGGTTCAGGCATGGT-1,IGHV1-81,IGHJ2,CARSITVVAIDYW,IGKV1-110,IGKJ2,CSQSTHVPYTF
SRBC,NA,NA,TRUE,mouse,AAGGTTCGTCCGTGAC-1,SC22169_CTRL_AAGGTTCGTCCGTGAC-1,IGHV1-64,IGHJ3,CARSGSYYSNYAFAYW,IGKV14-126,IGKJ5,CLQHGESPLTF
SRBC,NA,NA,TRUE,mouse,AAGGTTCTCGCTGATA-1,SC22169_CTRL_AAGGTTCTCGCTGATA-1,IGHV1-18-36,IGHJ4,CARGVRRGDYW,IGKV13-85,IGKJ2,CQQYWSTPYTF
SRBC,NA,NA,TRUE,mouse,AAGGTTCTCTTGAGAC-1,SC22169_CTRL_AAGGTTCTCTTGAGAC-1,IGHV2-3,IGHJ4,CAAYSDYYAMDYW,IGKV6-17,IGKJ1,CQQHYSTPRTF
SRBC,NA,NA,TRUE,mouse,AAGTCTGAGGCTATCT-1,SC22169_CTRL_AAGTCTGAGGCTATCT-1,IGHV1-53,IGHJ1,CARSRRSYYNSHWFFDVW,IGKV10-96,IGKJ2,CQQVNTLPYTF
SRBC,NA,NA,TRUE,mouse,AAGTCTGGTGAAATCA-1,SC22169_CTRL_AAGTCTGGTGAAATCA-1,IGHV2-9,IGHJ2,CATSIHYYGYRGFDYW,IGKV1-117,IGKJ4,CFQGSHVPFTF
SRBC,NA,NA,TRUE,mouse,AAGTCTGGTTCCCGAG-1,SC22169_CTRL_AAGTCTGGTTCCCGAG-1,IGHV8-8,IGHJ4,CARGPSGSRAMDYW,IGKV8-27,IGKJ1,CHQYLSSWTF
SRBC,NA,NA,TRUE,mouse,AAGTCTGTCTATGTGG-1,SC22169_CTRL_AAGTCTGTCTATGTGG-1,IGHV8-8,IGHJ3,CARMGDGYAYW,IGKV2-137,IGKJ2,CMQHLEYPYTF
SRBC,NA,NA,TRUE,mouse,AAGTCTGTCTCAAACG-1,SC22169_CTRL_AAGTCTGTCTCAAACG-1,IGHV5-6-4,IGHJ1,CTRGTMIPFRYFDVW,IGKV10-96,IGKJ1,CQQGNSLPWTF
SRBC,NA,NA,TRUE,mouse,AATCCAGCACCAACCG-1,SC22169_CTRL_AATCCAGCACCAACCG-1,IGHV2-9,IGHJ4,CASPVGAMDYW,IGKV2-109,IGKJ1,CAQNLELPRTF
SRBC,NA,NA,TRUE,mouse,AATCCAGGTTACGCGC-1,SC22169_CTRL_AATCCAGGTTACGCGC-1,IGHV9-4,IGHJ2,CARLDEGVDYW,IGKV1-117,IGKJ5,CFQGSHVPLTF
SRBC,NA,NA,TRUE,mouse,AATCGGTAGGGCTCTC-1,SC22169_CTRL_AATCGGTAGGGCTCTC-1,IGHV5-6,IGHJ4,CARQDAMDYW,IGKV14-111,IGKJ5,CLQYDEFPLTF
SRBC,NA,NA,TRUE,mouse,AATCGGTAGTGAAGTT-1,SC22169_CTRL_AATCGGTAGTGAAGTT-1,IGHV1-55,IGHJ4,CARVTYGNYEYYAMDYW,IGKV5-45,IGKJ5,CQQSNSWPLTF
SRBC,NA,NA,TRUE,mouse,AATCGGTCACAGACTT-1,SC22169_CTRL_AATCGGTCACAGACTT-1,IGHV8-4-7,IGHJ3,CARSLNWDEGFAYW,IGKV4-70,IGKJ2,CHQRSSYYTF
SRBC,NA,NA,TRUE,mouse,AATCGGTCAGCTATTG-1,SC22169_CTRL_AATCGGTCAGCTATTG-1,IGHV1-74,IGHJ2,CTIDGYYGGFDYW,IGKV3-12,IGKJ1,CQHSRELPWTF
SRBC,NA,NA,TRUE,mouse,ACACCAAAGGTACTCT-1,SC22169_CTRL_ACACCAAAGGTACTCT-1,IGHV8-13,IGHJ4,CARRRGLTGYAMDYW,IGLV1,IGLJ1,CALWYSNHWVF
SRBC,NA,NA,TRUE,mouse,ACACCAATCGTACGGC-1,SC22169_CTRL_ACACCAATCGTACGGC-1,IGHV1-42,IGHJ2,CARGGWFGNYFDYW,IGKV1-117,IGKJ1,CFQGSHVPWTF
SRBC,NA,NA,TRUE,mouse,ACACCCTCATGCTGGC-1,SC22169_CTRL_ACACCCTCATGCTGGC-1,IGHV1-64,IGHJ4,CARFEDYAMDYW,IGKV6-15,IGKJ1,CQQYNIYFRTF
SRBC,NA,NA,TRUE,mouse,ACACCGGGTCACACGC-1,SC22169_CTRL_ACACCGGGTCACACGC-1,IGHV1-47-23,IGHJ4,CARDYGYAMDYW,IGKV16-104,IGKJ2,CQQHNEYPYTF
SRBC,NA,NA,TRUE,mouse,ACACCGGGTGTGGTTT-1,SC22169_CTRL_ACACCGGGTGTGGTTT-1,IGHV5-6-3,IGHJ3,CARDRGHRYDDWFAYW,IGKV12-44,IGKJ1,CQHHYGTPRTF
SRBC,NA,NA,TRUE,mouse,ACACTGAAGCGCCTTG-1,SC22169_CTRL_ACACTGAAGCGCCTTG-1,IGHV1-18,IGHJ4,CARSNYDGYYGYAMDYW,IGKV14-111,IGKJ2,CLQYDEFPYTF
SRBC,NA,NA,TRUE,mouse,ACAGCTAGTCAACATC-1,SC22169_CTRL_ACAGCTAGTCAACATC-1,IGHV2-9,IGHJ2,CARAGRSYYGGFFDYW,IGKV10-96,IGKJ1,CQQGNTLPWTF
SRBC,NA,NA,TRUE,mouse,ACAGCTATCGCAAACT-1,SC22169_CTRL_ACAGCTATCGCAAACT-1,IGHV1-9,IGHJ4,CARWDTTAMDYW,IGKV19-93,IGKJ1,CLQYDNLWTF
SRBC,NA,NA,TRUE,mouse,ACATACGAGCCACCTG-1,SC22169_CTRL_ACATACGAGCCACCTG-1,IGHV1-81,IGHJ2,CARSTTVVAHFDYW,IGKV1-117,IGKJ5,CFQGSHVPLTF
SRBC,NA,NA,TRUE,mouse,ACATACGAGTGCCAGA-1,SC22169_CTRL_ACATACGAGTGCCAGA-1,IGHV9-3-1,IGHJ1,CARSGGDVW,IGKV1-135,IGKJ1,CWQGTHFPRTF
SRBC,NA,NA,TRUE,mouse,ACATACGCACCAGGTC-1,SC22169_CTRL_ACATACGCACCAGGTC-1,IGHV1-55,IGHJ2,CARLRITTYW,IGLV1,IGLJ1,CALWYSNLWVF
SRBC,NA,NA,TRUE,mouse,ACATCAGGTATAGTAG-1,SC22169_CTRL_ACATCAGGTATAGTAG-1,IGHV1-47-27,IGHJ2,CASYDYLFDYW,IGKV9-124,IGKJ2,CLQYASYPYTF
SRBC,NA,NA,TRUE,mouse,ACATGGTAGACAAGCC-1,SC22169_CTRL_ACATGGTAGACAAGCC-1,IGHV2-3,IGHJ3,CANLPFAYW,IGLV1,IGLJ1,CALWYSNHWVF
SRBC,NA,NA,TRUE,mouse,ACATGGTCATCACGAT-1,SC22169_CTRL_ACATGGTCATCACGAT-1,IGHV1-18-65,IGHJ2,CGRHHFYGSSGYFDYW,IGKV1-110,IGKJ1,CSQSTHVPWTF
SRBC,NA,NA,TRUE,mouse,ACATGGTGTCTGCAAT-1,SC22169_CTRL_ACATGGTGTCTGCAAT-1,IGHV6-6,IGHJ1,CTRFGNYEGYFDVW,IGKV12-46,IGKJ1,CQHFWGTPRTF
SRBC,NA,NA,TRUE,mouse,ACATGGTTCGAATGGG-1,SC22169_CTRL_ACATGGTTCGAATGGG-1,IGHV1-5,IGHJ4,CTRGRIRYYAMDYW,IGKV13-85,IGKJ5,CQQYWSIPLTF
SRBC,NA,NA,TRUE,mouse,ACCAGTACAGCCTTTC-1,SC22169_CTRL_ACCAGTACAGCCTTTC-1,IGHV1-47-6,IGHJ4,CARDYGYALDYW,IGKV6-23,IGKJ4,CQQYSSYPLTF
SRBC,NA,NA,TRUE,mouse,ACCAGTAGTGTCGCTG-1,SC22169_CTRL_ACCAGTAGTGTCGCTG-1,IGHV1-69-5,IGHJ1,CASYGNRYFDVW,IGKV14-130,IGKJ2,CLQFYEFPYTF
SRBC,NA,NA,TRUE,mouse,ACCCACTCAAACGTGG-1,SC22169_CTRL_ACCCACTCAAACGTGG-1,IGHV1-81,IGHJ2,CEKWGITTAGDYW,IGKV1-135,IGKJ1,CWQGTHFPRTF
SRBC,NA,NA,TRUE,mouse,ACCCACTTCATGTCTT-1,SC22169_CTRL_ACCCACTTCATGTCTT-1,IGHV1-42,IGHJ2,CARRWYYGSSFFDYW,IGKV1-117,IGKJ1,CFQGSHVPWTF
SRBC,NA,NA,TRUE,mouse,ACCCACTTCCATGCTC-1,SC22169_CTRL_ACCCACTTCCATGCTC-1,IGHV3-2,IGHJ4,CASFYYGSRYDYGMDYW,IGKV2-137,IGKJ5,CMQNLEYPSF
SRBC,NA,NA,TRUE,mouse,ACCGTAAAGGGCTTGA-1,SC22169_CTRL_ACCGTAAAGGGCTTGA-1,IGHV1-47-36,IGHJ4,CARGNYFYAMDYW,IGKV6-23,IGKJ4,CQQYSSYPLTF
SRBC,NA,NA,TRUE,mouse,ACCGTAAGTGCTAGCC-1,SC22169_CTRL_ACCGTAAGTGCTAGCC-1,IGHV2-6-7,IGHJ3,CAREGDYYGSSYDAYW,IGKV10-96,IGKJ1,CQQGHTLPWTF
SRBC,NA,NA,TRUE,mouse,ACGAGGAAGACTCGGA-1,SC22169_CTRL_ACGAGGAAGACTCGGA-1,IGHV8-12,IGHJ2,CARRVIYYGNYDYFDYW,IGKV3-2,IGKJ5,CQQSKEVPLTF
SRBC,NA,NA,TRUE,mouse,ACGAGGATCTGCGACG-1,SC22169_CTRL_ACGAGGATCTGCGACG-1,IGHV8-8,IGHJ2,CARMEYYGSSPFDYW,IGKV8-24,IGKJ2,CQQHYITPYTF
SRBC,NA,NA,TRUE,mouse,ACGATACCACTATCTT-1,SC22169_CTRL_ACGATACCACTATCTT-1,IGHV2-5,IGHJ4,CAAYGKTYYVMDYW,IGKV2-137,IGKJ2,CMQHLEYPYTF
SRBC,NA,NA,TRUE,mouse,ACGATACGTAATTGGA-1,SC22169_CTRL_ACGATACGTAATTGGA-1,IGHV5-6-4,IGHJ4,CTRGGYGSSYDYYAMDYW,IGKV5-39,IGKJ1,CQNGHSFPWTF
SRBC,NA,NA,TRUE,mouse,ACGATACGTACTCGCG-1,SC22169_CTRL_ACGATACGTACTCGCG-1,IGHV2-2,IGHJ3,CARRNYDYDGGFAYW,IGKV17-127,IGKJ5,CLQSDNMPLTF
SRBC,NA,NA,TRUE,mouse,ACGATGTCATGTAAGA-1,SC22169_CTRL_ACGATGTCATGTAAGA-1,IGHV1-42-1,IGHJ1,CAREYYGSSYGYFDVW,IGKV4-61,IGKJ5,CQQYHSYPLTF
SRBC,NA,NA,TRUE,mouse,ACGATGTTCGGCATCG-1,SC22169_CTRL_ACGATGTTCGGCATCG-1,IGHV1-47-6,IGHJ2,CARNGLYYFDYW,IGKV5-48,IGKJ1,CQQSNTWPWTF
SRBC,NA,NA,TRUE,mouse,ACGCAGCCATATACCG-1,SC22169_CTRL_ACGCAGCCATATACCG-1,IGHV1-9,IGHJ1,CALCLTLYFDVW,IGKV2-112,IGKJ5,CQQLVEYPLTF
SRBC,NA,NA,TRUE,mouse,ACGCAGCTCGAATGGG-1,SC22169_CTRL_ACGCAGCTCGAATGGG-1,IGHV1-47-30,IGHJ4,CARHEEGYYYGGSYDYAMDYW,IGKV6-15,IGKJ4,CQQYISYPLTF
SRBC,NA,NA,TRUE,mouse,ACGCCAGAGTGCGATG-1,SC22169_CTRL_ACGCCAGAGTGCGATG-1,IGHV8-8,IGHJ1,CARIPPYYYDSSYGYFDVW,IGKV14-111,IGKJ1,CLQYDEFPF
SRBC,NA,NA,TRUE,mouse,ACGCCAGGTAACGTTC-1,SC22169_CTRL_ACGCCAGGTAACGTTC-1,IGHV1-62-2,IGHJ3,CARHEGETWFAYW,IGLV1,IGLJ1,CALWYSNHFVF
SRBC,NA,NA,TRUE,mouse,ACGCCAGTCCACGTGG-1,SC22169_CTRL_ACGCCAGTCCACGTGG-1,IGHV2-6-7,IGHJ4,CARGITTVVAGTMDYW,IGKV6-32,IGKJ4,CQQDYNSPFTF
SRBC,NA,NA,TRUE,mouse,ACGCCAGTCTGTACGA-1,SC22169_CTRL_ACGCCAGTCTGTACGA-1,IGHV1-18,IGHJ1,CARGGYYDPYWYFDVW,IGKV6-20,IGKJ4,CGQSYSYPFTF
SRBC,NA,NA,TRUE,mouse,ACGCCGAGTCTGATCA-1,SC22169_CTRL_ACGCCGAGTCTGATCA-1,IGHV8-8,IGHJ1,CARIARRANWYFDVW,IGKV1-117,IGKJ1,CSQSTHVPWTF
SRBC,NA,NA,TRUE,mouse,ACGGAGAAGGGTGTGT-1,SC22169_CTRL_ACGGAGAAGGGTGTGT-1,IGHV1-47-17,IGHJ3,CAAGHSSGYPFAYW,IGKV1-110,IGKJ1,CSQSTHVPWTF
SRBC,NA,NA,TRUE,mouse,ACGGAGAGTGGCAAAC-1,SC22169_CTRL_ACGGAGAGTGGCAAAC-1,IGHV4-1,IGHJ3,CASPWDEGFAYW,IGLV1,IGLJ1,CALWYSNHLVF
SRBC,NA,NA,TRUE,mouse,ACGGAGATCTCTAGGA-1,SC22169_CTRL_ACGGAGATCTCTAGGA-1,IGHV5-6-5,IGHJ4,CARVGYGNAMDYW,IGKV3-5,IGKJ1,CQQSNEDPWTF
SRBC,NA,NA,TRUE,mouse,ACGGGCTAGGAGTAGA-1,SC22169_CTRL_ACGGGCTAGGAGTAGA-1,IGHV1-14,IGHJ4,CARSQYDYGRGYAMDYW,IGKV16-104,IGKJ1,CQQHNESPWTF
SRBC,NA,NA,TRUE,mouse,ACGGGCTCAGCTGTGC-1,SC22169_CTRL_ACGGGCTCAGCTGTGC-1,IGHV1-80,IGHJ4,CARDYGYAMDYW,IGKV6-13,IGKJ2,CQQYSSYPYTF
SRBC,NA,NA,TRUE,mouse,ACGGGCTTCATACGGT-1,SC22169_CTRL_ACGGGCTTCATACGGT-1,IGHV10-1,IGHJ2,CVRGLDYW,IGKV14-111,IGKJ2,CLQYDEFPYTF
SRBC,NA,NA,TRUE,mouse,ACGGGTCAGCTCCTCT-1,SC22169_CTRL_ACGGGTCAGCTCCTCT-1,IGHV5-17,IGHJ4,CARGPYYYAMDYW,IGKV8-19,IGKJ5,CQNDYSYPLTF
SRBC,NA,NA,TRUE,mouse,ACGGGTCCAAGACACG-1,SC22169_CTRL_ACGGGTCCAAGACACG-1,IGHV3-2,IGHJ3,CARGLGKFITTGGFAYW,IGKV3-12,IGKJ2,CQHSRDLPFTF
SRBC,NA,NA,TRUE,mouse,ACGGGTCTCCAGGGCT-1,SC22169_CTRL_ACGGGTCTCCAGGGCT-1,IGHV6-7-4,IGHJ4,CTRDGTYAMDYW,IGKV14-111,IGKJ2,CLQYDEFPYTF
SRBC,NA,NA,TRUE,mouse,ACGTCAACAGCTATTG-1,SC22169_CTRL_ACGTCAACAGCTATTG-1,IGHV1-81,IGHJ4,CARQAITTVVAYYYAMDYW,IGKV1-135,IGKJ1,CWQGTHFPRTF
SRBC,NA,NA,TRUE,mouse,ACGTCAACAGGCAGTA-1,SC22169_CTRL_ACGTCAACAGGCAGTA-1,IGHV1-22,IGHJ2,CARYYFGSSYGYW,IGKV5-48,IGKJ4,CQQSNSWPFTF
SRBC,NA,NA,TRUE,mouse,ACTATCTCAGGGAGAG-1,SC22169_CTRL_ACTATCTCAGGGAGAG-1,IGHV1-64,IGHJ1,CARKGYYSTWYFDVW,IGKV1-117,IGKJ5,CFQGSHVPLTF
SRBC,NA,NA,TRUE,mouse,ACTGAACAGGTGATTA-1,SC22169_CTRL_ACTGAACAGGTGATTA-1,IGHV1-9,IGHJ2,CARRRYYGSSYYFDYW,IGKV1-117,IGKJ1,CFQGSHVPWTF
SRBC,NA,NA,TRUE,mouse,ACTGAACTCTGAGTGT-1,SC22169_CTRL_ACTGAACTCTGAGTGT-1,IGHV1-53,IGHJ4,CARRGYYGSSPYAMDYW,IGKV12-44,IGKJ5,CQHHYGTPLTF
SRBC,NA,NA,TRUE,mouse,ACTGAACTCTGTCAAG-1,SC22169_CTRL_ACTGAACTCTGTCAAG-1,IGHV1-81,IGHJ1,CARSALPYWYFDVW,IGKV6-25,IGKJ1,CQQHYSTPRTF
SRBC,NA,NA,TRUE,mouse,ACTGATGAGTGCAAGC-1,SC22169_CTRL_ACTGATGAGTGCAAGC-1,IGHV1-82,IGHJ3,CASYYYGSSPFAYW,IGKV13-84,IGKJ1,CQQYWNTPRTF
SRBC,NA,NA,TRUE,mouse,ACTGCTCAGGAGTAGA-1,SC22169_CTRL_ACTGCTCAGGAGTAGA-1,IGHV1-87,IGHJ1,CARLEIPTAGYFDVW,IGKV3-12,IGKJ2,CQHSRELPTF
SRBC,NA,NA,TRUE,mouse,ACTGCTCCACATCCAA-1,SC22169_CTRL_ACTGCTCCACATCCAA-1,IGHV1-75,IGHJ2,CARSPFYDGYYDYW,IGKV10-96,IGKJ1,CQQGNTLPWTF
SRBC,NA,NA,TRUE,mouse,ACTGCTCCACCAGTTA-1,SC22169_CTRL_ACTGCTCCACCAGTTA-1,IGHV1-81,IGHJ4,CARGALYGRYAMDYW,IGKV9-120,IGKJ2,CLQYVSSPYTF
SRBC,NA,NA,TRUE,mouse,ACTGCTCGTGGTCCGT-1,SC22169_CTRL_ACTGCTCGTGGTCCGT-1,IGHV1-47-23,IGHJ2,CARTPAYYFDYW,IGKV6-23,IGKJ4,CQQYSSYPFTF
SRBC,NA,NA,TRUE,mouse,ACTGTCCCACATTAGC-1,SC22169_CTRL_ACTGTCCCACATTAGC-1,IGHV1-81,IGHJ3,CARRTTVLATPPWFAYW,IGKV1-117,IGKJ1,CFQGSHVPWTF
SRBC,NA,NA,TRUE,mouse,ACTGTCCCAGGTGGAT-1,SC22169_CTRL_ACTGTCCCAGGTGGAT-1,IGHV3-2,IGHJ4,CARRGDYW,IGKV4-57-1,IGKJ5,CQQYSGYPLTF
SRBC,NA,NA,TRUE,mouse,ACTGTCCGTCAGCTAT-1,SC22169_CTRL_ACTGTCCGTCAGCTAT-1,IGHV1-63,IGHJ2,CARYYYGSSGDYFDYW,IGKV8-24,IGKJ5,CQQHYSTPLTF
SRBC,NA,NA,TRUE,mouse,ACTGTCCTCTTATCTG-1,SC22169_CTRL_ACTGTCCTCTTATCTG-1,IGHV1-14,IGHJ2,CARAYYGNYGGPFDYW,IGKV10-96,IGKJ2,CQQGNTLMYTF
SRBC,NA,NA,TRUE,mouse,ACTTACTAGACGCTTT-1,SC22169_CTRL_ACTTACTAGACGCTTT-1,IGHV1-76,IGHJ2,CARALGLDYW,IGKV12-44,IGKJ5,CQHHYGTPLTF
SRBC,NA,NA,TRUE,mouse,ACTTGTTGTCAGAGGT-1,SC22169_CTRL_ACTTGTTGTCAGAGGT-1,IGHV9-1,IGHJ4,CARGDYSYAMDYW,IGKV2-109,IGKJ5,CAQNLELLTF
SRBC,NA,NA,TRUE,mouse,ACTTGTTGTGGAAAGA-1,SC22169_CTRL_ACTTGTTGTGGAAAGA-1,IGHV5-12,IGHJ3,CASPYYSNSWFAYW,IGKV6-15,IGKJ5,CQQYNSYPLTF
SRBC,NA,NA,TRUE,mouse,ACTTGTTGTTCATGGT-1,SC22169_CTRL_ACTTGTTGTTCATGGT-1,IGHV14-2,IGHJ3,CADWDEGFAYW,IGKV4-59,IGKJ2,CQQWSSNLPTF
SRBC,NA,NA,TRUE,mouse,ACTTGTTTCCTCTAGC-1,SC22169_CTRL_ACTTGTTTCCTCTAGC-1,IGHV12-1-1,IGHJ4,CSRENGYGNLYYYAMDYW,IGKV6-20,IGKJ2,CGQSYSYPYTF
SRBC,NA,NA,TRUE,mouse,ACTTTCAAGAATTCCC-1,SC22169_CTRL_ACTTTCAAGAATTCCC-1,IGHV8-8,IGHJ2,CARMTYYEYNFDYW,IGKV1-135,IGKJ1,CWQGTHFPWTF
SRBC,NA,NA,TRUE,mouse,ACTTTCAAGCCAGGAT-1,SC22169_CTRL_ACTTTCAAGCCAGGAT-1,IGHV1-42-1,IGHJ2,CARDYYGFYFDYW,IGKV14-111,IGKJ2,CLQYDEFPYTF
SRBC,NA,NA,TRUE,mouse,ACTTTCAGTCCAGTTA-1,SC22169_CTRL_ACTTTCAGTCCAGTTA-1,IGHV1-18,IGHJ3,CASQKRTYYGNYGFAYW,IGKV4-79,IGKJ2,CHQWSSYPYTF
SRBC,NA,NA,TRUE,mouse,ACTTTCAGTTCAGTAC-1,SC22169_CTRL_ACTTTCAGTTCAGTAC-1,IGHV1-18-26,IGHJ3,CARGNYGYPAWFAYW,IGLV1,IGLJ1,CALWYSNHWVF
SRBC,NA,NA,TRUE,mouse,AGAATAGAGGCTCATT-1,SC22169_CTRL_AGAATAGAGGCTCATT-1,IGHV5-15,IGHJ2,CARHGRNYYFDYW,IGKV8-24,IGKJ5,CQQHYSTPLTF
SRBC,NA,NA,TRUE,mouse,AGAATAGAGTGTACGG-1,SC22169_CTRL_AGAATAGAGTGTACGG-1,IGHV2-2,IGHJ4,CARKGYALDYW,IGKV6-23,IGKJ5,CQQYSSYSLTF
SRBC,NA,NA,TRUE,mouse,AGAATAGAGTGTTGAA-1,SC22169_CTRL_AGAATAGAGTGTTGAA-1,IGHV2-9,IGHJ4,CARDLYGYTMDYW,IGKV16-104,IGKJ1,CQQYNEYPWTF
SRBC,NA,NA,TRUE,mouse,AGAATAGCACGGTTTA-1,SC22169_CTRL_AGAATAGCACGGTTTA-1,IGHV1-85,IGHJ2,CARDYGSFAYW,IGKV17-121,IGKJ5,CLQSDNLPLTF
SRBC,NA,NA,TRUE,mouse,AGAATAGGTAAGTGGC-1,SC22169_CTRL_AGAATAGGTAAGTGGC-1,IGHV1-18-17,IGHJ3,CARHGTTAAWFAYW,IGKV12-44,IGKJ2,CQHHYGTPYTF
SRBC,NA,NA,TRUE,mouse,AGAATAGGTATCACCA-1,SC22169_CTRL_AGAATAGGTATCACCA-1,IGHV2-6,IGHJ1,CARQISNYWYFDVW,IGKV14-111,IGKJ1,CLQYDEFPWTF
SRBC,NA,NA,TRUE,mouse,AGAGCGAAGGTGGGTT-1,SC22169_CTRL_AGAGCGAAGGTGGGTT-1,IGHV1-62-3,IGHJ2,CARGDWGPYFDCW,IGKV5-37,IGKJ2,CLQGYNTPYTF
SRBC,NA,NA,TRUE,mouse,AGAGCTTAGGCAATTA-1,SC22169_CTRL_AGAGCTTAGGCAATTA-1,IGHV1-14,IGHJ2,CARDFTTAKRNYFDYW,IGKV10-94,IGKJ1,CQQYSKLPWTF
SRBC,NA,NA,TRUE,mouse,AGAGCTTCACGTCAGC-1,SC22169_CTRL_AGAGCTTCACGTCAGC-1,IGHV5-12,IGHJ2,CARGYYGSSPSFDYW,IGKV4-59,IGKJ4,CQQWSSNPFTF
SRBC,NA,NA,TRUE,mouse,AGAGCTTTCTTCCTTC-1,SC22169_CTRL_AGAGCTTTCTTCCTTC-1,IGHV1-81,IGHJ2,CAKGYYDYVRQEYYFDYW,IGKV1-88,IGKJ2,CLQGTHQPYTF
SRBC,NA,NA,TRUE,mouse,AGAGTGGCACACCGAC-1,SC22169_CTRL_AGAGTGGCACACCGAC-1,IGHV1-80,IGHJ2,CARDYGSSLDYW,IGKV4-79,IGKJ2,CHQWSSYPPTF
SRBC,NA,NA,TRUE,mouse,AGAGTGGTCGACGGAA-1,SC22169_CTRL_AGAGTGGTCGACGGAA-1,IGHV1-69-9,IGHJ3,CARGKAWW,IGKV6-32,IGKJ2,CQQDYSSPYTF
SRBC,NA,NA,TRUE,mouse,AGAGTGGTCGTTTGCC-1,SC22169_CTRL_AGAGTGGTCGTTTGCC-1,IGHV4-1,IGHJ3,CAVYYSNPFAYW,IGKV5-43,IGKJ2,CQQSNSWPYTF
SRBC,NA,NA,TRUE,mouse,AGATTGCAGCAGGTCA-1,SC22169_CTRL_AGATTGCAGCAGGTCA-1,IGHV3-2,IGHJ2,CARWRTGTGLDYW,IGKV10-94,IGKJ2,CQQYSKLYTF
SRBC,NA,NA,TRUE,mouse,AGATTGCAGCGTGAGT-1,SC22169_CTRL_AGATTGCAGCGTGAGT-1,IGHV8-8,IGHJ4,CARIEQLPYYYAMDYW,IGKV14-111,IGKJ1,CLQYDEFLWTF
SRBC,NA,NA,TRUE,mouse,AGCAGCCAGTAACCCT-1,SC22169_CTRL_AGCAGCCAGTAACCCT-1,IGHV1-18-28,IGHJ3,CARDHYGSSYRFAYW,IGKV6-15,IGKJ5,CQQYNSYPLTF
SRBC,NA,NA,TRUE,mouse,AGCAGCCAGTTGAGTA-1,SC22169_CTRL_AGCAGCCAGTTGAGTA-1,IGHV9-3,IGHJ2,CAREPSFDYW,IGKV6-15,IGKJ5,CQQYNSYPLTF
SRBC,NA,NA,TRUE,mouse,AGCAGCCCACAACTGT-1,SC22169_CTRL_AGCAGCCCACAACTGT-1,IGHV5-6,IGHJ2,CARRVPYFDYW,IGKV12-98,IGKJ1,CQQLYSTWTF
SRBC,NA,NA,TRUE,mouse,AGCAGCCCATACTCTT-1,SC22169_CTRL_AGCAGCCCATACTCTT-1,IGHV1-87,IGHJ2,CARGFYDGRGYW,IGKV14-111,IGKJ2,CLQYDEFPPYTF
SRBC,NA,NA,TRUE,mouse,AGCAGCCTCCATGCTC-1,SC22169_CTRL_AGCAGCCTCCATGCTC-1,IGHV1-47-3,IGHJ4,CTRGGYYGNRGAMDYW,IGKV4-55,IGKJ2,CQQWISYPPTF
SRBC,NA,NA,TRUE,mouse,AGCATACAGTCCGTAT-1,SC22169_CTRL_AGCATACAGTCCGTAT-1,IGHV1-14,IGHJ4,CARSSGLRLQGAMDYW,IGKV16-104,IGKJ1,CQQHNEYPWTF
SRBC,NA,NA,TRUE,mouse,AGCATACCACTTAACG-1,SC22169_CTRL_AGCATACCACTTAACG-1,IGHV5-4,IGHJ1,CARLGYGSTYWYFDVW,IGKV5-48,IGKJ1,CQQSNNWPRTF
SRBC,NA,NA,TRUE,mouse,AGCGGTCAGATCTGCT-1,SC22169_CTRL_AGCGGTCAGATCTGCT-1,IGHV1-18-65,IGHJ1,CARLGYYGSSSYYYFAVW,IGKV4-59,IGKJ5,CQQWSINPLTF
SRBC,NA,NA,TRUE,mouse,AGCGTATGTACACCGC-1,SC22169_CTRL_AGCGTATGTACACCGC-1,IGHV1-47-36,IGHJ1,CARSRGYYYGSSLFWYFDVW,IGKV3-12,IGKJ2,CQHSRELPYTF
SRBC,NA,NA,TRUE,mouse,AGCTCCTGTCTCTCTG-1,SC22169_CTRL_AGCTCCTGTCTCTCTG-1,IGHV5-17,IGHJ2,CAVLPLDFGLDYW,IGKV19-93,IGKJ1,CLQYDNLWTF
SRBC,NA,NA,TRUE,mouse,AGCTCTCCATTTCAGG-1,SC22169_CTRL_AGCTCTCCATTTCAGG-1,IGHV2-9,IGHJ2,CARAGRSYYGGFFDYW,IGKV10-96,IGKJ1,CQQGNTLPWTF
SRBC,NA,NA,TRUE,mouse,AGCTTGAAGAACTGTA-1,SC22169_CTRL_AGCTTGAAGAACTGTA-1,IGHV14-4,IGHJ4,CNALTTATSMDYW,IGKV6-15,IGKJ2,CQQYNSYPYTF
SRBC,NA,NA,TRUE,mouse,AGCTTGACATAGGATA-1,SC22169_CTRL_AGCTTGACATAGGATA-1,IGHV1-81,IGHJ3,CARYGFYYGNYEIGYW,IGKV1-110,IGKJ2,CSQSTHVPYTF
SRBC,NA,NA,TRUE,mouse,AGCTTGACATCACAAC-1,SC22169_CTRL_AGCTTGACATCACAAC-1,IGHV1-69-7,IGHJ2,CAREGLYGSSLYYFDYW,IGKV6-15,IGKJ2,CQQYNSYPYTF
SRBC,NA,NA,TRUE,mouse,AGCTTGAGTCCTGCTT-1,SC22169_CTRL_AGCTTGAGTCCTGCTT-1,IGHV2-6,IGHJ3,CAIIYYGYDGGFAYW,IGKV6-17,IGKJ1,CQQHDSSPRTF
SRBC,NA,NA,TRUE,mouse,AGCTTGATCAAGGCTT-1,SC22169_CTRL_AGCTTGATCAAGGCTT-1,IGHV1-74,IGHJ1,CALIPVITTVDWYFDVW,IGKV2-109,IGKJ5,CAQNLELPLTF
SRBC,NA,NA,TRUE,mouse,AGGCCACCAAGCCTAT-1,SC22169_CTRL_AGGCCACCAAGCCTAT-1,IGHV2-5,IGHJ4,CAKKIHEWGAMDYW,IGKV17-121,IGKJ2,CLQSDNLPYTF
SRBC,NA,NA,TRUE,mouse,AGGCCGTAGATATGGT-1,SC22169_CTRL_AGGCCGTAGATATGGT-1,IGHV1-9,IGHJ3,CARGSRFAYW,IGKV1-117,IGKJ5,CSQSTHVPLTF
SRBC,NA,NA,TRUE,mouse,AGGCCGTGTTAAGATG-1,SC22169_CTRL_AGGCCGTGTTAAGATG-1,IGHV1-42-1,IGHJ4,CASDYGNYGAMDYW,IGKV1-135,IGKJ5,CWQGTHFPLTF
SRBC,NA,NA,TRUE,mouse,AGGGAGTAGACTTGAA-1,SC22169_CTRL_AGGGAGTAGACTTGAA-1,IGHV1-58,IGHJ2,CARGQWFDYW,IGKV1-110,IGKJ2,CSQSTHVPYTF
SRBC,NA,NA,TRUE,mouse,AGGGAGTAGGAATGGA-1,SC22169_CTRL_AGGGAGTAGGAATGGA-1,IGHV1-9,IGHJ2,CARRRYYGSSYFFDYW,IGKV12-46,IGKJ2,CQHFWGTPYTF
SRBC,NA,NA,TRUE,mouse,AGGGATGGTAGCGCTC-1,SC22169_CTRL_AGGGATGGTAGCGCTC-1,IGHV2-9,IGHJ3,CAGYYDYDLAYW,IGKV4-55,IGKJ5,CQQWSSYPLTF
SRBC,NA,NA,TRUE,mouse,AGGGTGACAGACTCGC-1,SC22169_CTRL_AGGGTGACAGACTCGC-1,IGHV1-19,IGHJ2,CAKAGWDDDFDYW,IGKV1-135,IGKJ1,CWQGTHFPQTF
SRBC,NA,NA,TRUE,mouse,AGGGTGAGTCTGGAGA-1,SC22169_CTRL_AGGGTGAGTCTGGAGA-1,IGHV1-18-65,IGHJ2,CARRRFYGSDYFDYW,IGKV1-110,IGKJ1,CSQSTHVPPTF
SRBC,NA,NA,TRUE,mouse,AGGTCATGTTTGTTGG-1,SC22169_CTRL_AGGTCATGTTTGTTGG-1,IGHV1-18,IGHJ3,CARGEDGKEDWFAYW,IGKV4-61,IGKJ1,CQQYHSYPPTF
SRBC,NA,NA,TRUE,mouse,AGGTCCGGTGGTAACG-1,SC22169_CTRL_AGGTCCGGTGGTAACG-1,IGHV1-62-2,IGHJ2,CARHGIIGFDYW,IGKV2-137,IGKJ2,CMQHLEYPYTF
SRBC,NA,NA,TRUE,mouse,AGTCTTTGTACCTACA-1,SC22169_CTRL_AGTCTTTGTACCTACA-1,IGHV2-5,IGHJ1,CAKTNFYYWYFDVW,IGLV1,IGLJ1,CALWYSNHWVF
SRBC,NA,NA,TRUE,mouse,AGTGAGGAGCGATCCC-1,SC22169_CTRL_AGTGAGGAGCGATCCC-1,IGHV1-87,IGHJ1,CARWRYDGYWYFDVW,IGLV1,IGLJ1,CALWYSNHFWVF
SRBC,NA,NA,TRUE,mouse,AGTGAGGGTAGGACAC-1,SC22169_CTRL_AGTGAGGGTAGGACAC-1,IGHV1-47-27,IGHJ3,CAANWDDGAYW,IGKV19-93,IGKJ1,CLQYDEFPPTF
SRBC,NA,NA,TRUE,mouse,AGTGAGGGTCTAACGT-1,SC22169_CTRL_AGTGAGGGTCTAACGT-1,IGHV7-3,IGHJ2,CARERRFGYYFDYW,IGLV1,IGLJ1,CALWYSNHWVF
SRBC,NA,NA,TRUE,mouse,AGTGAGGGTTCGTTGA-1,SC22169_CTRL_AGTGAGGGTTCGTTGA-1,IGHV2-6-4,IGHJ2,CARNYYDYAFDYW,IGKV6-15,IGKJ5,CQQYNSYSFTF
SRBC,NA,NA,TRUE,mouse,AGTGAGGTCACCCGAG-1,SC22169_CTRL_AGTGAGGTCACCCGAG-1,IGHV1-47-14,IGHJ1,CARERGTYYGIDVW,IGKV3-5,IGKJ1,CQQSNEDPRTF
SRBC,NA,NA,TRUE,mouse,AGTGGGACACAGGAGT-1,SC22169_CTRL_AGTGGGACACAGGAGT-1,IGHV1-81,IGHJ2,CARGIGFYYGSNFDYW,IGKV1-110,IGKJ2,CSQSTHVPYTF
SRBC,NA,NA,TRUE,mouse,AGTGGGAGTAAGTTCC-1,SC22169_CTRL_AGTGGGAGTAAGTTCC-1,IGHV9-3-1,IGHJ2,CANGNPYYFDYW,IGLV1,IGLJ3,CTLWYSNHFIF
SRBC,NA,NA,TRUE,mouse,AGTGGGAGTACATGTC-1,SC22169_CTRL_AGTGGGAGTACATGTC-1,IGHV1-69,IGHJ1,CARGGDDGYLYWYFDVW,IGKV5-39,IGKJ1,CQNGHSFPRTF
SRBC,NA,NA,TRUE,mouse,AGTGGGAGTGGGTATG-1,SC22169_CTRL_AGTGGGAGTGGGTATG-1,IGHV1-69-7,IGHJ3,CARGAQYGNYVGWFAYW,IGKV1-110,IGKJ2,CSQSTHVPYTF
SRBC,NA,NA,TRUE,mouse,AGTGGGATCACAGTAC-1,SC22169_CTRL_AGTGGGATCACAGTAC-1,IGHV1-42-1,IGHJ4,CARRVHWDGYYYAMDYW,IGKV10-96,IGKJ1,CQQGNTLPWTF
SRBC,NA,NA,TRUE,mouse,AGTGGGATCTTACCGC-1,SC22169_CTRL_AGTGGGATCTTACCGC-1,IGHV5-17,IGHJ4,CARGGLRQGAMDYW,IGKV15-103,IGKJ2,CQQGQSYPYTF
SRBC,NA,NA,TRUE,mouse,AGTGTCAGTAGAGTGC-1,SC22169_CTRL_AGTGTCAGTAGAGTGC-1,IGHV1-47-46,IGHJ1,CSTSYWYFDVW,IGKV14-111,IGKJ2,CLQYDEFPYTF
SRBC,NA,NA,TRUE,mouse,AGTGTCAGTGTGGCTC-1,SC22169_CTRL_AGTGTCAGTGTGGCTC-1,IGHV1-42-1,IGHJ4,CARSGVFYYAMDYW,IGKV6-17,IGKJ5,CQQHYSTPLTF
SRBC,NA,NA,TRUE,mouse,AGTGTCATCAGCGACC-1,SC22169_CTRL_AGTGTCATCAGCGACC-1,IGHV1-81,IGHJ2,CARKGMVTTFFDYW,IGKV9-120,IGKJ4,CLQYASSPFTF
SRBC,NA,NA,TRUE,mouse,AGTTGGTAGCTGAACG-1,SC22169_CTRL_AGTTGGTAGCTGAACG-1,IGHV1-63,IGHJ3,CAIYSNYDLFAYW,IGKV8-24,IGKJ5,CQQHYSTPLTF
SRBC,NA,NA,TRUE,mouse,AGTTGGTCAATCCAAC-1,SC22169_CTRL_AGTTGGTCAATCCAAC-1,IGHV5-6,IGHJ2,CARQSDIDYW,IGKV1-135,IGKJ2,CWQGTHFPYTF
SRBC,NA,NA,TRUE,mouse,ATAACGCAGCTTATCG-1,SC22169_CTRL_ATAACGCAGCTTATCG-1,IGHV9-3-1,IGHJ4,CARDGDYYYAMDYR,IGKV15-103,IGKJ1,CQQGQSYPWTF
SRBC,NA,NA,TRUE,mouse,ATAACGCAGTCGATAA-1,SC22169_CTRL_ATAACGCAGTCGATAA-1,IGHV8-4-4,IGHJ4,CARGYYYGSSYYAMDYW,IGLV1,IGLJ1,CALWYSNHWVF
SRBC,NA,NA,TRUE,mouse,ATAACGCCATAGAAAC-1,SC22169_CTRL_ATAACGCCATAGAAAC-1,IGHV10-3,IGHJ4,CVRGDYGNYLHYYAMDYW,IGLV1,IGLJ1,CALWYSNRWVF
SRBC,NA,NA,TRUE,mouse,ATAACGCCATATGCTG-1,SC22169_CTRL_ATAACGCCATATGCTG-1,IGHV1-20,IGHJ2,CARYGNFLPFDYW,IGKV1-117,IGKJ1,CSQSTHVPWTF
SRBC,NA,NA,TRUE,mouse,ATAAGAGAGCTAGTCT-1,SC22169_CTRL_ATAAGAGAGCTAGTCT-1,IGHV8-8,IGHJ4,CARIVYYDYDISMDYW,IGLV1,IGLJ1,CALWYSNHLVF
SRBC,NA,NA,TRUE,mouse,ATAAGAGGTGCCTGGT-1,SC22169_CTRL_ATAAGAGGTGCCTGGT-1,IGHV14-3,IGHJ4,CVRGYLYDGYYYAMDYW,IGKV14-111,IGKJ2,CLQFDEFPYTF
SRBC,NA,NA,TRUE,mouse,ATAGACCAGAATGTTG-1,SC22169_CTRL_ATAGACCAGAATGTTG-1,IGHV5-17,IGHJ4,CARSGYYGPYALDYW,IGLV2,IGLJ2,CALWYSTHFVF
SRBC,NA,NA,TRUE,mouse,ATAGACCAGGACCACA-1,SC22169_CTRL_ATAGACCAGGACCACA-1,IGHV8-8,IGHJ1,CARIAGAVVAPYWYFDVW,IGKV5-48,IGKJ5,CQQSNSWPLTF
SRBC,NA,NA,TRUE,mouse,ATAGACCGTATGCTTG-1,SC22169_CTRL_ATAGACCGTATGCTTG-1,IGHV2-9-1,IGHJ4,CARNPAGALLRRNAMDYW,IGKV3-1,IGKJ5,CQQSRKVPLTF
SRBC,NA,NA,TRUE,mouse,ATCACGAGTACAGACG-1,SC22169_CTRL_ATCACGAGTACAGACG-1,IGHV1-12,IGHJ2,CARDSYYFDYW,IGKV1-110,IGKJ1,CSQSTHVPWTF
SRBC,NA,NA,TRUE,mouse,ATCACGAGTTGGACCC-1,SC22169_CTRL_ATCACGAGTTGGACCC-1,IGHV1-80,IGHJ2,CARFFGYILDYW,IGKV6-23,IGKJ2,CQQYSSYPFTF
SRBC,NA,NA,TRUE,mouse,ATCACGATCTGTCTAT-1,SC22169_CTRL_ATCACGATCTGTCTAT-1,IGHV1-47-14,IGHJ4,CTRSSYYGLYYYAMDYW,IGKV1-110,IGKJ1,CSQTTHIPWTF
SRBC,NA,NA,TRUE,mouse,ATCACGATCTTCTGGC-1,SC22169_CTRL_ATCACGATCTTCTGGC-1,IGHV2-6,IGHJ3,CASAGYYYGSRGFAYW,IGKV6-15,IGKJ2,CQQYNSYRYTF
SRBC,NA,NA,TRUE,mouse,ATCATGGCAATTCCTT-1,SC22169_CTRL_ATCATGGCAATTCCTT-1,IGHV1-42-1,IGHJ2,CARDYYGFYFDYW,IGKV4-57-1,IGKJ1,CQQYSGYPWTF
SRBC,NA,NA,TRUE,mouse,ATCCACCAGATCCGAG-1,SC22169_CTRL_ATCCACCAGATCCGAG-1,IGHV5-16,IGHJ2,CAREDYGSSGYFDYW,IGKV10-96,IGKJ2,CQQGNTLPYTF
SRBC,NA,NA,TRUE,mouse,ATCCACCCACCACCAG-1,SC22169_CTRL_ATCCACCCACCACCAG-1,IGHV1-18-11,IGHJ4,CARRVRDYAMDYW,IGKV6-13,IGKJ5,CQQYSSYPLTF
SRBC,NA,NA,TRUE,mouse,ATCCACCTCGCGTTTC-1,SC22169_CTRL_ATCCACCTCGCGTTTC-1,IGHV5-6,IGHJ2,CARRVPYFDYW,IGKV12-98,IGKJ1,CQQLYSTWTF
SRBC,NA,NA,TRUE,mouse,ATCCGAAAGCCTATGT-1,SC22169_CTRL_ATCCGAAAGCCTATGT-1,IGHV1-47-8,IGHJ3,CAYDAYW,IGKV1-135,IGKJ2,CWQGTHFPYTF
SRBC,NA,NA,TRUE,mouse,ATCCGAAGTCCATGAT-1,SC22169_CTRL_ATCCGAAGTCCATGAT-1,IGHV8-12,IGHJ4,CARTDGYPHYYAMDYW,IGKV10-96,IGKJ1,CQQGNTLPWTF
SRBC,NA,NA,TRUE,mouse,ATCTACTCATCACCCT-1,SC22169_CTRL_ATCTACTCATCACCCT-1,IGHV5-9,IGHJ4,CARQTRRYGGGYAMDYW,IGKV8-28,IGKJ5,CQNDHSYPLTF
SRBC,NA,NA,TRUE,mouse,ATCTACTCATCGACGC-1,SC22169_CTRL_ATCTACTCATCGACGC-1,IGHV9-1,IGHJ4,CAKMATMTAMDYW,IGKV8-30,IGKJ1,CQQYYTYPWTF
SRBC,NA,NA,TRUE,mouse,ATCTGCCCAAGTAATG-1,SC22169_CTRL_ATCTGCCCAAGTAATG-1,IGHV9-3-1,IGHJ2,CARSISTTVVEFDYW,IGKV19-93,IGKJ1,CLQYDNLRTF
SRBC,NA,NA,TRUE,mouse,ATCTGCCGTCATTAGC-1,SC22169_CTRL_ATCTGCCGTCATTAGC-1,IGHV1-42-1,IGHJ1,CARVYYGSSYGYFDVW,IGKV14-111,IGKJ5,CLQYDEFPLTF
SRBC,NA,NA,TRUE,mouse,ATCTGCCTCGGCGCAT-1,SC22169_CTRL_ATCTGCCTCGGCGCAT-1,IGHV1-66,IGHJ2,CSYFSNYYYFDYW,IGLV1,IGLJ1,CALWYSNHWVF
SRBC,NA,NA,TRUE,mouse,ATGAGGGCACCCATGG-1,SC22169_CTRL_ATGAGGGCACCCATGG-1,IGHV5-17,IGHJ2,CARPLFYYYYDTAYW,IGKV1-110,IGKJ4,CSQSTHVPFTF
SRBC,NA,NA,TRUE,mouse,ATGAGGGTCTGCTGCT-1,SC22169_CTRL_ATGAGGGTCTGCTGCT-1,IGHV5-12,IGHJ3,CARRPYGNYGWFAYW,IGKV6-23,IGKJ4,CQQYSSYPLTF
SRBC,NA,NA,TRUE,mouse,ATGCGATAGAGAGCTC-1,SC22169_CTRL_ATGCGATAGAGAGCTC-1,IGHV9-4,IGHJ3,CARSGLYYYGGNYGFAYW,IGLV1,IGLJ1,CALWYSNHWVF
SRBC,NA,NA,TRUE,mouse,ATGCGATCAATGGAAT-1,SC22169_CTRL_ATGCGATCAATGGAAT-1,IGHV1-15,IGHJ2,CTRHPDSYYGSRRENYFDYW,IGKV1-110,IGKJ2,CSQSTHVPYTF
SRBC,NA,NA,TRUE,mouse,ATGGGAGCACCCAGTG-1,SC22169_CTRL_ATGGGAGCACCCAGTG-1,IGHV10-1-2,IGHJ3,CVGGPWFASW,IGLV1,IGLJ1,CALWYSNHWVF
SRBC,NA,NA,TRUE,mouse,ATGTGTGAGCTGCCCA-1,SC22169_CTRL_ATGTGTGAGCTGCCCA-1,IGHV1-14,IGHJ4,CARGGLYAMDYW,IGKV1-110,IGKJ4,CSQSTHVPFTF
SRBC,NA,NA,TRUE,mouse,ATGTGTGCAGATGGGT-1,SC22169_CTRL_ATGTGTGCAGATGGGT-1,IGHV14-3,IGHJ1,CARGDGYKYFDVW,IGKV5-48,IGKJ5,CQQSNSWPLTF
SRBC,NA,NA,TRUE,mouse,ATGTGTGGTCTAGCGC-1,SC22169_CTRL_ATGTGTGGTCTAGCGC-1,IGHV9-1,IGHJ2,CARGGYGNYFDYW,IGKV5-48,IGKJ5,CQQSNTWPLTF
SRBC,NA,NA,TRUE,mouse,ATTACTCAGAGGGATA-1,SC22169_CTRL_ATTACTCAGAGGGATA-1,IGHV4-1,IGHJ4,CARYLLWYAMDYW,IGKV10-94,IGKJ1,CQQCSNLPWTF
SRBC,NA,NA,TRUE,mouse,ATTACTCCACACTGCG-1,SC22169_CTRL_ATTACTCCACACTGCG-1,IGHV1-42,IGHJ2,CARRNYYGTGLDYW,IGKV1-117,IGKJ1,CFQGSHVPWTF
SRBC,NA,NA,TRUE,mouse,ATTATCCTCGGTCCGA-1,SC22169_CTRL_ATTATCCTCGGTCCGA-1,IGHV9-4,IGHJ4,CARVDGNVDYW,IGKV1-117,IGKJ1,CFQGSHVPWTF
SRBC,NA,NA,TRUE,mouse,ATTCTACAGAAACCAT-1,SC22169_CTRL_ATTCTACAGAAACCAT-1,IGHV2-3,IGHJ4,CASLRYLGALDYW,IGKV19-93,IGKJ5,CLQYDNLLLTF
SRBC,NA,NA,TRUE,mouse,ATTGGTGAGATCACGG-1,SC22169_CTRL_ATTGGTGAGATCACGG-1,IGHV1-47-27,IGHJ1,CARIGDGYYGWYFDVW,IGKV6-17,IGKJ2,CQQHYNTPYTF
SRBC,NA,NA,TRUE,mouse,ATTGGTGCAATCACAC-1,SC22169_CTRL_ATTGGTGCAATCACAC-1,IGHV1-52,IGHJ3,CAGAPITMEAWFAYW,IGKV6-13,IGKJ4,CQQYSSYPFTF
SRBC,NA,NA,TRUE,mouse,ATTGGTGCACGAAATA-1,SC22169_CTRL_ATTGGTGCACGAAATA-1,IGHV1-47-46,IGHJ2,CTRKGLYYGYPYYFDYW,IGKV1-117,IGKJ1,CSQSTHVPWTF
SRBC,NA,NA,TRUE,mouse,ATTGGTGTCCATGAAC-1,SC22169_CTRL_ATTGGTGTCCATGAAC-1,IGHV1-42,IGHJ2,CARRYYYGSSHFDYW,IGKV1-117,IGKJ2,CFQGSHVPPTF
SRBC,NA,NA,TRUE,mouse,ATTTCTGAGGTGCACA-1,SC22169_CTRL_ATTTCTGAGGTGCACA-1,IGHV1-42-1,IGHJ1,CARNYDYDGRGYWYFDVW,IGKV10-94,IGKJ1,CQQYSNLPWTF
SRBC,NA,NA,TRUE,mouse,ATTTCTGGTAAAGTCA-1,SC22169_CTRL_ATTTCTGGTAAAGTCA-1,IGHV5-6-5,IGHJ4,CARNPSW,IGKV8-21,IGKJ5,CKQSYNLFTF
SRBC,NA,NA,TRUE,mouse,ATTTCTGTCCGCATAA-1,SC22169_CTRL_ATTTCTGTCCGCATAA-1,IGHV1-19,IGHJ2,CAKAGWDDDFDYW,IGKV1-135,IGKJ1,CWQGTHFPQTF
SRBC,NA,NA,TRUE,mouse,CAACCAAAGCATCATC-1,SC22169_CTRL_CAACCAAAGCATCATC-1,IGHV5-12-2,IGHJ4,CARQEYDNYFYYGMDYW,IGKV10-94,IGKJ1,CQQYSKLPWTF
SRBC,NA,NA,TRUE,mouse,CAACCAACAAGCGCTC-1,SC22169_CTRL_CAACCAACAAGCGCTC-1,IGHV3-2,IGHJ2,CARSVRYGLYYFDYW,IGKV12-44,IGKJ5,CQHHYGIPPLTF
SRBC,NA,NA,TRUE,mouse,CAACCAATCGGCTTGG-1,SC22169_CTRL_CAACCAATCGGCTTGG-1,IGHV1-7,IGHJ3,CASPPITTVVAGDWFAYW,IGKV4-72,IGKJ1,CQQWSSNPRTF
SRBC,NA,NA,TRUE,mouse,CAACCTCAGAGAGCTC-1,SC22169_CTRL_CAACCTCAGAGAGCTC-1,IGHV9-1,IGHJ3,CARGDGNYEGFAYW,IGKV10-96,IGKJ1,CQQGNTLPWTF
SRBC,NA,NA,TRUE,mouse,CAACCTCTCGTGACAT-1,SC22169_CTRL_CAACCTCTCGTGACAT-1,IGHV2-6,IGHJ4,CASGLTGTGAMDYW,IGKV8-24,IGKJ5,CQQHYSTPLTF
SRBC,NA,NA,TRUE,mouse,CAACCTCTCTCCAACC-1,SC22169_CTRL_CAACCTCTCTCCAACC-1,IGHV5-9,IGHJ3,CARQNYRNYQFAYW,IGKV6-15,IGKJ5,CQQYNSYPLTF
SRBC,NA,NA,TRUE,mouse,CAACTAGCAGTCTTCC-1,SC22169_CTRL_CAACTAGCAGTCTTCC-1,IGHV1-53,IGHJ2,CAREREFITTVVATDYFDYW,IGKV10-95,IGKJ1,CQQYSKLPRTF
SRBC,NA,NA,TRUE,mouse,CAACTAGTCGCAAGCC-1,SC22169_CTRL_CAACTAGTCGCAAGCC-1,IGHV1-47-30,IGHJ3,CARHEGWRDGYYGFAYW,IGKV2-137,IGKJ2,CMQHLEYPYTF
SRBC,NA,NA,TRUE,mouse,CAAGAAAAGTAGATGT-1,SC22169_CTRL_CAAGAAAAGTAGATGT-1,IGHV1-15,IGHJ3,CTFDGQGGFAYW,IGKV1-110,IGKJ4,CSQSTHVPFTF
SRBC,NA,NA,TRUE,mouse,CAAGAAAGTAGAGCTG-1,SC22169_CTRL_CAAGAAAGTAGAGCTG-1,IGHV2-6-5,IGHJ3,CAMWGLRVYW,IGKV1-117,IGKJ2,CFQGSHVPYTF
SRBC,NA,NA,TRUE,mouse,CAAGAAAGTTGCTCCT-1,SC22169_CTRL_CAAGAAAGTTGCTCCT-1,IGHV1-42-1,IGHJ2,CARDYYGNHFDYW,IGKV14-111,IGKJ2,CLQYDEFPYTF
SRBC,NA,NA,TRUE,mouse,CAAGATCGTGACGCCT-1,SC22169_CTRL_CAAGATCGTGACGCCT-1,IGHV8-8,IGHJ2,CARIGYYGNTFDYW,IGKV1-135,IGKJ1,CRQGTHFPWTF
SRBC,NA,NA,TRUE,mouse,CAAGATCTCCTAGAAC-1,SC22169_CTRL_CAAGATCTCCTAGAAC-1,IGHV8-8,IGHJ3,CARIASDSSGYRFAYW,IGKV17-121,IGKJ4,CLQSDNLPFTF
SRBC,NA,NA,TRUE,mouse,CAAGGCCAGTGCGATG-1,SC22169_CTRL_CAAGGCCAGTGCGATG-1,IGHV14-3,IGHJ4,CARDYYGSSSRVYAMDYW,IGKV15-103,IGKJ1,CQQGQSYPWTF
SRBC,NA,NA,TRUE,mouse,CAAGGCCGTCTTGTCC-1,SC22169_CTRL_CAAGGCCGTCTTGTCC-1,IGHV1-81,IGHJ4,CARLWDYDGPGYW,IGKV4-57,IGKJ4,CQQRSSYPFTF
SRBC,NA,NA,TRUE,mouse,CAAGGCCTCCTAAGTG-1,SC22169_CTRL_CAAGGCCTCCTAAGTG-1,IGHV1-64,IGHJ1,CARKGYYSTWYFDVW,IGKV1-117,IGKJ5,CFQGSHVPLTF
SRBC,NA,NA,TRUE,mouse,CAAGTTGGTTCAGCGC-1,SC22169_CTRL_CAAGTTGGTTCAGCGC-1,IGHV1-42-1,IGHJ2,CARDYYGSSFDYW,IGKV12-44,IGKJ1,CQHHYGTPRTF
SRBC,NA,NA,TRUE,mouse,CAAGTTGTCCTAGTGA-1,SC22169_CTRL_CAAGTTGTCCTAGTGA-1,IGHV1-81,IGHJ1,CARRGPSLEYFDVW,IGKV6-15,IGKJ2,CQQYNSYPYTF
SRBC,NA,NA,TRUE,mouse,CACAAACAGTAAGTAC-1,SC22169_CTRL_CACAAACAGTAAGTAC-1,IGHV9-3,IGHJ2,CARSDGYGDYW,IGKV9-120,IGKJ1,CLQYASSPWTF
SRBC,NA,NA,TRUE,mouse,CACAAACCAATGTAAG-1,SC22169_CTRL_CACAAACCAATGTAAG-1,IGHV1-9,IGHJ4,CARSASKWRAMDYW,IGKV16-104,IGKJ1,CQQHNEYPWTF
SRBC,NA,NA,TRUE,mouse,CACAAACTCGTCCGTT-1,SC22169_CTRL_CACAAACTCGTCCGTT-1,IGHV1-64,IGHJ1,CARRSYYYWYFDVW,IGLV2,IGLJ2,CALWYSTHYVF
SRBC,NA,NA,TRUE,mouse,CACACCTAGGACAGAA-1,SC22169_CTRL_CACACCTAGGACAGAA-1,IGHV1-26,IGHJ2,CARFSYYTVDYW,IGKV4-91,IGKJ5,CQQGSSIPLTF
SRBC,NA,NA,TRUE,mouse,CACACCTCAAGCGTAG-1,SC22169_CTRL_CACACCTCAAGCGTAG-1,IGHV9-3-1,IGHJ1,CARRGMNWYFDVW,IGKV12-46,IGKJ1,CQHFWGSPPTF
SRBC,NA,NA,TRUE,mouse,CACACTCCAGGACGTA-1,SC22169_CTRL_CACACTCCAGGACGTA-1,IGHV1-42-1,IGHJ4,CARYDGNWDYYAMDYW,IGKV6-15,IGKJ5,CQQYNSYPLTF
SRBC,NA,NA,TRUE,mouse,CACACTCCATGCAATC-1,SC22169_CTRL_CACACTCCATGCAATC-1,IGHV1-62-2,IGHJ3,CARHEDNYGTSYVEFAYW,IGKV2-137,IGKJ2,CMQHLEYPYTF
SRBC,NA,NA,TRUE,mouse,CACACTCGTCGCATAT-1,SC22169_CTRL_CACACTCGTCGCATAT-1,IGHV5-17,IGHJ4,CARFHYYGSSYGAMDYW,IGKV1-110,IGKJ5,CSQSTHVPPAF
SRBC,NA,NA,TRUE,mouse,CACACTCTCAGTTTGG-1,SC22169_CTRL_CACACTCTCAGTTTGG-1,IGHV1-9,IGHJ3,CARSSTMVKAYW,IGLV1,IGLJ1,CALWYSNLWVF
SRBC,NA,NA,TRUE,mouse,CACAGGCAGAGGTAGA-1,SC22169_CTRL_CACAGGCAGAGGTAGA-1,IGHV14-3,IGHJ4,CARDPLLLRSSRYAMDYW,IGKV14-111,IGKJ2,CLQYDEFPYTF
SRBC,NA,NA,TRUE,mouse,CACAGGCGTACACCGC-1,SC22169_CTRL_CACAGGCGTACACCGC-1,IGHV2-2,IGHJ4,CARKRGYDGYYYYAMDYW,IGLV2,IGLJ2,CALWYSTHYVF
SRBC,NA,NA,TRUE,mouse,CACAGTAAGTGTTAGA-1,SC22169_CTRL_CACAGTAAGTGTTAGA-1,IGHV1-9,IGHJ3,CARGRNYYGSSYGWFAYW,IGKV1-117,IGKJ4,CLQGSQVPFTF
SRBC,NA,NA,TRUE,mouse,CACAGTACAAGTTCTG-1,SC22169_CTRL_CACAGTACAAGTTCTG-1,IGHV1-81,IGHJ3,CARSLYYYDSSYEFAYW,IGKV1-110,IGKJ1,CSQSTHVPWTF
SRBC,NA,NA,TRUE,mouse,CACATAGGTAGCGCTC-1,SC22169_CTRL_CACATAGGTAGCGCTC-1,IGHV2-9,IGHJ3,CARDQDNYDEGFAYW,IGKV6-20,IGKJ2,CGQSHSYPYTF
SRBC,NA,NA,TRUE,mouse,CACATAGGTATCACCA-1,SC22169_CTRL_CACATAGGTATCACCA-1,IGHV8-12,IGHJ1,CARRFYGSSSDWYFDVW,IGKV6-32,IGKJ1,CQQDYSSPWTF
SRBC,NA,NA,TRUE,mouse,CACATAGGTTACCGAT-1,SC22169_CTRL_CACATAGGTTACCGAT-1,IGHV1-69,IGHJ3,CAKKGRGGYYPFAYW,IGKV3-12,IGKJ4,CQHSRELPFTF
SRBC,NA,NA,TRUE,mouse,CACATAGTCTTCGGTC-1,SC22169_CTRL_CACATAGTCTTCGGTC-1,IGHV1-42-1,IGHJ3,CARWEVKGAWFAYW,IGKV6-23,IGKJ5,CHQYSSYPLTF
SRBC,NA,NA,TRUE,mouse,CACATTTTCAGCTTAG-1,SC22169_CTRL_CACATTTTCAGCTTAG-1,IGHV1-42-1,IGHJ4,CARLWSYAMDYW,IGKV14-111,IGKJ2,CLQYDELYTF
SRBC,NA,NA,TRUE,mouse,CACCACTAGATGTTAG-1,SC22169_CTRL_CACCACTAGATGTTAG-1,IGHV8-4-19,IGHJ4,CARRSVGIAYAMDYW,IGKV12-46,IGKJ1,CQHFWGTPWTF
SRBC,NA,NA,TRUE,mouse,CACCACTCACTGTCGG-1,SC22169_CTRL_CACCACTCACTGTCGG-1,IGHV5-17,IGHJ3,CARNPYYYGSSSWFAYW,IGKV15-103,IGKJ2,CQQGQSYPYTF
SRBC,NA,NA,TRUE,mouse,CACCAGGCAGTGAGTG-1,SC22169_CTRL_CACCAGGCAGTGAGTG-1,IGHV1-14,IGHJ4,CARWGWLLRDYAMDYW,IGKV16-104,IGKJ1,CQQHNEYPWTF
SRBC,NA,NA,TRUE,mouse,CACCAGGGTCGGCACT-1,SC22169_CTRL_CACCAGGGTCGGCACT-1,IGHV8-8,IGHJ1,CARIDPYYYGSSYGYFDVW,IGKV3-12,IGKJ1,CQHSRELPWTF
SRBC,NA,NA,TRUE,mouse,CACCAGGTCGTCACGG-1,SC22169_CTRL_CACCAGGTCGTCACGG-1,IGHV8-2-1,IGHJ3,CAWRELLITEAYW,IGLV1,IGLJ1,CALWYSNHWVF
SRBC,NA,NA,TRUE,mouse,CACCTTGGTTGCCTCT-1,SC22169_CTRL_CACCTTGGTTGCCTCT-1,IGHV1-47-46,IGHJ3,CSRQGGFDVRSYW,IGKV2-137,IGKJ4,CMQHLEYPFTF
SRBC,NA,NA,TRUE,mouse,CACTCCAGTCAAAGAT-1,SC22169_CTRL_CACTCCAGTCAAAGAT-1,IGHV9-2-1,IGHJ3,CARSDGYRFAYW,IGKV1-117,IGKJ1,CFQGSHVPWTF
SRBC,NA,NA,TRUE,mouse,CACTCCAGTTCGCTAA-1,SC22169_CTRL_CACTCCAGTTCGCTAA-1,IGHV1-69-8,IGHJ3,CARASYYDYDGFPYW,IGKV6-25,IGKJ5,CQQHYSTPPTF
SRBC,NA,NA,TRUE,mouse,CACTCCAGTTGATTCG-1,SC22169_CTRL_CACTCCAGTTGATTCG-1,IGHV4-1,IGHJ2,CARGAYYGNHRDFDYW,IGKV3-7,IGKJ1,CQHSWEIPPTF
SRBC,NA,NA,TRUE,mouse,CACTCCATCTGCAAGT-1,SC22169_CTRL_CACTCCATCTGCAAGT-1,IGHV14-3,IGHJ4,CGGNYAYAMDYW,IGKV17-127,IGKJ2,CLQSDNMPYTF
SRBC,NA,NA,TRUE,mouse,CAGAATCAGTCTCGGC-1,SC22169_CTRL_CAGAATCAGTCTCGGC-1,IGHV6-6,IGHJ2,CTRIGTRDYW,IGKV3-2,IGKJ1,CQQSKEVPRTF
SRBC,NA,NA,TRUE,mouse,CAGAATCAGTGGCACA-1,SC22169_CTRL_CAGAATCAGTGGCACA-1,IGHV1-18,IGHJ3,CARGDGYFIWFAYW,IGKV4-74,IGKJ5,CHQYHRSPLTF
SRBC,NA,NA,TRUE,mouse,CAGAATCGTTGCGTTA-1,SC22169_CTRL_CAGAATCGTTGCGTTA-1,IGHV14-3,IGHJ4,CARWDGNYGYAMDYW,IGKV3-1,IGKJ1,CQQSRKVPWTF
SRBC,NA,NA,TRUE,mouse,CAGAGAGCACATTAGC-1,SC22169_CTRL_CAGAGAGCACATTAGC-1,IGHV2-5,IGHJ2,CAKGGNFYGSNYFDYW,IGKV1-110,IGKJ1,CSQSTHVPWTF
SRBC,NA,NA,TRUE,mouse,CAGAGAGGTCTAGCGC-1,SC22169_CTRL_CAGAGAGGTCTAGCGC-1,IGHV1-14,IGHJ4,CARGYGNDYAMDYW,IGKV5-39,IGKJ2,CQNGHSFPSTF
SRBC,NA,NA,TRUE,mouse,CAGATCAAGGAACTGC-1,SC22169_CTRL_CAGATCAAGGAACTGC-1,IGHV1-64,IGHJ1,CARKGYYSTWYFDVW,IGKV3-2,IGKJ1,CQQSKEVPRTF
SRBC,NA,NA,TRUE,mouse,CAGATCAGTCATGCAT-1,SC22169_CTRL_CAGATCAGTCATGCAT-1,IGHV2-2,IGHJ4,CAFSPDGYYPYYYAMDYW,IGKV8-27,IGKJ2,CHQYLSSYTF
SRBC,NA,NA,TRUE,mouse,CAGCAGCGTTTAGCTG-1,SC22169_CTRL_CAGCAGCGTTTAGCTG-1,IGHV8-8,IGHJ3,CARIGNDYDGFAYW,IGKV4-59,IGKJ4,CQQWSSNPFTF
SRBC,NA,NA,TRUE,mouse,CAGCAGCTCGCATGAT-1,SC22169_CTRL_CAGCAGCTCGCATGAT-1,IGHV1-55,IGHJ1,CARCGGSSYVRYFDVW,IGKV5-43,IGKJ4,CQQSNSWPFTF
SRBC,NA,NA,TRUE,mouse,CAGCATAAGATCCGAG-1,SC22169_CTRL_CAGCATAAGATCCGAG-1,IGHV1-14,IGHJ4,CTRGGIYRYDGAMNYW,IGKV16-104,IGKJ1,CQQHNEYPWTF
SRBC,NA,NA,TRUE,mouse,CAGCATACATCACCCT-1,SC22169_CTRL_CAGCATACATCACCCT-1,IGHV1-81,IGHJ2,CAPVPVSFDYW,IGKV17-127,IGKJ5,CLQNDNMPLTF
SRBC,NA,NA,TRUE,mouse,CAGCATACATCGATTG-1,SC22169_CTRL_CAGCATACATCGATTG-1,IGHV2-5,IGHJ4,CAKREGNYGGAVDCW,IGKV17-121,IGKJ4,CLQSDNLPFTF
SRBC,NA,NA,TRUE,mouse,CAGCCGAAGGGCATGT-1,SC22169_CTRL_CAGCCGAAGGGCATGT-1,IGHV5-6-4,IGHJ4,CTRGFYDGYYDYTMDYW,IGKV6-17,IGKJ5,CQQHYNTPLTF
SRBC,NA,NA,TRUE,mouse,CAGCCGACAATGAATG-1,SC22169_CTRL_CAGCCGACAATGAATG-1,IGHV2-9,IGHJ1,CARDRFDVW,IGLV1,IGLJ1,CALWYSNHWVF
SRBC,NA,NA,TRUE,mouse,CAGCCGAGTCTCATCC-1,SC22169_CTRL_CAGCCGAGTCTCATCC-1,IGHV8-12,IGHJ2,CARRAIYYGNYDYFDYW,IGKV3-2,IGKJ5,CQQSKEVPLTF
SRBC,NA,NA,TRUE,mouse,CAGCCGATCACCGTAA-1,SC22169_CTRL_CAGCCGATCACCGTAA-1,IGHV1-80,IGHJ1,CARHHWYFDVW,IGKV16-104,IGKJ1,CQQHNEYPWTF
SRBC,NA,NA,TRUE,mouse,CAGCCGATCCACGTGG-1,SC22169_CTRL_CAGCCGATCCACGTGG-1,IGHV1-59,IGHJ2,CARSRGLPYYFDYW,IGKV8-27,IGKJ2,CHQYLSSYTF
SRBC,NA,NA,TRUE,mouse,CAGCGACCACGACGAA-1,SC22169_CTRL_CAGCGACCACGACGAA-1,IGHV5-12-2,IGHJ2,CARQITTGFDYW,IGKV12-41,IGKJ1,CQHFWSTTWTF
SRBC,NA,NA,TRUE,mouse,CAGCGACGTCCCGACA-1,SC22169_CTRL_CAGCGACGTCCCGACA-1,IGHV4-2,IGHJ4,CARLLYDYDVGAMDYW,IGKV6-23,IGKJ5,CQQYSSYPLTF
SRBC,NA,NA,TRUE,mouse,CAGCTAATCCGCGTTT-1,SC22169_CTRL_CAGCTAATCCGCGTTT-1,IGHV1-18-65,IGHJ4,CARRQSYYAMDYW,IGKV5-39,IGKJ1,CQNGHSFPWTF
SRBC,NA,NA,TRUE,mouse,CAGCTGGAGTGTTAGA-1,SC22169_CTRL_CAGCTGGAGTGTTAGA-1,IGHV1-9,IGHJ3,CALDGYPFAYW,IGKV4-69,IGKJ4,CHQRSSYPFTF
SRBC,NA,NA,TRUE,mouse,CAGCTGGGTCTCTCTG-1,SC22169_CTRL_CAGCTGGGTCTCTCTG-1,IGHV2-3,IGHJ4,CAKGRGGYYGYGAMDYW,IGKV6-15,IGKJ5,CQQYNSYPLTF
SRBC,NA,NA,TRUE,mouse,CAGCTGGGTTCCAACA-1,SC22169_CTRL_CAGCTGGGTTCCAACA-1,IGHV2-6-5,IGHJ3,CAIYGNYAWFAYW,IGKV9-124,IGKJ2,CLQYASYPYTF
SRBC,NA,NA,TRUE,mouse,CAGGTGCAGATCCTGT-1,SC22169_CTRL_CAGGTGCAGATCCTGT-1,IGHV1-64,IGHJ1,CARKGYYSTWYFDVW,IGKV1-117,IGKJ5,CFQGSHVPLTF
SRBC,NA,NA,TRUE,mouse,CAGGTGCGTAATCACC-1,SC22169_CTRL_CAGGTGCGTAATCACC-1,IGHV2-5-1,IGHJ4,CAKKGGPYGNYDLAMDYW,IGKV3-2,IGKJ1,CQQSKEVPWTF
SRBC,NA,NA,TRUE,mouse,CAGGTGCTCTAACTCT-1,SC22169_CTRL_CAGGTGCTCTAACTCT-1,IGHV5-9,IGHJ2,CARQKDSSGYSFDYW,IGKV1-117,IGKJ1,CFQGSHVPWTF
SRBC,NA,NA,TRUE,mouse,CAGGTGCTCTCTAGGA-1,SC22169_CTRL_CAGGTGCTCTCTAGGA-1,IGHV1-81,IGHJ3,CARSLYYYGSSYEFAYW,IGKV1-110,IGKJ5,CFQGSYVPLTF
SRBC,NA,NA,TRUE,mouse,CAGTAACGTCCATCCT-1,SC22169_CTRL_CAGTAACGTCCATCCT-1,IGHV2-5-1,IGHJ4,CANYDHYAMDYW,IGKV4-57,IGKJ2,CQQRSSYPYTF
SRBC,NA,NA,TRUE,mouse,CAGTAACGTTTGGCGC-1,SC22169_CTRL_CAGTAACGTTTGGCGC-1,IGHV9-3,IGHJ2,CGRRGIDYW,IGLV1,IGLJ1,CALWYSNHWVF
SRBC,NA,NA,TRUE,mouse,CAGTAACTCACGCATA-1,SC22169_CTRL_CAGTAACTCACGCATA-1,IGHV1-52,IGHJ4,CAREPHYYAMDYW,IGKV1-110,IGKJ1,CSQSTHVPWTF
SRBC,NA,NA,TRUE,mouse,CAGTCCTAGCGTCAAG-1,SC22169_CTRL_CAGTCCTAGCGTCAAG-1,IGHV1-81,IGHJ3,CARSLYYYGSSYEFAYW,IGKV1-110,IGKJ1,CSQSTHVPWTF
SRBC,NA,NA,TRUE,mouse,CAGTCCTCAGAGCCAA-1,SC22169_CTRL_CAGTCCTCAGAGCCAA-1,IGHV5-12-2,IGHJ3,CAAIYYDYDGFAYW,IGKV4-57-1,IGKJ5,CQQYSGYPLITF
SRBC,NA,NA,TRUE,mouse,CATCAAGAGTGGTAAT-1,SC22169_CTRL_CATCAAGAGTGGTAAT-1,IGHV14-4,IGHJ3,CTTGGNYEGFAYW,IGLV1,IGLJ1,CALWYSNHWVF
SRBC,NA,NA,TRUE,mouse,CATCAAGCATTACGAC-1,SC22169_CTRL_CATCAAGCATTACGAC-1,IGHV3-2,IGHJ3,CARGSGYVGTYW,IGKV6-25,IGKJ1,CQQHYSTPRTF
SRBC,NA,NA,TRUE,mouse,CATCAGACATGATCCA-1,SC22169_CTRL_CATCAGACATGATCCA-1,IGHV1-18-14,IGHJ4,CTKNYGDYYAMDYW,IGKV19-93,IGKJ2,CLQYDNLYTF
SRBC,NA,NA,TRUE,mouse,CATCAGAGTGTTGGGA-1,SC22169_CTRL_CATCAGAGTGTTGGGA-1,IGHV1-47-36,IGHJ2,CARGKLLRLPNYFDYW,IGKV12-44,IGKJ5,CQHHYGTPLTF
SRBC,NA,NA,TRUE,mouse,CATCCACAGCCTATGT-1,SC22169_CTRL_CATCCACAGCCTATGT-1,IGHV1-62-2,IGHJ3,CARHGYDYGEFAYW,IGKV2-137,IGKJ2,CMQHLEYPYTF
SRBC,NA,NA,TRUE,mouse,CATCCACCACATCCGG-1,SC22169_CTRL_CATCCACCACATCCGG-1,IGHV1-62-2,IGHJ3,CARHDPLGFAYW,IGKV2-137,IGKJ2,CMQHLEYPYTF
SRBC,NA,NA,TRUE,mouse,CATCCACCATGAAGTA-1,SC22169_CTRL_CATCCACCATGAAGTA-1,IGHV10-1,IGHJ1,CVRHGYWYFDVW,IGKV3-4,IGKJ4,CQQSNEDPFTF
SRBC,NA,NA,TRUE,mouse,CATCCACGTCCGAGTC-1,SC22169_CTRL_CATCCACGTCCGAGTC-1,IGHV9-3,IGHJ2,CARRGIDYW,IGLV1,IGLJ1,CALWYSNHWVF
SRBC,NA,NA,TRUE,mouse,CATCCACGTTCCTCCA-1,SC22169_CTRL_CATCCACGTTCCTCCA-1,IGHV1-78,IGHJ2,CARCPLYGNYFDYW,IGKV8-30,IGKJ4,CQQYYSYPFTF
SRBC,NA,NA,TRUE,mouse,CATCGAAAGTAACCCT-1,SC22169_CTRL_CATCGAAAGTAACCCT-1,IGHV5-17,IGHJ4,CARSFYDYYAMDYW,IGLV3,IGLJ2,CGVGDTIKEQFVYVF
SRBC,NA,NA,TRUE,mouse,CATCGAAGTCCTAGCG-1,SC22169_CTRL_CATCGAAGTCCTAGCG-1,IGHV1-87,IGHJ1,CARKEDYYDYDGDYWYFDVW,IGKV17-127,IGKJ5,CLQSDNMPLTF
SRBC,NA,NA,TRUE,mouse,CATCGAATCTATCCTA-1,SC22169_CTRL_CATCGAATCTATCCTA-1,IGHV8-12,IGHJ4,CARRSMVRYYAMDYW,IGKV10-96,IGKJ2,CQQGNTLPPTF
SRBC,NA,NA,TRUE,mouse,CATCGGGCACGAGGTA-1,SC22169_CTRL_CATCGGGCACGAGGTA-1,IGHV1-42-1,IGHJ4,CTRDWYYYAMDYW,IGKV9-120,IGKJ1,CLQYASSPWTF
SRBC,NA,NA,TRUE,mouse,CATCGGGCAGGGAGAG-1,SC22169_CTRL_CATCGGGCAGGGAGAG-1,IGHV1-62-2,IGHJ4,CARHEDYGKNAMDYW,IGKV2-137,IGKJ2,CMQHLEYPYTF
SRBC,NA,NA,TRUE,mouse,CATCGGGTCACAAACC-1,SC22169_CTRL_CATCGGGTCACAAACC-1,IGHV1-9,IGHJ2,CARRRYYGSSYYFDYW,IGKV1-117,IGKJ1,CFQGSHVPWTF
SRBC,NA,NA,TRUE,mouse,CATGACAAGGAGCGAG-1,SC22169_CTRL_CATGACAAGGAGCGAG-1,IGHV1-42-1,IGHJ4,CARCYYGNYETMDYW,IGKV10-96,IGKJ4,CQQGNTLPFTF
SRBC,NA,NA,TRUE,mouse,CATGACACATGCGCAC-1,SC22169_CTRL_CATGACACATGCGCAC-1,IGHV8-8,IGHJ2,CARIGGLRLEYYFDYW,IGKV12-46,IGKJ1,CQHFWGTPPTF
SRBC,NA,NA,TRUE,mouse,CATGGCGCACTTGGAT-1,SC22169_CTRL_CATGGCGCACTTGGAT-1,IGHV4-1,IGHJ4,CARAYGNLYAMDCW,IGKV2-112,IGKJ5,CQQLVEYPLTF
SRBC,NA,NA,TRUE,mouse,CATGGCGTCTACCTGC-1,SC22169_CTRL_CATGGCGTCTACCTGC-1,IGHV5-17,IGHJ3,CARDYGNYFAWFAYW,IGKV4-55,IGKJ5,CQQWSSYPLTF
SRBC,NA,NA,TRUE,mouse,CATTATCAGTTTAGGA-1,SC22169_CTRL_CATTATCAGTTTAGGA-1,IGHV1-64,IGHJ3,CARGGYYGSSFAYW,IGKV9-120,IGKJ4,CLQYASSPFTF
SRBC,NA,NA,TRUE,mouse,CATTATCTCCGCAAGC-1,SC22169_CTRL_CATTATCTCCGCAAGC-1,IGHV5-12-2,IGHJ3,CARQEHFYGSFGYW,IGKV8-19,IGKJ4,CQNDYSYPFTF
SRBC,NA,NA,TRUE,mouse,CATTCGCAGAAACCTA-1,SC22169_CTRL_CATTCGCAGAAACCTA-1,IGHV2-6-7,IGHJ4,CARGITTVVAGTMDYW,IGKV6-32,IGKJ4,CQQDYSSPFTF
SRBC,NA,NA,TRUE,mouse,CATTCGCCAATACGCT-1,SC22169_CTRL_CATTCGCCAATACGCT-1,IGHV1-14,IGHJ3,CARGVSMITEAWFAYW,IGKV6-32,IGKJ5,CQQDYSSPTF
SRBC,NA,NA,TRUE,mouse,CATTCGCGTGCGATAG-1,SC22169_CTRL_CATTCGCGTGCGATAG-1,IGHV1-12,IGHJ2,CASPFITTVVVPFDYW,IGKV1-99,IGKJ2,CFQSNYLPYTF
SRBC,NA,NA,TRUE,mouse,CATTCGCGTTACGGAG-1,SC22169_CTRL_CATTCGCGTTACGGAG-1,IGHV2-6-7,IGHJ4,CARGITTVVPGTMDYW,IGKV6-32,IGKJ4,CQQDYSSPFTF
SRBC,NA,NA,TRUE,mouse,CCAATCCAGGACTGGT-1,SC22169_CTRL_CCAATCCAGGACTGGT-1,IGHV1-85,IGHJ1,CARNYGSSYPDWYFDVW,IGKV6-15,IGKJ2,CQQYNSYPYTF
SRBC,NA,NA,TRUE,mouse,CCAATCCCAAATCCGT-1,SC22169_CTRL_CCAATCCCAAATCCGT-1,IGHV6-3,IGHJ3,CTDPAWFVYW,IGKV2-109,IGKJ2,CAHNLELPYTF
SRBC,NA,NA,TRUE,mouse,CCACCTACAATTCCTT-1,SC22169_CTRL_CCACCTACAATTCCTT-1,IGHV1-26,IGHJ4,CARYTYSNSFYYAMDYW,IGKV1-135,IGKJ1,CWQGTHFRTF
SRBC,NA,NA,TRUE,mouse,CCACCTACAGGAATCG-1,SC22169_CTRL_CCACCTACAGGAATCG-1,IGHV5-6,IGHJ4,CVTLSTLVTYYAMDYW,IGLV1,IGLJ3,CALWYSNHFIF
SRBC,NA,NA,TRUE,mouse,CCACCTAGTTGCGTTA-1,SC22169_CTRL_CCACCTAGTTGCGTTA-1,IGHV14-4,IGHJ1,CTTGGTWYFDVW,IGKV5-48,IGKJ5,CQQSNSWPTLTF
SRBC,NA,NA,TRUE,mouse,CCACCTATCAGGATCT-1,SC22169_CTRL_CCACCTATCAGGATCT-1,IGHV3-2,IGHJ3,CARQAYYRYDWFAYW,IGKV1-135,IGKJ1,CWQGTHFPQTF
SRBC,NA,NA,TRUE,mouse,CCACGGACAAATTGCC-1,SC22169_CTRL_CCACGGACAAATTGCC-1,IGHV1-42-1,IGHJ4,CARRKYYDYDGAMDYW,IGKV1-110,IGKJ1,CSQSTHVPWTF
SRBC,NA,NA,TRUE,mouse,CCACGGACATTCCTCG-1,SC22169_CTRL_CCACGGACATTCCTCG-1,IGHV10-1,IGHJ3,CVRSWDVGGFAYW,IGKV1-117,IGKJ1,CFQGSHVPWTF
SRBC,NA,NA,TRUE,mouse,CCACGGAGTTGGGACA-1,SC22169_CTRL_CCACGGAGTTGGGACA-1,IGHV1-74,IGHJ3,CARQLRLPFAYW,IGKV2-137,IGKJ5,CMQHLEHPFTF
SRBC,NA,NA,TRUE,mouse,CCACTACCAATTCCTT-1,SC22169_CTRL_CCACTACCAATTCCTT-1,IGHV7-3,IGHJ2,CARWTYYGSSPYYFDYW,IGKV9-124,IGKJ2,CLQYASYPYTF
SRBC,NA,NA,TRUE,mouse,CCACTACCATGTTCCC-1,SC22169_CTRL_CCACTACCATGTTCCC-1,IGHV1-19,IGHJ2,CTRGNPDYFDYW,IGKV12-38,IGKJ2,CKQAYDVPPTF
SRBC,NA,NA,TRUE,mouse,CCACTACGTAGCACGA-1,SC22169_CTRL_CCACTACGTAGCACGA-1,IGHV1-69-9,IGHJ3,CARGKAWW,IGKV6-32,IGKJ2,CQQDYSSPYTF
SRBC,NA,NA,TRUE,mouse,CCACTACTCATGTCCC-1,SC22169_CTRL_CCACTACTCATGTCCC-1,IGHV8-4-4,IGHJ3,CARGITSWFVYW,IGKV9-124,IGKJ2,CLQYASYPYTF
SRBC,NA,NA,TRUE,mouse,CCAGCGACAATCCAAC-1,SC22169_CTRL_CCAGCGACAATCCAAC-1,IGHV1-64,IGHJ1,CARVGYYYGQGYFDVW,IGKV1-110,IGKJ1,CSQSTHVPWTF
SRBC,NA,NA,TRUE,mouse,CCAGCGAGTCTAACGT-1,SC22169_CTRL_CCAGCGAGTCTAACGT-1,IGHV1S135,IGHJ3,CARAYGNTWFAYW,IGKV17-127,IGKJ4,CLQSDNMPFTF
SRBC,NA,NA,TRUE,mouse,CCAGCGAGTGAACCTT-1,SC22169_CTRL_CCAGCGAGTGAACCTT-1,IGHV7-3,IGHJ2,CARGFSDYW,IGKV1-117,IGKJ1,CFQGSHVPWTF
SRBC,NA,NA,TRUE,mouse,CCATGTCCAAACAACA-1,SC22169_CTRL_CCATGTCCAAACAACA-1,IGHV1-76,IGHJ1,CARGWYFDVW,IGKV6-15,IGKJ2,CQQYNSYPYTF
SRBC,NA,NA,TRUE,mouse,CCATGTCCATCTACGA-1,SC22169_CTRL_CCATGTCCATCTACGA-1,IGHV1-62-2,IGHJ1,CARPRYYGNYDWYFDVW,IGKV8-30,IGKJ2,CQQYYSYPYTF
SRBC,NA,NA,TRUE,mouse,CCATGTCGTGATGTCT-1,SC22169_CTRL_CCATGTCGTGATGTCT-1,IGHV8-12,IGHJ3,CARRRDYDGAFAYW,IGKV12-89,IGKJ1,CQNVLSTPWTF
SRBC,NA,NA,TRUE,mouse,CCATGTCGTTATGTGC-1,SC22169_CTRL_CCATGTCGTTATGTGC-1,IGHV1-62-2,IGHJ2,CARHEERHGYYWDFDYW,IGKV2-137,IGKJ2,CMQHLEYPYTF
SRBC,NA,NA,TRUE,mouse,CCATGTCTCCTCAATT-1,SC22169_CTRL_CCATGTCTCCTCAATT-1,IGHV9-3,IGHJ3,CARGGYYGSSPSWFVYW,IGKV3-4,IGKJ1,CQQSNEVPWTF
SRBC,NA,NA,TRUE,mouse,CCATTCGGTTAAAGTG-1,SC22169_CTRL_CCATTCGGTTAAAGTG-1,IGHV11-2,IGHJ1,CMRGDWAYWYFDVW,IGLV2,IGLJ2,CALWYSTHYVF
SRBC,NA,NA,TRUE,mouse,CCCAGTTGTAGCCTAT-1,SC22169_CTRL_CCCAGTTGTAGCCTAT-1,IGHV2-9,IGHJ1,CAKRARIYYGNSWYFDVW,IGKV8-24,IGKJ5,CQQHYSTPPTF
SRBC,NA,NA,TRUE,mouse,CCCAGTTGTCCTCTTG-1,SC22169_CTRL_CCCAGTTGTCCTCTTG-1,IGHV2-5-1,IGHJ4,CAKRMGYYVAMDYW,IGKV1-117,IGKJ4,CFQGSHVPFTF
SRBC,NA,NA,TRUE,mouse,CCCAGTTTCTTGCCGT-1,SC22169_CTRL_CCCAGTTTCTTGCCGT-1,IGHV5-6-4,IGHJ4,CTRDPDYGRADYW,IGKV8-19,IGKJ5,CQNDYSYPTF
SRBC,NA,NA,TRUE,mouse,CCCATACTCAGTTTGG-1,SC22169_CTRL_CCCATACTCAGTTTGG-1,IGHV2-5-1,IGHJ4,CAKKGPSLLRLQAMDYW,IGKV6-20,IGKJ4,CGQSYSYPPTF
SRBC,NA,NA,TRUE,mouse,CCCTCCTGTCCATCCT-1,SC22169_CTRL_CCCTCCTGTCCATCCT-1,IGHV1-76,IGHJ1,CARNWDVYFDVW,IGKV6-17,IGKJ1,CQQHYNIPPTF
SRBC,NA,NA,TRUE,mouse,CCGGGATCACATTCGA-1,SC22169_CTRL_CCGGGATCACATTCGA-1,IGHV1-47-2,IGHJ3,CTRSYGNYGAWFAYW,IGKV1-117,IGKJ2,CFQGSHVPPTF
SRBC,NA,NA,TRUE,mouse,CCGGGATCATCACGAT-1,SC22169_CTRL_CCGGGATCATCACGAT-1,IGHV1-47-30,IGHJ1,CARHEIYGNYGYFDVW,IGKV12-44,IGKJ2,CQHHYGTPYTF
SRBC,NA,NA,TRUE,mouse,CCGGGATGTCCGTGAC-1,SC22169_CTRL_CCGGGATGTCCGTGAC-1,IGHV1-54,IGHJ4,CSIYYYGSSYVNYW,IGKV9-120,IGKJ1,CLQYASSPRTF
SRBC,NA,NA,TRUE,mouse,CCGGGATTCCGTTGCT-1,SC22169_CTRL_CCGGGATTCCGTTGCT-1,IGHV9-3-1,IGHJ4,CARSDGYYGDYAMDYW,IGKV8-30,IGKJ5,CQQYYSYPLTF
SRBC,NA,NA,TRUE,mouse,CCGGGATTCTTGCCGT-1,SC22169_CTRL_CCGGGATTCTTGCCGT-1,IGHV1-62-2,IGHJ3,CARHEEESNYVEFAYW,IGKV2-137,IGKJ2,CMQHLEYPYTF
SRBC,NA,NA,TRUE,mouse,CCGGTAGCATCGTCGG-1,SC22169_CTRL_CCGGTAGCATCGTCGG-1,IGHV5-6,IGHJ2,CARGITTDYFDYW,IGKV6-23,IGKJ2,CQQYSSYPTF
SRBC,NA,NA,TRUE,mouse,CCGGTAGGTAAACCTC-1,SC22169_CTRL_CCGGTAGGTAAACCTC-1,IGHV8-8,IGHJ1,CARIARRANWYFDVW,IGKV1-110,IGKJ1,CSQSTHVPWTF
SRBC,NA,NA,TRUE,mouse,CCGTACTAGTACTTGC-1,SC22169_CTRL_CCGTACTAGTACTTGC-1,IGHV1-81,IGHJ4,CARQAITTVVAYYYAMDYW,IGKV1-135,IGKJ1,CWQGTHFPRTF
SRBC,NA,NA,TRUE,mouse,CCGTACTCAAGTAGTA-1,SC22169_CTRL_CCGTACTCAAGTAGTA-1,IGHV1-9,IGHJ3,CARRGRVYFGLPGLAYW,IGKV4-57,IGKJ4,CQQRSNFPFTF
SRBC,NA,NA,TRUE,mouse,CCGTACTGTCATGCAT-1,SC22169_CTRL_CCGTACTGTCATGCAT-1,IGHV1-19,IGHJ2,CAKAGWDDDFDYW,IGKV1-135,IGKJ1,CWQGTHFPQTF
SRBC,NA,NA,TRUE,mouse,CCGTACTTCCCTCTTT-1,SC22169_CTRL_CCGTACTTCCCTCTTT-1,IGHV9-3,IGHJ4,CARDGSSYDYAMDYW,IGKV4-57,IGKJ5,CQQRSSYPPITF
SRBC,NA,NA,TRUE,mouse,CCGTACTTCGCAAACT-1,SC22169_CTRL_CCGTACTTCGCAAACT-1,IGHV1-78,IGHJ2,CARLRVVTYSFDYW,IGLV1,IGLJ1,CALWYSNHWVF
SRBC,NA,NA,TRUE,mouse,CCGTTCACAGTGGAGT-1,SC22169_CTRL_CCGTTCACAGTGGAGT-1,IGHV8-12,IGHJ4,CARTDGYPHYYAMDYW,IGKV10-96,IGKJ1,CQQGNTLPWTF
SRBC,NA,NA,TRUE,mouse,CCGTTCACATCGTCGG-1,SC22169_CTRL_CCGTTCACATCGTCGG-1,IGHV9-3,IGHJ3,CARGYDYDGWFAYW,IGKV10-96,IGKJ2,CQQGNTLPYTF
SRBC,NA,NA,TRUE,mouse,CCGTTCATCCATGCTC-1,SC22169_CTRL_CCGTTCATCCATGCTC-1,IGHV1-81,IGHJ3,CAGSTMVTTPFAYW,IGKV1-135,IGKJ1,CWQGTHFPRTF
SRBC,NA,NA,TRUE,mouse,CCGTTCATCTGGTATG-1,SC22169_CTRL_CCGTTCATCTGGTATG-1,IGHV1-42-1,IGHJ1,CTRSGRYYYFDVW,IGKV3-4,IGKJ1,CQQSDEDPRTF
SRBC,NA,NA,TRUE,mouse,CCTAAAGAGTGGTAGC-1,SC22169_CTRL_CCTAAAGAGTGGTAGC-1,IGHV1-19,IGHJ2,CARRRRSYYGSYNFDYW,IGKV10-96,IGKJ1,CQQGNTLPPTF
SRBC,NA,NA,TRUE,mouse,CCTAAAGGTGACTACT-1,SC22169_CTRL_CCTAAAGGTGACTACT-1,IGHV1-62-2,IGHJ1,CARHGDYDSYWYFDVW,IGKV2-137,IGKJ2,CMLHLEYPYTF
SRBC,NA,NA,TRUE,mouse,CCTAAAGTCACGACTA-1,SC22169_CTRL_CCTAAAGTCACGACTA-1,IGHV1-81,IGHJ2,CARSYYYGSSHDYW,IGKV2-112,IGKJ2,CQQLVEYPYTF
SRBC,NA,NA,TRUE,mouse,CCTACACAGGATTCGG-1,SC22169_CTRL_CCTACACAGGATTCGG-1,IGHV1-47-14,IGHJ3,CTPLYGSSYGFAYW,IGKV12-98,IGKJ1,CQQLYSTPWTF
SRBC,NA,NA,TRUE,mouse,CCTACACGTTGTGGCC-1,SC22169_CTRL_CCTACACGTTGTGGCC-1,IGHV1-9,IGHJ3,CASRGYYSNSWFAYW,IGKV1-117,IGKJ4,CFQGSHVPPTF
SRBC,NA,NA,TRUE,mouse,CCTACACTCCTCCTAG-1,SC22169_CTRL_CCTACACTCCTCCTAG-1,IGHV5-9,IGHJ4,CARHLYYGYDEGYAMDCW,IGKV1-117,IGKJ1,CFQGSHVPWTF
SRBC,NA,NA,TRUE,mouse,CCTAGCTAGGGTTTCT-1,SC22169_CTRL_CCTAGCTAGGGTTTCT-1,IGHV1-81,IGHJ1,CARGAPRSYYSNWYFDVW,IGKV8-30,IGKJ2,CQQYYSYPYTF
SRBC,NA,NA,TRUE,mouse,CCTAGCTGTTTAAGCC-1,SC22169_CTRL_CCTAGCTGTTTAAGCC-1,IGHV2-4,IGHJ4,CARKGFYRYGDYAMDYW,IGKV12-98,IGKJ5,CQQLYSTPLTF
SRBC,NA,NA,TRUE,mouse,CCTAGCTTCGCCTGTT-1,SC22169_CTRL_CCTAGCTTCGCCTGTT-1,IGHV1-31,IGHJ3,CARDGGAYW,IGKV6-15,IGKJ2,CQQYNNYPYTF
SRBC,NA,NA,TRUE,mouse,CCTCAGTAGGAGTTTA-1,SC22169_CTRL_CCTCAGTAGGAGTTTA-1,IGHV5-6,IGHJ1,CARQVDSKRADWYFDVW,IGKV12-44,IGKJ4,CQHHYGTPFTF
SRBC,NA,NA,TRUE,mouse,CCTCAGTAGGGTCGAT-1,SC22169_CTRL_CCTCAGTAGGGTCGAT-1,IGHV1-62-2,IGHJ4,CARHEIGWLGAMDYW,IGKV1-110,IGKJ2,CSQSTHVPYTF
SRBC,NA,NA,TRUE,mouse,CCTCAGTAGTCGAGTG-1,SC22169_CTRL_CCTCAGTAGTCGAGTG-1,IGHV5-17,IGHJ2,CARSGGNYFDYW,IGKV17-127,IGKJ2,CLQSDNMPYTF
SRBC,NA,NA,TRUE,mouse,CCTCAGTCACCTTGTC-1,SC22169_CTRL_CCTCAGTCACCTTGTC-1,IGHV1-18-11,IGHJ2,CARGKRLLVYW,IGKV4-55,IGKJ5,CQQWSSYPPMLTF
SRBC,NA,NA,TRUE,mouse,CCTCAGTGTGGACGAT-1,SC22169_CTRL_CCTCAGTGTGGACGAT-1,IGHV1-62-2,IGHJ4,CAREGYAMDYW,IGKV2-137,IGKJ2,CMQHLEYPYTF
SRBC,NA,NA,TRUE,mouse,CCTCAGTTCACCGGGT-1,SC22169_CTRL_CCTCAGTTCACCGGGT-1,IGHV1-69,IGHJ1,CARPPFITTVVEYFDVW,IGKV8-24,IGKJ1,CQQHYNTPRTF
SRBC,NA,NA,TRUE,mouse,CCTCAGTTCAGCAACT-1,SC22169_CTRL_CCTCAGTTCAGCAACT-1,IGHV9-3-1,IGHJ3,CARSRSTMITGSWFAYW,IGKV3-12,IGKJ4,CQHSRELPFTF
SRBC,NA,NA,TRUE,mouse,CCTCTGAAGGTGCTTT-1,SC22169_CTRL_CCTCTGAAGGTGCTTT-1,IGHV2-6-7,IGHJ4,CARDFYAMDYW,IGKV4-59,IGKJ5,CQQWSSNPLTF
SRBC,NA,NA,TRUE,mouse,CCTCTGAGTGAAGGCT-1,SC22169_CTRL_CCTCTGAGTGAAGGCT-1,IGHV1-26,IGHJ2,CARWVRRGLLMDYW,IGLV1,IGLJ1,CALWYSNHLVF
SRBC,NA,NA,TRUE,mouse,CCTCTGAGTTGAGGTG-1,SC22169_CTRL_CCTCTGAGTTGAGGTG-1,IGHV1-9,IGHJ1,CARESGSYWYFDVW,IGKV1-110,IGKJ1,CSQSTHVPWTF
SRBC,NA,NA,TRUE,mouse,CCTCTGATCTTCCTTC-1,SC22169_CTRL_CCTCTGATCTTCCTTC-1,IGHV1-81,IGHJ1,CAKRVITTVGYFDVW,IGKV4-55,IGKJ1,CQQWSSYPPTF
SRBC,NA,NA,TRUE,mouse,CCTTACGAGTGGGTTG-1,SC22169_CTRL_CCTTACGAGTGGGTTG-1,IGHV1-64,IGHJ1,CARRGYYFWYFDVW,IGLV1,IGLJ1,CALWYSNLWVF
SRBC,NA,NA,TRUE,mouse,CCTTCCCAGCGTGAGT-1,SC22169_CTRL_CCTTCCCAGCGTGAGT-1,IGHV1-9,IGHJ2,CARRRYYGSSYYFDYW,IGKV1-117,IGKJ1,CFQGSHVPWTF
SRBC,NA,NA,TRUE,mouse,CCTTCCCCAAAGGAAG-1,SC22169_CTRL_CCTTCCCCAAAGGAAG-1,IGHV1-87,IGHJ1,CARHGFYWYFDVW,IGKV12-44,IGKJ4,CQHHYGTPFTF
SRBC,NA,NA,TRUE,mouse,CCTTCGAAGGACCACA-1,SC22169_CTRL_CCTTCGAAGGACCACA-1,IGHV5-12-1,IGHJ4,CARRAPRYGMDYW,IGKV2-137,IGKJ2,CMQHLEYPYTF
SRBC,NA,NA,TRUE,mouse,CCTTCGAGTACCGTAT-1,SC22169_CTRL_CCTTCGAGTACCGTAT-1,IGHV11-2,IGHJ1,CMRYGNYWYFDVW,IGKV14-126,IGKJ4,CLQHGESPFTF
SRBC,NA,NA,TRUE,mouse,CCTTCGAGTCATCGGC-1,SC22169_CTRL_CCTTCGAGTCATCGGC-1,IGHV1-81,IGHJ2,CARSTTVVAHFDYW,IGKV1-117,IGKJ5,CFQGSHVPLTF
SRBC,NA,NA,TRUE,mouse,CCTTTCTGTACTCTCC-1,SC22169_CTRL_CCTTTCTGTACTCTCC-1,IGHV1-72,IGHJ2,CARLDWDGDYW,IGKV6-13,IGKJ2,CQQYSSYPLTF
SRBC,NA,NA,TRUE,mouse,CCTTTCTGTCAGGACA-1,SC22169_CTRL_CCTTTCTGTCAGGACA-1,IGHV1-59,IGHJ2,CARRKLYFDYW,IGKV17-121,IGKJ5,CLQSDNLPLTF
SRBC,NA,NA,TRUE,mouse,CCTTTCTGTGGTGTAG-1,SC22169_CTRL_CCTTTCTGTGGTGTAG-1,IGHV7-1,IGHJ1,CARDYYGSSYWYFDVW,IGKV7-33,IGKJ5,CAQFYSYPLTF
SRBC,NA,NA,TRUE,mouse,CGAACATCAAGCCATT-1,SC22169_CTRL_CGAACATCAAGCCATT-1,IGHV1-82,IGHJ2,CAREWGYCFDYW,IGKV6-23,IGKJ4,CQQYSSYPFTF
SRBC,NA,NA,TRUE,mouse,CGAACATGTAATAGCA-1,SC22169_CTRL_CGAACATGTAATAGCA-1,IGHV8-4-7,IGHJ4,CVRRARSSYNTMDYW,IGKV10-96,IGKJ2,CQQGNTLPYTF
SRBC,NA,NA,TRUE,mouse,CGAACATGTAGCGATG-1,SC22169_CTRL_CGAACATGTAGCGATG-1,IGHV1-66,IGHJ3,CARRYYGYDGAFAYW,IGKV8-30,IGKJ1,CQQYYNYPWTF
SRBC,NA,NA,TRUE,mouse,CGAACATGTCGGCACT-1,SC22169_CTRL_CGAACATGTCGGCACT-1,IGHV1-52,IGHJ4,CARRMVTKAMDYW,IGKV5-39,IGKJ1,CQNGHSFPWTF
SRBC,NA,NA,TRUE,mouse,CGAACATTCACGACTA-1,SC22169_CTRL_CGAACATTCACGACTA-1,IGHV5-16,IGHJ2,CAREDYGSSGYFDYW,IGKV10-96,IGKJ2,CQQGNTLPYTF
SRBC,NA,NA,TRUE,mouse,CGAACATTCCGCATAA-1,SC22169_CTRL_CGAACATTCCGCATAA-1,IGHV5-4,IGHJ4,CARSTTVSIDYAMDYW,IGKV6-20,IGKJ4,CGQSYSYPFTF
SRBC,NA,NA,TRUE,mouse,CGACCTTCACCAGGCT-1,SC22169_CTRL_CGACCTTCACCAGGCT-1,IGHV1-64,IGHJ2,CARGLFDYW,IGKV5-48,IGKJ2,CQQSNSWPYTF
SRBC,NA,NA,TRUE,mouse,CGACCTTCAGTTTACG-1,SC22169_CTRL_CGACCTTCAGTTTACG-1,IGHV1-9,IGHJ4,CSRVSGYYAMDYW,IGKV1-117,IGKJ1,CFQGSHVPWTF
SRBC,NA,NA,TRUE,mouse,CGACCTTTCCAATGGT-1,SC22169_CTRL_CGACCTTTCCAATGGT-1,IGHV8-8,IGHJ2,CVRKGVYGSSVDYW,IGKV1-110,IGKJ2,CSQSTHVPYTF
SRBC,NA,NA,TRUE,mouse,CGACTTCCACGCATCG-1,SC22169_CTRL_CGACTTCCACGCATCG-1,IGHV3-2,IGHJ3,CARGFGNPFAYW,IGKV8-30,IGKJ2,CQQYYSYPYTF
SRBC,NA,NA,TRUE,mouse,CGACTTCGTCCGAGTC-1,SC22169_CTRL_CGACTTCGTCCGAGTC-1,IGHV6-6,IGHJ2,CTRQKYGIYGGFYYFDYW,IGKV8-30,IGKJ1,CQQYYSYPRTF
SRBC,NA,NA,TRUE,mouse,CGACTTCGTGCGGTAA-1,SC22169_CTRL_CGACTTCGTGCGGTAA-1,IGHV2-3,IGHJ4,CAKLFTTAAYAMDYW,IGKV1-117,IGKJ1,CFQGSHVPWTF
SRBC,NA,NA,TRUE,mouse,CGAGAAGCAAGTCATC-1,SC22169_CTRL_CGAGAAGCAAGTCATC-1,IGHV1S56,IGHJ3,CARGLGQGFAYW,IGLV1,IGLJ3,CALWYSNHWIF
SRBC,NA,NA,TRUE,mouse,CGAGAAGCAGAGCCAA-1,SC22169_CTRL_CGAGAAGCAGAGCCAA-1,IGHV5-6-3,IGHJ2,CARISHYYGYYDYW,IGKV2-112,IGKJ4,CQQLVEYPF
SRBC,NA,NA,TRUE,mouse,CGAGAAGTCTTAGCCC-1,SC22169_CTRL_CGAGAAGTCTTAGCCC-1,IGHV1-19,IGHJ2,CAKAGWDDDFDYW,IGKV1-135,IGKJ1,CWQGTHFPQTF
SRBC,NA,NA,TRUE,mouse,CGAGCACAGCAATCTC-1,SC22169_CTRL_CGAGCACAGCAATCTC-1,IGHV8-12,IGHJ2,CARRIIYYGNYDYFDYW,IGKV6-17,IGKJ5,CQQHYNTPLTF
SRBC,NA,NA,TRUE,mouse,CGAGCACAGGTGTTAA-1,SC22169_CTRL_CGAGCACAGGTGTTAA-1,IGHV1-58,IGHJ1,CARDPQTLHFDVW,IGKV2-109,IGKJ5,CAQNLELPLTF
SRBC,NA,NA,TRUE,mouse,CGAGCACGTCCGTGAC-1,SC22169_CTRL_CGAGCACGTCCGTGAC-1,IGHV1-54,IGHJ1,CARWYFDVW,IGKV1-133,IGKJ1,CVQGTHFPRTF
SRBC,NA,NA,TRUE,mouse,CGAGCCACAACTTGAC-1,SC22169_CTRL_CGAGCCACAACTTGAC-1,IGHV1-55,IGHJ3,CAYDNDGCFTYW,IGKV6-17,IGKJ1,CQQHYSIPWTF
SRBC,NA,NA,TRUE,mouse,CGATCGGGTCCCGACA-1,SC22169_CTRL_CGATCGGGTCCCGACA-1,IGHV2-5,IGHJ1,CAKTNFYYWYFDVW,IGLV1,IGLJ1,CALWYSNHWVF
SRBC,NA,NA,TRUE,mouse,CGATCGGGTTGATTCG-1,SC22169_CTRL_CGATCGGGTTGATTCG-1,IGHV1-7,IGHJ4,CARPFYGNPLCWDYW,IGKV1-110,IGKJ2,CSQSTHVPPTF
SRBC,NA,NA,TRUE,mouse,CGATGGCAGTGAACGC-1,SC22169_CTRL_CGATGGCAGTGAACGC-1,IGHV1-81,IGHJ2,CARDEDYYGSTYVGYW,IGKV12-44,IGKJ2,CQHHYGTPYTF
SRBC,NA,NA,TRUE,mouse,CGATGGCCACAGGAGT-1,SC22169_CTRL_CGATGGCCACAGGAGT-1,IGHV10-1-2,IGHJ3,CVGLGFAYW,IGLV2,IGLJ2,CALWYSTHYVF
SRBC,NA,NA,TRUE,mouse,CGATGTATCGTTTATC-1,SC22169_CTRL_CGATGTATCGTTTATC-1,IGHV1-12,IGHJ2,CARGYYGIDFDYW,IGKV1-117,IGKJ2,CFQGSHVPYTF
SRBC,NA,NA,TRUE,mouse,CGATTGAAGTGGTAGC-1,SC22169_CTRL_CGATTGAAGTGGTAGC-1,IGHV9-3,IGHJ2,CASHYYGSPPRYW,IGKV8-24,IGKJ4,CQQHYSTPPTF
SRBC,NA,NA,TRUE,mouse,CGATTGAGTACTCTCC-1,SC22169_CTRL_CGATTGAGTACTCTCC-1,IGHV1-55,IGHJ3,CARGWFAYW,IGKV1-135,IGKJ5,CWQGTHFPHTF
SRBC,NA,NA,TRUE,mouse,CGATTGATCACAACGT-1,SC22169_CTRL_CGATTGATCACAACGT-1,IGHV5-17,IGHJ2,CARAYYSNPDYW,IGKV5-43,IGKJ5,CQQSISWPLTF
SRBC,NA,NA,TRUE,mouse,CGCGTTTGTCTAACGT-1,SC22169_CTRL_CGCGTTTGTCTAACGT-1,IGHV5-12,IGHJ3,CAPQGGYYRGFAYW,IGKV1-117,IGKJ4,CFQGSHVPFTF
SRBC,NA,NA,TRUE,mouse,CGCGTTTTCGACCAGC-1,SC22169_CTRL_CGCGTTTTCGACCAGC-1,IGHV9-3-1,IGHJ4,CARRASAMDYW,IGKV3-5,IGKJ1,CQQSNEDPRTF
SRBC,NA,NA,TRUE,mouse,CGCTATCTCGAATGGG-1,SC22169_CTRL_CGCTATCTCGAATGGG-1,IGHV1-47-3,IGHJ3,CTTYDFRFAYW,IGKV4-57,IGKJ5,CQQRSSYPLTF
SRBC,NA,NA,TRUE,mouse,CGCTGGATCGACCAGC-1,SC22169_CTRL_CGCTGGATCGACCAGC-1,IGHV1-42-1,IGHJ3,CATVYGNSLAWFAYW,IGKV16-104,IGKJ5,CQQHNEYPLTF
SRBC,NA,NA,TRUE,mouse,CGCTTCACACTTACGA-1,SC22169_CTRL_CGCTTCACACTTACGA-1,IGHV1-18-23,IGHJ4,CTRGIHYYGYPYGMDYW,IGLV1,IGLJ1,CALWYSNHWVF
SRBC,NA,NA,TRUE,mouse,CGCTTCAGTTTGGCGC-1,SC22169_CTRL_CGCTTCAGTTTGGCGC-1,IGHV1-69-9,IGHJ4,CARWGRPMDYW,IGKV14-100,IGKJ1,CVQYAQFPRTF
SRBC,NA,NA,TRUE,mouse,CGGACACCATACCATG-1,SC22169_CTRL_CGGACACCATACCATG-1,IGHV1-80,IGHJ4,CARDGNYVMDYW,IGKV16-104,IGKJ1,CQQHNEYPWTF
SRBC,NA,NA,TRUE,mouse,CGGACACGTTGTCTTT-1,SC22169_CTRL_CGGACACGTTGTCTTT-1,IGHV5-6,IGHJ2,CARQLPYFDYW,IGKV6-15,IGKJ1,CQQYNSYTRTF
SRBC,NA,NA,TRUE,mouse,CGGACGTCACAGGTTT-1,SC22169_CTRL_CGGACGTCACAGGTTT-1,IGHV5-12,IGHJ3,CARRDGSSSWFAYW,IGKV6-15,IGKJ5,CQQYNSYPLTF
SRBC,NA,NA,TRUE,mouse,CGGACGTCATCATCCC-1,SC22169_CTRL_CGGACGTCATCATCCC-1,IGHV8-8,IGHJ2,CARIRGGLLPLDYW,IGKV8-27,IGKJ1,CHQYLSSWTF
SRBC,NA,NA,TRUE,mouse,CGGAGCTCAATCAGAA-1,SC22169_CTRL_CGGAGCTCAATCAGAA-1,IGHV6-6,IGHJ2,CLITWDYW,IGKV14-111,IGKJ1,CLQYDEFRTF
SRBC,NA,NA,TRUE,mouse,CGGAGTCTCGCAAGCC-1,SC22169_CTRL_CGGAGTCTCGCAAGCC-1,IGHV1-62-2,IGHJ3,CARHEDDYDGFAYW,IGKV2-137,IGKJ5,CMQHLEYPLTF
SRBC,NA,NA,TRUE,mouse,CGGGTCAGTCCTCCAT-1,SC22169_CTRL_CGGGTCAGTCCTCCAT-1,IGHV2-5,IGHJ1,CAKNDGSSLYWYFDVW,IGKV10-96,IGKJ1,CQQVNTLPWTF
SRBC,NA,NA,TRUE,mouse,CGGTTAACACACATGT-1,SC22169_CTRL_CGGTTAACACACATGT-1,IGHV1-47-23,IGHJ3,CARSLRRAFTYW,IGKV6-15,IGKJ2,CQQYNSSPYTF
SRBC,NA,NA,TRUE,mouse,CGGTTAAGTATTCGTG-1,SC22169_CTRL_CGGTTAAGTATTCGTG-1,IGHV1-69-5,IGHJ3,CARSMGRTYW,IGKV12-38,IGKJ4,CKQAYDVPFTF
SRBC,NA,NA,TRUE,mouse,CGGTTAATCAGTTGAC-1,SC22169_CTRL_CGGTTAATCAGTTGAC-1,IGHV1-69-5,IGHJ1,CARGAYGYPWYFDVW,IGKV10-95,IGKJ2,CQQYSKFPYTF
SRBC,NA,NA,TRUE,mouse,CGTAGCGCAAATTGCC-1,SC22169_CTRL_CGTAGCGCAAATTGCC-1,IGHV1-58,IGHJ2,CARGTSIYYYGSRWNYW,IGKV3-4,IGKJ2,CQQSNEDPYTF
SRBC,NA,NA,TRUE,mouse,CGTAGCGGTTGATTCG-1,SC22169_CTRL_CGTAGCGGTTGATTCG-1,IGHV2-6-5,IGHJ3,CATWDRFAYW,IGKV1-117,IGKJ1,CSQSTHVPWTF
SRBC,NA,NA,TRUE,mouse,CGTCACTAGAGTTGGC-1,SC22169_CTRL_CGTCACTAGAGTTGGC-1,IGHV2-4,IGHJ4,CARKGYAMDYW,IGKV6-23,IGKJ5,CQQYINYPLTF
SRBC,NA,NA,TRUE,mouse,CGTCACTCATACAGCT-1,SC22169_CTRL_CGTCACTCATACAGCT-1,IGHV8-8,IGHJ1,CARTFSARYFDVW,IGKV4-80,IGKJ4,CHQWSSYPFTF
SRBC,NA,NA,TRUE,mouse,CGTCAGGCATCACGTA-1,SC22169_CTRL_CGTCAGGCATCACGTA-1,IGHV1-85,IGHJ1,CARPNYYYGSSYWYFDVW,IGKV3-10,IGKJ2,CQQDNEDPYTF
SRBC,NA,NA,TRUE,mouse,CGTCCATCAGCTCGAC-1,SC22169_CTRL_CGTCCATCAGCTCGAC-1,IGHV8-12,IGHJ4,CARRALGHYYAMDYW,IGKV10-96,IGKJ1,CQQGNTLPPTF
SRBC,NA,NA,TRUE,mouse,CGTCCATCATATACCG-1,SC22169_CTRL_CGTCCATCATATACCG-1,IGHV5-9,IGHJ2,CARGYDYHDYW,IGKV12-44,IGKJ4,CQHHYGTPFTF
SRBC,NA,NA,TRUE,mouse,CGTCCATCATCAGTAC-1,SC22169_CTRL_CGTCCATCATCAGTAC-1,IGHV1-19,IGHJ4,CARKGVSSYDYAMDYW,IGKV12-98,IGKJ1,CQQLYSTPWTF
SRBC,NA,NA,TRUE,mouse,CGTCTACAGATTACCC-1,SC22169_CTRL_CGTCTACAGATTACCC-1,IGHV5-6-5,IGHJ4,CARSIFYAMDYW,IGKV17-127,IGKJ5,CLQSDNMPLTF
SRBC,NA,NA,TRUE,mouse,CGTCTACAGGAGTACC-1,SC22169_CTRL_CGTCTACAGGAGTACC-1,IGHV9-3,IGHJ2,CARWAQATDYW,IGKV1-110,IGKJ2,CFQGSLVPYTF
SRBC,NA,NA,TRUE,mouse,CGTCTACTCCAAACTG-1,SC22169_CTRL_CGTCTACTCCAAACTG-1,IGHV1-34,IGHJ1,CASLYYAEDWYFDVW,IGKV14-100,IGKJ2,CVQYAQFPYTF
SRBC,NA,NA,TRUE,mouse,CGTTAGAGTGACGGTA-1,SC22169_CTRL_CGTTAGAGTGACGGTA-1,IGHV1-82,IGHJ2,CALTEGYYFDYW,IGKV6-23,IGKJ5,CQQYSSYPLTF
SRBC,NA,NA,TRUE,mouse,CGTTAGATCGGTGTTA-1,SC22169_CTRL_CGTTAGATCGGTGTTA-1,IGHV1-80,IGHJ4,CARLTGYTMDYW,IGKV4-79,IGKJ2,CHQWSSYPPTF
SRBC,NA,NA,TRUE,mouse,CTAACTTAGTGTTAGA-1,SC22169_CTRL_CTAACTTAGTGTTAGA-1,IGHV1-9,IGHJ2,CARRSFYYGSRYFDYW,IGKV9-124,IGKJ2,CLQYATYPYTF
SRBC,NA,NA,TRUE,mouse,CTAACTTTCAAGGCTT-1,SC22169_CTRL_CTAACTTTCAAGGCTT-1,IGHV1-59,IGHJ1,CARRVTGGNWYFDVW,IGKV8-27,IGKJ5,CHQYLSSLTF
SRBC,NA,NA,TRUE,mouse,CTAAGACAGGGTGTGT-1,SC22169_CTRL_CTAAGACAGGGTGTGT-1,IGHV13-2,IGHJ3,CSRGYDYDGAWFAYW,IGKV17-121,IGKJ2,CLQSDNLPYTF
SRBC,NA,NA,TRUE,mouse,CTAAGACAGTTTCCTT-1,SC22169_CTRL_CTAAGACAGTTTCCTT-1,IGHV1-42,IGHJ4,CARGYSNYDYAMDYW,IGKV15-103,IGKJ2,CQQGQSYPYTF
SRBC,NA,NA,TRUE,mouse,CTAAGACGTACTCAAC-1,SC22169_CTRL_CTAAGACGTACTCAAC-1,IGHV5-17,IGHJ2,CARSGVYYGSSYFDYW,IGKV19-93,IGKJ2,CLQYDNLYTF
SRBC,NA,NA,TRUE,mouse,CTAAGACTCATTGCCC-1,SC22169_CTRL_CTAAGACTCATTGCCC-1,IGHV1-47-11,IGHJ3,CARGLRSSFVYW,IGKV6-15,IGKJ2,CQQYNSYPYTF
SRBC,NA,NA,TRUE,mouse,CTAAGACTCTGGGCCA-1,SC22169_CTRL_CTAAGACTCTGGGCCA-1,IGHV1-18-26,IGHJ3,CARGNYGYPAWFAYW,IGLV1,IGLJ1,CALWYSNHWVF
SRBC,NA,NA,TRUE,mouse,CTAATGGAGGAGCGAG-1,SC22169_CTRL_CTAATGGAGGAGCGAG-1,IGHV1-62-2,IGHJ2,CSRHGEGPLHPFDYW,IGKV4-80,IGKJ2,CHQWSSYPYTF
SRBC,NA,NA,TRUE,mouse,CTAATGGCAGGATTGG-1,SC22169_CTRL_CTAATGGCAGGATTGG-1,IGHV2-5,IGHJ1,CAKTNFYYWYFDVW,IGKV8-16,IGKJ1,CQQHLHIPPTF
SRBC,NA,NA,TRUE,mouse,CTAATGGGTTGGACCC-1,SC22169_CTRL_CTAATGGGTTGGACCC-1,IGHV9-2-1,IGHJ4,CVSNYGWYAMDYW,IGKV2-137,IGKJ2,CMQHLEYPYTF
SRBC,NA,NA,TRUE,mouse,CTACACCGTACCAGTT-1,SC22169_CTRL_CTACACCGTACCAGTT-1,IGHV5-12-1,IGHJ3,CVRGLGRGDW,IGKV1-135,IGKJ1,CWQGTHFPQTF
SRBC,NA,NA,TRUE,mouse,CTACACCGTTTGTTTC-1,SC22169_CTRL_CTACACCGTTTGTTTC-1,IGHV9-3-1,IGHJ3,CASGRDGYYVAYW,IGKV5-39,IGKJ5,CQNGHSFPLTF
SRBC,NA,NA,TRUE,mouse,CTACATTCACCGAATT-1,SC22169_CTRL_CTACATTCACCGAATT-1,IGHV9-3-1,IGHJ3,CARESPYGWFTYW,IGKV12-41,IGKJ1,CQHFWSTPRTF
SRBC,NA,NA,TRUE,mouse,CTACATTCATCCCACT-1,SC22169_CTRL_CTACATTCATCCCACT-1,IGHV1-18,IGHJ2,CARSDHYTPTYYFDYW,IGKV13-85,IGKJ5,CQQYWSTPLTF
SRBC,NA,NA,TRUE,mouse,CTACCCAAGGCAGTCA-1,SC22169_CTRL_CTACCCAAGGCAGTCA-1,IGHV1-80,IGHJ2,CARSYGYCFDYW,IGKV6-23,IGKJ4,CQQYSSYPFTF
SRBC,NA,NA,TRUE,mouse,CTACCCAGTACAGCAG-1,SC22169_CTRL_CTACCCAGTACAGCAG-1,IGHV1-47-20,IGHJ4,CARGRYGAMDYW,IGKV6-15,IGKJ5,CQQYNSYPLTF
SRBC,NA,NA,TRUE,mouse,CTACCCAGTATCGCAT-1,SC22169_CTRL_CTACCCAGTATCGCAT-1,IGHV2-2,IGHJ4,CARNSGGDYYAMDYW,IGKV17-121,IGKJ2,CLQSDNLPYTF
SRBC,NA,NA,TRUE,mouse,CTACCCAGTCGCGGTT-1,SC22169_CTRL_CTACCCAGTCGCGGTT-1,IGHV1-64,IGHJ4,CARRGPFYVMDYW,IGKV12-44,IGKJ4,CQHHYGTPFTF
SRBC,NA,NA,TRUE,mouse,CTACGTCAGATCCCGC-1,SC22169_CTRL_CTACGTCAGATCCCGC-1,IGHV1-81,IGHJ1,CARDSDYESYWYFDVW,IGKV12-89,IGKJ1,CQNVLSTPWTF
SRBC,NA,NA,TRUE,mouse,CTACGTCAGCTGAAAT-1,SC22169_CTRL_CTACGTCAGCTGAAAT-1,IGHV10-1-2,IGHJ3,CVGGPWFAYW,IGLV1,IGLJ1,CALWYSNHWVF
SRBC,NA,NA,TRUE,mouse,CTACGTCAGGAGTTTA-1,SC22169_CTRL_CTACGTCAGGAGTTTA-1,IGHV1-87,IGHJ1,CARLEIPTAGYFDVW,IGKV3-12,IGKJ2,CQHSRELPTF
SRBC,NA,NA,TRUE,mouse,CTACGTCAGTAGGCCA-1,SC22169_CTRL_CTACGTCAGTAGGCCA-1,IGHV5-4,IGHJ3,CARGLLRLQAWFAYW,IGKV10-94,IGKJ1,CQQYSKLPWTF
SRBC,NA,NA,TRUE,mouse,CTACGTCCACGGCCAT-1,SC22169_CTRL_CTACGTCCACGGCCAT-1,IGHV9-3,IGHJ3,CAKGVYNNYDLAWFAYW,IGKV8-21,IGKJ5,CKQSYNLLTF
SRBC,NA,NA,TRUE,mouse,CTACGTCCATACGCCG-1,SC22169_CTRL_CTACGTCCATACGCCG-1,IGHV9-3,IGHJ2,CARRGFDYW,IGLV1,IGLJ1,CALWYSKLWVF
SRBC,NA,NA,TRUE,mouse,CTACGTCCATGGTCAT-1,SC22169_CTRL_CTACGTCCATGGTCAT-1,IGHV1-31,IGHJ2,CARKDYYGPYYFDYW,IGKV1-117,IGKJ5,CFQGSYVPLTF
SRBC,NA,NA,TRUE,mouse,CTAGAGTCAAAGGCGT-1,SC22169_CTRL_CTAGAGTCAAAGGCGT-1,IGHV1-39,IGHJ4,CARSGDLLTSAYYAVDYW,IGKV10-96,IGKJ1,CQQGNTLPWTF
SRBC,NA,NA,TRUE,mouse,CTAGAGTCAATGGAGC-1,SC22169_CTRL_CTAGAGTCAATGGAGC-1,IGHV1-9,IGHJ3,CARRAYYGNSFWFAYW,IGKV1-117,IGKJ2,CSQSTHVPYTF
SRBC,NA,NA,TRUE,mouse,CTAGAGTGTCAGAGGT-1,SC22169_CTRL_CTAGAGTGTCAGAGGT-1,IGHV1-76,IGHJ3,CARSHYSNSWFAYW,IGKV5-43,IGKJ1,CQQSNSWPQTF
SRBC,NA,NA,TRUE,mouse,CTAGAGTGTCTGGTCG-1,SC22169_CTRL_CTAGAGTGTCTGGTCG-1,IGHV5-12,IGHJ1,CARQTAGTWYFDVW,IGKV6-15,IGKJ1,CQQYNTYPLTF
SRBC,NA,NA,TRUE,mouse,CTAGAGTTCCCTGACT-1,SC22169_CTRL_CTAGAGTTCCCTGACT-1,IGHV9-1,IGHJ2,CARGLGLLGYYFDYW,IGKV2-109,IGKJ5,CAQNLELPLTF
SRBC,NA,NA,TRUE,mouse,CTAGCCTAGCCCAATT-1,SC22169_CTRL_CTAGCCTAGCCCAATT-1,IGHV1-55,IGHJ1,CARWRGGLWYFDVW,IGKV4-80,IGKJ2,CHQWSSYPTF
SRBC,NA,NA,TRUE,mouse,CTAGCCTCAAGCCGTC-1,SC22169_CTRL_CTAGCCTCAAGCCGTC-1,IGHV1-39,IGHJ1,CARSGYYRYFDVW,IGKV1-99,IGKJ2,CFQNNYLPYTF
SRBC,NA,NA,TRUE,mouse,CTAGCCTTCCCAACGG-1,SC22169_CTRL_CTAGCCTTCCCAACGG-1,IGHV1-47-3,IGHJ2,CTVLRLPYW,IGLV1,IGLJ1,CALWYSNHLVF
SRBC,NA,NA,TRUE,mouse,CTAGTGAAGGTTCCTA-1,SC22169_CTRL_CTAGTGAAGGTTCCTA-1,IGHV5-17,IGHJ3,CARSGSLGFAYW,IGKV12-44,IGKJ2,CQHHYGTYTF
SRBC,NA,NA,TRUE,mouse,CTAGTGACACTGCCAG-1,SC22169_CTRL_CTAGTGACACTGCCAG-1,IGHV1-55,IGHJ2,CAREGLYGSSFLFDYW,IGKV8-21,IGKJ2,CKQSYNLYTF
SRBC,NA,NA,TRUE,mouse,CTCACACAGCTAGCCC-1,SC22169_CTRL_CTCACACAGCTAGCCC-1,IGHV3-2,IGHJ2,CARGEGYFDYW,IGKV5-43,IGKJ1,CQQSNSWPRTF
SRBC,NA,NA,TRUE,mouse,CTCACACAGGTTACCT-1,SC22169_CTRL_CTCACACAGGTTACCT-1,IGHV1-18,IGHJ4,CARREDPITTVVATDYAMDYW,IGKV10-94,IGKJ4,CQQYSKLPPTF
SRBC,NA,NA,TRUE,mouse,CTCACACCATGATCCA-1,SC22169_CTRL_CTCACACCATGATCCA-1,IGHV3-1,IGHJ4,CARWLLYYYAMDYW,IGKV1-117,IGKJ2,CFQGSHVPYTF
SRBC,NA,NA,TRUE,mouse,CTCACACTCCCTGACT-1,SC22169_CTRL_CTCACACTCCCTGACT-1,IGHV4-1,IGHJ4,CARRRANYYGNPYAMDYW,IGKV8-30,IGKJ2,CQQYYSYPYTF
SRBC,NA,NA,TRUE,mouse,CTCACACTCTTTACAC-1,SC22169_CTRL_CTCACACTCTTTACAC-1,IGHV1-19,IGHJ2,CAKAGWDDDFDYW,IGKV1-135,IGKJ1,CWQGTHFPQTF
SRBC,NA,NA,TRUE,mouse,CTCCTAGAGACTGGGT-1,SC22169_CTRL_CTCCTAGAGACTGGGT-1,IGHV1-55,IGHJ1,CTRIRGYWYFDLW,IGKV5-48,IGKJ5,CQQSNSWPLTF
SRBC,NA,NA,TRUE,mouse,CTCCTAGAGCTAAGAT-1,SC22169_CTRL_CTCCTAGAGCTAAGAT-1,IGHV14-3,IGHJ4,CARGVLRLLNYAMDYW,IGKV14-111,IGKJ2,CLQYDEFPYTF
SRBC,NA,NA,TRUE,mouse,CTCCTAGAGGTGCACA-1,SC22169_CTRL_CTCCTAGAGGTGCACA-1,IGHV14-2,IGHJ2,CARWGVTTEGACFDYW,IGKV4-59,IGKJ4,CQQWSSNPPTF
SRBC,NA,NA,TRUE,mouse,CTCCTAGCATAGGATA-1,SC22169_CTRL_CTCCTAGCATAGGATA-1,IGHV1-87,IGHJ3,CASSPYYGNLAWFAYW,IGKV2-109,IGKJ1,CAQNLELPWTF
SRBC,NA,NA,TRUE,mouse,CTCGAGGAGGACTGGT-1,SC22169_CTRL_CTCGAGGAGGACTGGT-1,IGHV1-18,IGHJ2,CARPHLNNWDYDYW,IGKV10-94,IGKJ5,CQQYSKLPLTF
SRBC,NA,NA,TRUE,mouse,CTCGAGGGTACAGACG-1,SC22169_CTRL_CTCGAGGGTACAGACG-1,IGHV6-3,IGHJ3,CTELGPFW,IGKV19-93,IGKJ1,CLQYDNLWTF
SRBC,NA,NA,TRUE,mouse,CTCGAGGTCAATCACG-1,SC22169_CTRL_CTCGAGGTCAATCACG-1,IGHV14-3,IGHJ4,CARGTTVVATDYAMDYW,IGKV6-25,IGKJ2,CQQHYSTPYTF
SRBC,NA,NA,TRUE,mouse,CTCGAGGTCAGTTTGG-1,SC22169_CTRL_CTCGAGGTCAGTTTGG-1,IGHV8-8,IGHJ3,CARIANYYGSEDWFAYW,IGKV9-120,IGKJ4,CLQYASSPFTF
SRBC,NA,NA,TRUE,mouse,CTCGGAGCAAGGACTG-1,SC22169_CTRL_CTCGGAGCAAGGACTG-1,IGHV1-18-65,IGHJ4,CARRAYYGNYDTMDYW,IGKV1-110,IGKJ1,CSQSTHVPWTF
SRBC,NA,NA,TRUE,mouse,CTCGGGAAGCGCTTAT-1,SC22169_CTRL_CTCGGGAAGCGCTTAT-1,IGHV1-71-6,IGHJ3,CTRSYGNYGAWFAYW,IGKV17-127,IGKJ2,CLQSDNMPYTF
SRBC,NA,NA,TRUE,mouse,CTCGTACAGCGCCTCA-1,SC22169_CTRL_CTCGTACAGCGCCTCA-1,IGHV8-4-4,IGHJ4,CARGYYYGSIYYAMDYW,IGLV1,IGLJ1,CALWYSNRWVF
SRBC,NA,NA,TRUE,mouse,CTCGTACAGTTGCAGG-1,SC22169_CTRL_CTCGTACAGTTGCAGG-1,IGHV1-80,IGHJ2,CARSLYDGYSGYW,IGKV1-135,IGKJ1,CWQGTHFPQTF
SRBC,NA,NA,TRUE,mouse,CTCGTACGTTCCGGCA-1,SC22169_CTRL_CTCGTACGTTCCGGCA-1,IGHV3-2,IGHJ3,CAWGLPLAYW,IGKV1-135,IGKJ5,CWQGTHFPLTF
SRBC,NA,NA,TRUE,mouse,CTCGTACTCATACGGT-1,SC22169_CTRL_CTCGTACTCATACGGT-1,IGHV1-62-2,IGHJ1,CARPRYYGNYDWYFDVW,IGKV8-30,IGKJ2,CQQYYSYPYTF
SRBC,NA,NA,TRUE,mouse,CTCGTCAAGTTGAGAT-1,SC22169_CTRL_CTCGTCAAGTTGAGAT-1,IGHV9-3-1,IGHJ4,CASGRLLPNYYAMDYW,IGKV1-110,IGKJ2,CSQSTHVPFTF
SRBC,NA,NA,TRUE,mouse,CTCGTCACATGTCTCC-1,SC22169_CTRL_CTCGTCACATGTCTCC-1,IGHV1-18-17,IGHJ3,CARHGTTAAWFAYW,IGKV12-44,IGKJ2,CQHHYGTPYTF
SRBC,NA,NA,TRUE,mouse,CTCGTCATCAACCATG-1,SC22169_CTRL_CTCGTCATCAACCATG-1,IGHV1-19,IGHJ2,CARRRRSYYGSYNFDYW,IGKV10-96,IGKJ1,CQQGNTLPPTF
SRBC,NA,NA,TRUE,mouse,CTCTAATAGTATCTCG-1,SC22169_CTRL_CTCTAATAGTATCTCG-1,IGHV1-81,IGHJ3,CARSGGIYYDPTGFAYW,IGKV4-55,IGKJ5,CQQWSSYPPTF
SRBC,NA,NA,TRUE,mouse,CTCTAATTCGACAGCC-1,SC22169_CTRL_CTCTAATTCGACAGCC-1,IGHV9-3,IGHJ3,CARRGLAYW,IGLV1,IGLJ1,CVLWNSNHLVF
SRBC,NA,NA,TRUE,mouse,CTCTGGTGTGCGATAG-1,SC22169_CTRL_CTCTGGTGTGCGATAG-1,IGHV1-47-2,IGHJ2,CASYYYGRSYFDYW,IGKV17-121,IGKJ4,CLQSDNLPFTF
SRBC,NA,NA,TRUE,mouse,CTCTGGTTCAATCTCT-1,SC22169_CTRL_CTCTGGTTCAATCTCT-1,IGHV5-12,IGHJ3,CASNIPVFAYW,IGKV5-48,IGKJ5,CQQSNSWPLTF
SRBC,NA,NA,TRUE,mouse,CTGAAACCACAAGCCC-1,SC22169_CTRL_CTGAAACCACAAGCCC-1,IGHV2-2,IGHJ1,CARKRYYGYLYFDVW,IGKV1-117,IGKJ5,CFQGSHVPLTF
SRBC,NA,NA,TRUE,mouse,CTGAAGTAGGTACTCT-1,SC22169_CTRL_CTGAAGTAGGTACTCT-1,IGHV1-50,IGHJ3,CARGAYW,IGKV1-117,IGKJ5,CFQGSHVPLTF
SRBC,NA,NA,TRUE,mouse,CTGAAGTGTCAGGACA-1,SC22169_CTRL_CTGAAGTGTCAGGACA-1,IGHV9-1,IGHJ4,CARPMGYGSYAMDYW,IGKV6-32,IGKJ2,CQQDYTSPYTF
SRBC,NA,NA,TRUE,mouse,CTGAAGTGTCGCGTGT-1,SC22169_CTRL_CTGAAGTGTCGCGTGT-1,IGHV5-6-5,IGHJ2,CARDGPLFDYW,IGKV12-44,IGKJ1,CQHHYGTPWTF
SRBC,NA,NA,TRUE,mouse,CTGAAGTGTTAGAACA-1,SC22169_CTRL_CTGAAGTGTTAGAACA-1,IGHV1-81,IGHJ3,CARGRGFYYDYGSWFAYW,IGKV1-135,IGKJ5,CWQGTHFPLTF
SRBC,NA,NA,TRUE,mouse,CTGATAGCATATGGTC-1,SC22169_CTRL_CTGATAGCATATGGTC-1,IGHV1-62-2,IGHJ2,CARHGMTGFDYW,IGKV2-137,IGKJ2,CMQHLEYPYTF
SRBC,NA,NA,TRUE,mouse,CTGATAGGTAAATGTG-1,SC22169_CTRL_CTGATAGGTAAATGTG-1,IGHV1-9,IGHJ1,CARKAGYWYFDVW,IGKV5-43,IGKJ2,CQQSNNWPYTF
SRBC,NA,NA,TRUE,mouse,CTGATAGGTGCCTTGG-1,SC22169_CTRL_CTGATAGGTGCCTTGG-1,IGHV6-6,IGHJ4,CLRVRTGYAMDYW,IGKV8-30,IGKJ5,CQQYYSYPLTF
SRBC,NA,NA,TRUE,mouse,CTGATAGGTGGTTTCA-1,SC22169_CTRL_CTGATAGGTGGTTTCA-1,IGHV5-17,IGHJ3,CARRGYYSFAYW,IGKV14-126,IGKJ4,CLQHGESPFTF
SRBC,NA,NA,TRUE,mouse,CTGATCCAGGAGTAGA-1,SC22169_CTRL_CTGATCCAGGAGTAGA-1,IGHV1-42,IGHJ3,CARGRSYYYGSSWFGYW,IGKV1-117,IGKJ1,CFQGSLVPWTF
SRBC,NA,NA,TRUE,mouse,CTGATCCGTTGCCTCT-1,SC22169_CTRL_CTGATCCGTTGCCTCT-1,IGHV1-14,IGHJ3,CAYLPLRFAYW,IGKV8-19,IGKJ2,CQNDYSYPYTF
SRBC,NA,NA,TRUE,mouse,CTGCCTAAGCTAGTCT-1,SC22169_CTRL_CTGCCTAAGCTAGTCT-1,IGHV1-39,IGHJ2,CARGEGLATQALYYFDYW,IGLV1,IGLJ1,CALWYSNHWVF
SRBC,NA,NA,TRUE,mouse,CTGCCTAGTCAACATC-1,SC22169_CTRL_CTGCCTAGTCAACATC-1,IGHV1-18-65,IGHJ4,CARWNYYGSSYYAMDYW,IGKV4-52,IGKJ5,CQQYHSYPLTF
SRBC,NA,NA,TRUE,mouse,CTGCCTATCGTTGACA-1,SC22169_CTRL_CTGCCTATCGTTGACA-1,IGHV1-9,IGHJ2,CARGDYGNLGHW,IGLV2,IGLJ2,CALWYSTHFVF
SRBC,NA,NA,TRUE,mouse,CTGCGGACACTACAGT-1,SC22169_CTRL_CTGCGGACACTACAGT-1,IGHV9-3,IGHJ2,CARRNFDYW,IGLV1,IGLJ1,CALWYSKHWVF
SRBC,NA,NA,TRUE,mouse,CTGCGGAGTCACCCAG-1,SC22169_CTRL_CTGCGGAGTCACCCAG-1,IGHV1-58,IGHJ4,CARSGCGGIYYYGGSSFTCAMDYW,IGKV5-39,IGKJ4,CQNGHSFPFTF
SRBC,NA,NA,TRUE,mouse,CTGCTGTGTAAAGTCA-1,SC22169_CTRL_CTGCTGTGTAAAGTCA-1,IGHV1-47-24,IGHJ4,CARSEILLKRGYAMDYW,IGKV10-96,IGKJ1,CQQGYTLPWTF
SRBC,NA,NA,TRUE,mouse,CTGCTGTTCGGAAATA-1,SC22169_CTRL_CTGCTGTTCGGAAATA-1,IGHV1-9,IGHJ2,CARRRYYGTTYYFDFW,IGKV1-117,IGKJ1,CFQGSHVPWTF
SRBC,NA,NA,TRUE,mouse,CTGGTCTAGAAGGCCT-1,SC22169_CTRL_CTGGTCTAGAAGGCCT-1,IGHV1-9,IGHJ3,CARDSNYVRFAYW,IGKV6-32,IGKJ1,CQQDYSSPWTF
SRBC,NA,NA,TRUE,mouse,CTGGTCTCAACCGCCA-1,SC22169_CTRL_CTGGTCTCAACCGCCA-1,IGHV9-3,IGHJ2,CARRGFDYW,IGLV1,IGLJ1,CALWYSNLWVF
SRBC,NA,NA,TRUE,mouse,CTGGTCTCATCGTCGG-1,SC22169_CTRL_CTGGTCTCATCGTCGG-1,IGHV1-62-2,IGHJ3,CARHEEEAYYGNYVGFAYW,IGKV2-137,IGKJ2,CMQHLEYPYTF
SRBC,NA,NA,TRUE,mouse,CTGTGCTAGGTCATCT-1,SC22169_CTRL_CTGTGCTAGGTCATCT-1,IGHV2-5,IGHJ2,CAKGGNFYGSNYFDYW,IGKV1-110,IGKJ1,CSQSTHVPWTF
SRBC,NA,NA,TRUE,mouse,CTGTGCTCATGTAAGA-1,SC22169_CTRL_CTGTGCTCATGTAAGA-1,IGHV1-42-1,IGHJ3,CATVYGNSLAWFAYW,IGKV16-104,IGKJ5,CQQHNEYPLTF
SRBC,NA,NA,TRUE,mouse,CTGTGCTGTACGCACC-1,SC22169_CTRL_CTGTGCTGTACGCACC-1,IGHV1-54,IGHJ1,CARWYFDVW,IGKV1-133,IGKJ1,CVQGTHFPRTF
SRBC,NA,NA,TRUE,mouse,CTGTGCTGTTCGGGCT-1,SC22169_CTRL_CTGTGCTGTTCGGGCT-1,IGHV5-17,IGHJ4,CARGRLFYAMDYW,IGKV8-19,IGKJ5,CQNDYSFPLTF
SRBC,NA,NA,TRUE,mouse,CTGTTTACAAACAACA-1,SC22169_CTRL_CTGTTTACAAACAACA-1,IGHV1-82,IGHJ2,CATNWSFDYW,IGKV1-135,IGKJ1,CWQGTHFPWTF
SRBC,NA,NA,TRUE,mouse,CTGTTTAGTCGACTGC-1,SC22169_CTRL_CTGTTTAGTCGACTGC-1,IGHV1-85,IGHJ4,CARKGYGHDYAMDHW,IGKV5-43,IGKJ5,CQQSNSWPLTF
SRBC,NA,NA,TRUE,mouse,CTGTTTAGTGACCAAG-1,SC22169_CTRL_CTGTTTAGTGACCAAG-1,IGHV1-55,IGHJ2,CARTATVVPYYFDYW,IGKV5-48,IGKJ5,CQQTNTWPTTF
SRBC,NA,NA,TRUE,mouse,CTGTTTAGTTAGATGA-1,SC22169_CTRL_CTGTTTAGTTAGATGA-1,IGHV1-80,IGHJ3,CAREGNYYGSTWFAYW,IGKV3-12,IGKJ1,CQHSRELPWTF
SRBC,NA,NA,TRUE,mouse,CTTAACTCAACTTGAC-1,SC22169_CTRL_CTTAACTCAACTTGAC-1,IGHV4-1,IGHJ3,CARRRMITAWFAYW,IGKV3-12,IGKJ2,CQHSWELPFTF
SRBC,NA,NA,TRUE,mouse,CTTAACTCAATACGCT-1,SC22169_CTRL_CTTAACTCAATACGCT-1,IGHV1-82,IGHJ2,CVRGGGEYYFDYW,IGKV6-23,IGKJ5,CQQYSSYPLTF
SRBC,NA,NA,TRUE,mouse,CTTAACTCACTTAAGC-1,SC22169_CTRL_CTTAACTCACTTAAGC-1,IGHV6-6,IGHJ1,CTLYDGYGYWYFDVW,IGKV3-1,IGKJ5,CQQSRKVPLTF
SRBC,NA,NA,TRUE,mouse,CTTAACTGTAGGCATG-1,SC22169_CTRL_CTTAACTGTAGGCATG-1,IGHV5-6-4,IGHJ2,CTRDNYRFDYW,IGKV8-24,IGKJ4,CQQHYSTPFTF
SRBC,NA,NA,TRUE,mouse,CTTAACTTCTACGAGT-1,SC22169_CTRL_CTTAACTTCTACGAGT-1,IGHV1-80,IGHJ4,CARSYGYTMDYW,IGKV6-13,IGKJ4,CQQYSTFPLTF
SRBC,NA,NA,TRUE,mouse,CTTACCGAGAAACCGC-1,SC22169_CTRL_CTTACCGAGAAACCGC-1,IGHV1-26,IGHJ2,CARTGWFDFW,IGLV1,IGLJ1,CALWYNNHWVF
SRBC,NA,NA,TRUE,mouse,CTTACCGCATCACCCT-1,SC22169_CTRL_CTTACCGCATCACCCT-1,IGHV1-69-2,IGHJ4,CARSTMTHYYSMDYW,IGKV16-104,IGKJ1,CQQHNEYPWTF
SRBC,NA,NA,TRUE,mouse,CTTACCGGTTACGACT-1,SC22169_CTRL_CTTACCGGTTACGACT-1,IGHV9-3,IGHJ2,CARRGFDYW,IGLV1,IGLJ1,CALWYSNHWVF
SRBC,NA,NA,TRUE,mouse,CTTACCGTCCTCTAGC-1,SC22169_CTRL_CTTACCGTCCTCTAGC-1,IGHV2-6-4,IGHJ4,CARKRATSGAMDYW,IGKV3-4,IGKJ5,CQQSNEDPLTF
SRBC,NA,NA,TRUE,mouse,CTTAGGAGTAGCCTCG-1,SC22169_CTRL_CTTAGGAGTAGCCTCG-1,IGHV1-62-2,IGHJ3,CARHEDNDVYYVEFAYW,IGKV2-137,IGKJ2,CMQHLEYPYTF
SRBC,NA,NA,TRUE,mouse,CTTAGGAGTATGAAAC-1,SC22169_CTRL_CTTAGGAGTATGAAAC-1,IGHV1-47-8,IGHJ1,CARRDYYGSRYWYFDVW,IGKV4-91,IGKJ5,CQQGSSIPLTF
SRBC,NA,NA,TRUE,mouse,CTTAGGATCGGTCTAA-1,SC22169_CTRL_CTTAGGATCGGTCTAA-1,IGHV1-81,IGHJ3,CARGRGFYYDYGSWFAYW,IGKV1-135,IGKJ5,CWQGTHFPLTF
SRBC,NA,NA,TRUE,mouse,CTTGGCTGTGTCGCTG-1,SC22169_CTRL_CTTGGCTGTGTCGCTG-1,IGHV1-87,IGHJ1,CARKEDYYDYDGDYWYFDVW,IGKV17-127,IGKJ5,CLQSDNMPLTF
SRBC,NA,NA,TRUE,mouse,CTTGGCTGTTTAGGAA-1,SC22169_CTRL_CTTGGCTGTTTAGGAA-1,IGHV5-6-4,IGHJ2,CTRDRGITSDYFDYW,IGKV10-96,IGKJ1,CQQGNSLPRTF
SRBC,NA,NA,TRUE,mouse,CTTGGCTTCGAATCCA-1,SC22169_CTRL_CTTGGCTTCGAATCCA-1,IGHV10-1,IGHJ4,CVRHRDYYGSRYYAMDYW,IGKV3-10,IGKJ4,CQQNNEDPFTF
SRBC,NA,NA,TRUE,mouse,GAAACTCAGTGTACTC-1,SC22169_CTRL_GAAACTCAGTGTACTC-1,IGHV1-9,IGHJ2,CARRRYYGSSYFFDYW,IGKV1-117,IGKJ1,CFQGSHVPWTF
SRBC,NA,NA,TRUE,mouse,GAAACTCGTCTACCTC-1,SC22169_CTRL_GAAACTCGTCTACCTC-1,IGHV1-18,IGHJ2,CARMDWDGYFDYW,IGKV4-59,IGKJ2,CQQWSSNPPTF
SRBC,NA,NA,TRUE,mouse,GAAATGACACATCCAA-1,SC22169_CTRL_GAAATGACACATCCAA-1,IGHV5-12,IGHJ1,CARHGNYPYWYFDVW,IGKV1-117,IGKJ4,CFQGSHVPFTF
SRBC,NA,NA,TRUE,mouse,GAAATGACAGTAGAGC-1,SC22169_CTRL_GAAATGACAGTAGAGC-1,IGHV1-78,IGHJ3,CARRGYGSSYSFVYW,IGKV1-110,IGKJ1,CSQSTHVPWTF
SRBC,NA,NA,TRUE,mouse,GAAATGAGTGCACTTA-1,SC22169_CTRL_GAAATGAGTGCACTTA-1,IGHV5-12,IGHJ1,CARQAMVRYFDVW,IGKV5-43,IGKJ5,CQQSNSWPLTF
SRBC,NA,NA,TRUE,mouse,GAACATCCAATCGAAA-1,SC22169_CTRL_GAACATCCAATCGAAA-1,IGHV8-4-13,IGHJ3,CARMAYYGYDWFAYW,IGKV19-93,IGKJ1,CLQHGESPWTF
SRBC,NA,NA,TRUE,mouse,GAACATCCACTGTTAG-1,SC22169_CTRL_GAACATCCACTGTTAG-1,IGHV2-5,IGHJ2,CAKERGIYYGNYFDYW,IGKV1-110,IGKJ1,CSQSTHVPWTF
SRBC,NA,NA,TRUE,mouse,GAACCTAAGTTCCACA-1,SC22169_CTRL_GAACCTAAGTTCCACA-1,IGHV2-5-1,IGHJ3,CAKAASLYYNYDWFAYW,IGKV5-48,IGKJ5,CQQGNRWPLTF
SRBC,NA,NA,TRUE,mouse,GAACCTACATGGTCAT-1,SC22169_CTRL_GAACCTACATGGTCAT-1,IGHV1-81,IGHJ2,CARVRDYGSSPYFDYW,IGKV4-91,IGKJ5,CQQGSSIPLTF
SRBC,NA,NA,TRUE,mouse,GAACCTATCACTGGGC-1,SC22169_CTRL_GAACCTATCACTGGGC-1,IGHV2-2,IGHJ4,CARTIDGNYVYYYAMDYW,IGKV8-27,IGKJ2,CHQYLSSYTF
SRBC,NA,NA,TRUE,mouse,GAACGGAAGATGTCGG-1,SC22169_CTRL_GAACGGAAGATGTCGG-1,IGHV2-6-7,IGHJ4,CARKRVAMDYW,IGKV6-15,IGKJ4,CQQYNSYPFTF
SRBC,NA,NA,TRUE,mouse,GAAGCAGCAGGATCGA-1,SC22169_CTRL_GAAGCAGCAGGATCGA-1,IGHV2-9,IGHJ4,CARGNIYYGYYYYTMDYW,IGKV8-24,IGKJ5,CQQHYSTPLTF
SRBC,NA,NA,TRUE,mouse,GAAGCAGGTCGGCTCA-1,SC22169_CTRL_GAAGCAGGTCGGCTCA-1,IGHV1-4,IGHJ4,CARGYYYAMDYW,IGKV10-96,IGKJ2,CQQGNTLPYTF
SRBC,NA,NA,TRUE,mouse,GAATAAGGTCTGCCAG-1,SC22169_CTRL_GAATAAGGTCTGCCAG-1,IGHV8-12,IGHJ1,CARECSEYFDVW,IGKV12-44,IGKJ4,CQHHYGTPFTF
SRBC,NA,NA,TRUE,mouse,GAATAAGGTTGAGGTG-1,SC22169_CTRL_GAATAAGGTTGAGGTG-1,IGHV1-9,IGHJ2,CARRRYYGSSYFFDYW,IGKV1-117,IGKJ1,CFQGSHVPWTF
SRBC,NA,NA,TRUE,mouse,GAATAAGGTTGTGGAG-1,SC22169_CTRL_GAATAAGGTTGTGGAG-1,IGHV1-42-1,IGHJ2,CARKGYYSSYYFDYW,IGKV1-117,IGKJ1,CFQGSHVPWTF
SRBC,NA,NA,TRUE,mouse,GAATGAAAGAAGAAGC-1,SC22169_CTRL_GAATGAAAGAAGAAGC-1,IGHV9-3,IGHJ3,CARVGDYVGFAYW,IGKV12-44,IGKJ2,CQHHYGNPYTF
SRBC,NA,NA,TRUE,mouse,GAATGAAGTAGGACAC-1,SC22169_CTRL_GAATGAAGTAGGACAC-1,IGHV5-12,IGHJ3,CARQRESSSSWFAYW,IGKV6-15,IGKJ1,CQQYNSYPLTF
SRBC,NA,NA,TRUE,mouse,GAATGAAGTGTTTGTG-1,SC22169_CTRL_GAATGAAGTGTTTGTG-1,IGHV3-1,IGHJ4,CARWVNYLYAMDYW,IGKV6-32,IGKJ1,CQQDYSSPWTF
SRBC,NA,NA,TRUE,mouse,GACACGCCAAACAACA-1,SC22169_CTRL_GACACGCCAAACAACA-1,IGHV1-69-9,IGHJ4,CAVRDSLLRLQGYAMDYW,IGKV10-94,IGKJ1,CQQYSKLPRTF
SRBC,NA,NA,TRUE,mouse,GACCTGGTCAGGTAAA-1,SC22169_CTRL_GACCTGGTCAGGTAAA-1,IGHV1-15,IGHJ4,CTRTDYYGSSHYAMDYW,IGKV1-117,IGKJ1,CFQGSHVPWTF
SRBC,NA,NA,TRUE,mouse,GACGCGTGTACTCTCC-1,SC22169_CTRL_GACGCGTGTACTCTCC-1,IGHV1-64,IGHJ1,CARKGYYSTWYFDVW,IGKV3-2,IGKJ1,CQQSKEVPRTF
SRBC,NA,NA,TRUE,mouse,GACGCGTTCTGCCAGG-1,SC22169_CTRL_GACGCGTTCTGCCAGG-1,IGHV7-3,IGHJ3,CARYGSDGYPFAYW,IGKV6-23,IGKJ1,CQQFSSYPLTF
SRBC,NA,NA,TRUE,mouse,GACGGCTCATACAGCT-1,SC22169_CTRL_GACGGCTCATACAGCT-1,IGHV1-42-1,IGHJ3,CARHMITTPFAYW,IGKV9-120,IGKJ1,CLQYASSPWTF
SRBC,NA,NA,TRUE,mouse,GACGTGCTCGACAGCC-1,SC22169_CTRL_GACGTGCTCGACAGCC-1,IGHV1-81,IGHJ3,CARERIYDYLFAYW,IGKV14-111,IGKJ2,CLQYDEFPFTF
SRBC,NA,NA,TRUE,mouse,GACGTTAAGTCCCACG-1,SC22169_CTRL_GACGTTAAGTCCCACG-1,IGHV5-17,IGHJ4,CARNYDYYYAMDYW,IGKV14-111,IGKJ1,CLQYDEFPWTF
SRBC,NA,NA,TRUE,mouse,GACTAACCATGACGGA-1,SC22169_CTRL_GACTAACCATGACGGA-1,IGHV9-3,IGHJ2,CARYSNYLYFDYW,IGKV1-117,IGKJ1,CFQGSHVPWTF
SRBC,NA,NA,TRUE,mouse,GACTACACACTAGTAC-1,SC22169_CTRL_GACTACACACTAGTAC-1,IGHV1-47-23,IGHJ3,CARSGYDAWFAYW,IGKV1-135,IGKJ1,CWQGTHFPQTF
SRBC,NA,NA,TRUE,mouse,GACTACACAGCTTAAC-1,SC22169_CTRL_GACTACACAGCTTAAC-1,IGHV9-2-1,IGHJ4,CGRWLLVYYAMDYW,IGLV2,IGLJ2,CALWYSTHYVF
SRBC,NA,NA,TRUE,mouse,GACTACAGTGGTAACG-1,SC22169_CTRL_GACTACAGTGGTAACG-1,IGHV5-6,IGHJ4,CARGGYPYVMDYW,IGKV12-41,IGKJ1,CQHFWSSPPWTF
SRBC,NA,NA,TRUE,mouse,GACTACAGTGTGGTTT-1,SC22169_CTRL_GACTACAGTGTGGTTT-1,IGHV1-55,IGHJ2,CARRGYWCFDYW,IGKV3-4,IGKJ1,CQQSNEDPRTF
SRBC,NA,NA,TRUE,mouse,GAGCAGACAGCCTTTC-1,SC22169_CTRL_GAGCAGACAGCCTTTC-1,IGHV1-9,IGHJ2,CARGYGNGYW,IGKV14-111,IGKJ2,CLQYDEFPYTF
SRBC,NA,NA,TRUE,mouse,GAGCAGACATCCCACT-1,SC22169_CTRL_GAGCAGACATCCCACT-1,IGHV1-5,IGHJ2,CTRKFYGNYGFDYW,IGKV1-117,IGKJ1,CFQGSHVPWTF
SRBC,NA,NA,TRUE,mouse,GAGGTGAAGCGCTCCA-1,SC22169_CTRL_GAGGTGAAGCGCTCCA-1,IGHV3-2,IGHJ1,CARPSTIYWYFDVW,IGKV10-96,IGKJ4,CQQGNTLPFTF
SRBC,NA,NA,TRUE,mouse,GAGTCCGGTACCGGCT-1,SC22169_CTRL_GAGTCCGGTACCGGCT-1,IGHV9-1,IGHJ3,CVRGPRQLRLGWFAYW,IGKV8-27,IGKJ2,CHQYFSSYTF
SRBC,NA,NA,TRUE,mouse,GAGTCCGGTATAGGTA-1,SC22169_CTRL_GAGTCCGGTATAGGTA-1,IGHV5-6,IGHJ3,CARDDYDKAYWFAYW,IGKV5-39,IGKJ2,CQNGHSFPYTF
SRBC,NA,NA,TRUE,mouse,GAGTCCGGTGACTACT-1,SC22169_CTRL_GAGTCCGGTGACTACT-1,IGHV2-2,IGHJ2,CARKKNWEGYFDYW,IGKV4-59,IGKJ2,CQQWSSNPPTF
SRBC,NA,NA,TRUE,mouse,GATCAGTAGACAGAGA-1,SC22169_CTRL_GATCAGTAGACAGAGA-1,IGHV1-26,IGHJ2,CARSPKWDVYYFDYW,IGKV1-117,IGKJ5,CFQGSHVPLTF
SRBC,NA,NA,TRUE,mouse,GATCGATAGATCGGGT-1,SC22169_CTRL_GATCGATAGATCGGGT-1,IGHV1-64,IGHJ1,CTRRSYYYWYFDVW,IGLV2,IGLJ2,CALWYSTHYVF
SRBC,NA,NA,TRUE,mouse,GATCGATAGCATCATC-1,SC22169_CTRL_GATCGATAGCATCATC-1,IGHV5-17,IGHJ4,CAGVRYDYYAMDYW,IGKV10-96,IGKJ2,CQQGNTLPYTF
SRBC,NA,NA,TRUE,mouse,GATCGATGTAGGCATG-1,SC22169_CTRL_GATCGATGTAGGCATG-1,IGHV1-54,IGHJ3,CAREGLDSAYGIAYW,IGKV1-117,IGKJ1,CFQGSHVPWTF
SRBC,NA,NA,TRUE,mouse,GATCGATGTTCACGGC-1,SC22169_CTRL_GATCGATGTTCACGGC-1,IGHV1-75,IGHJ2,CAVGGDVAYFDYW,IGKV15-103,IGKJ4,CQQGQSYPLTF
SRBC,NA,NA,TRUE,mouse,GATCGCGAGATGTCGG-1,SC22169_CTRL_GATCGCGAGATGTCGG-1,IGHV5-12,IGHJ4,CARHPFITVYAMDYW,IGKV1-117,IGKJ1,CSQSTHVPWTF
SRBC,NA,NA,TRUE,mouse,GATCGCGAGGCGTACA-1,SC22169_CTRL_GATCGCGAGGCGTACA-1,IGHV1-14,IGHJ2,CARSGWLLDYFDYW,IGKV1-117,IGKJ4,CFQGSHVPFTF
SRBC,NA,NA,TRUE,mouse,GATCTAGTCGGCCGAT-1,SC22169_CTRL_GATCTAGTCGGCCGAT-1,IGHV2-3,IGHJ1,CAKWYFDVW,IGKV5-48,IGKJ5,CQQSNSWPLTF
SRBC,NA,NA,TRUE,mouse,GATCTAGTCTTACCTA-1,SC22169_CTRL_GATCTAGTCTTACCTA-1,IGHV5-12-1,IGHJ4,CARNLHYGYDYYYVLDYW,IGKV16-104,IGKJ1,CQQHNEYPWTF
SRBC,NA,NA,TRUE,mouse,GATGAAACACTCAGGC-1,SC22169_CTRL_GATGAAACACTCAGGC-1,IGHV1-18-4,IGHJ4,CTRADGYFYYAMDYW,IGKV15-103,IGKJ2,CQQGQSYPYTF
SRBC,NA,NA,TRUE,mouse,GATGAAAGTTACGGAG-1,SC22169_CTRL_GATGAAAGTTACGGAG-1,IGHV1-47-24,IGHJ4,CATYYRFADYAMDYW,IGKV1-110,IGKJ1,CSQSTHVPWTF
SRBC,NA,NA,TRUE,mouse,GATGAAATCACGGTTA-1,SC22169_CTRL_GATGAAATCACGGTTA-1,IGHV1-12,IGHJ2,CARRGIYYGTSPFDYW,IGKV14-111,IGKJ1,CLQYDEFPWTF
SRBC,NA,NA,TRUE,mouse,GATGAAATCCGTAGTA-1,SC22169_CTRL_GATGAAATCCGTAGTA-1,IGHV5-17,IGHJ2,CARERLLYYGNYVFDYW,IGKV2-137,IGKJ5,CMQHLEYPLTF
SRBC,NA,NA,TRUE,mouse,GATGAGGCATTGGTAC-1,SC22169_CTRL_GATGAGGCATTGGTAC-1,IGHV9-1,IGHJ4,CSRTYGYDDYSMDYW,IGKV12-98,IGKJ1,CQQLYSTPWTF
SRBC,NA,NA,TRUE,mouse,GATTCAGAGAGCTGCA-1,SC22169_CTRL_GATTCAGAGAGCTGCA-1,IGHV9-3,IGHJ2,CARRGIDYW,IGLV1,IGLJ1,CALWYSNHWVF
SRBC,NA,NA,TRUE,mouse,GATTCAGCACTAGTAC-1,SC22169_CTRL_GATTCAGCACTAGTAC-1,IGHV5-6-3,IGHJ2,CARDYDGYYFDYW,IGKV1-117,IGKJ1,CFQGSHVPWTF
SRBC,NA,NA,TRUE,mouse,GATTCAGCATCGGACC-1,SC22169_CTRL_GATTCAGCATCGGACC-1,IGHV8-8,IGHJ2,CARIGGLRLEYYFDYW,IGKV12-46,IGKJ1,CQHFWGTPPTF
SRBC,NA,NA,TRUE,mouse,GATTCAGGTACTCAAC-1,SC22169_CTRL_GATTCAGGTACTCAAC-1,IGHV5-6,IGHJ4,CARHGRLEEYAMDYW,IGKV1-135,IGKJ1,CWQGTHFPWTF
SRBC,NA,NA,TRUE,mouse,GATTCAGGTTTGTTGG-1,SC22169_CTRL_GATTCAGGTTTGTTGG-1,IGHV1-18,IGHJ2,CARMTTGGFDYW,IGKV8-21,IGKJ1,CKQSYNLWTF
SRBC,NA,NA,TRUE,mouse,GCAAACTCAATTGCTG-1,SC22169_CTRL_GCAAACTCAATTGCTG-1,IGHV1-62-2,IGHJ4,CARHEGDYYGSRGAMDYW,IGLV1,IGLJ1,CALWYSNHWVF
SRBC,NA,NA,TRUE,mouse,GCAAACTGTCAAGCGA-1,SC22169_CTRL_GCAAACTGTCAAGCGA-1,IGHV1-42-1,IGHJ4,CARRRGLYGSSYDAMDYW,IGKV9-123,IGKJ1,CLQRNAYPWTF
SRBC,NA,NA,TRUE,mouse,GCAAACTGTCGATTGT-1,SC22169_CTRL_GCAAACTGTCGATTGT-1,IGHV1-55,IGHJ2,CARSDYEGYYFDYW,IGKV6-15,IGKJ2,CQQYNSYPYTF
SRBC,NA,NA,TRUE,mouse,GCAATCAAGATGCGAC-1,SC22169_CTRL_GCAATCAAGATGCGAC-1,IGHV1-26,IGHJ3,CARGTYYGYDAWFAYW,IGKV6-17,IGKJ2,CQQHYSTPYTF
SRBC,NA,NA,TRUE,mouse,GCAATCAGTAGCAAAT-1,SC22169_CTRL_GCAATCAGTAGCAAAT-1,IGHV1-81,IGHJ3,CARGRGFYYDYDSWFAYW,IGKV1-117,IGKJ4,CFQGSPVPFTF
SRBC,NA,NA,TRUE,mouse,GCAATCATCCGCTGTT-1,SC22169_CTRL_GCAATCATCCGCTGTT-1,IGHV8-4-13,IGHJ2,CARNDYGSSYFDYW,IGKV4-74,IGKJ5,CHQYHRSPPTF
SRBC,NA,NA,TRUE,mouse,GCACATACATGTCTCC-1,SC22169_CTRL_GCACATACATGTCTCC-1,IGHV1-42-1,IGHJ4,CARRRYYDYDGAMDYW,IGKV1-110,IGKJ1,CSQSTHVPWTF
SRBC,NA,NA,TRUE,mouse,GCACATAGTCATATGC-1,SC22169_CTRL_GCACATAGTCATATGC-1,IGHV1-42,IGHJ2,CARRYYYGSSLDYW,IGKV1-117,IGKJ5,CFQGSHVPLTF
SRBC,NA,NA,TRUE,mouse,GCACTCTAGAGTGACC-1,SC22169_CTRL_GCACTCTAGAGTGACC-1,IGHV1-18-26,IGHJ3,CARGNYGYPAWFAYW,IGLV1,IGLJ1,CALWYSNHWVF
SRBC,NA,NA,TRUE,mouse,GCACTCTGTCCGCTGA-1,SC22169_CTRL_GCACTCTGTCCGCTGA-1,IGHV1-19,IGHJ2,CARRRRSYYGSYNFDYW,IGKV10-96,IGKJ1,CQQGNTLPPTF
SRBC,NA,NA,TRUE,mouse,GCAGTTATCATCGCTC-1,SC22169_CTRL_GCAGTTATCATCGCTC-1,IGHV1-47-2,IGHJ3,CTRSPSFAYW,IGKV9-124,IGKJ1,CLQYASYPWTF
SRBC,NA,NA,TRUE,mouse,GCATACAAGATAGTCA-1,SC22169_CTRL_GCATACAAGATAGTCA-1,IGHV1-80,IGHJ3,CARSDGYDPFAYW,IGKV14-111,IGKJ5,CLQYDEFPVTF
SRBC,NA,NA,TRUE,mouse,GCATACACACATAACC-1,SC22169_CTRL_GCATACACACATAACC-1,IGHV9-4,IGHJ2,CARGLRKVGAYW,IGKV6-15,IGKJ2,CQQYNSYPYTF
SRBC,NA,NA,TRUE,mouse,GCATACACATGTCCTC-1,SC22169_CTRL_GCATACACATGTCCTC-1,IGHV1-12,IGHJ4,CARSRDYYVMDYW,IGKV14-111,IGKJ2,CLQYDDFPPTF
SRBC,NA,NA,TRUE,mouse,GCATGATAGTAGCGGT-1,SC22169_CTRL_GCATGATAGTAGCGGT-1,IGHV1-58,IGHJ1,CARDPQTLHFDVW,IGKV2-109,IGKJ5,CAQNLELPLTF
SRBC,NA,NA,TRUE,mouse,GCATGATTCGGTTAAC-1,SC22169_CTRL_GCATGATTCGGTTAAC-1,IGHV1-9,IGHJ4,CARRDYYGHYGGAMDYW,IGKV1-110,IGKJ1,CSQSTHVPWTF
SRBC,NA,NA,TRUE,mouse,GCATGCGAGATGTGGC-1,SC22169_CTRL_GCATGCGAGATGTGGC-1,IGHV9-1,IGHJ1,CARPDYRYDYWYFDVW,IGKV4-72,IGKJ5,CQQWSSNPPTF
SRBC,NA,NA,TRUE,mouse,GCATGCGCAGGGCATA-1,SC22169_CTRL_GCATGCGCAGGGCATA-1,IGHV1-9,IGHJ2,CARRYYYGISYFFDYW,IGKV1-117,IGKJ1,CFQGSHVPWTF
SRBC,NA,NA,TRUE,mouse,GCATGCGGTAGCGCTC-1,SC22169_CTRL_GCATGCGGTAGCGCTC-1,IGHV1-71-6,IGHJ2,CARSYDGFDYW,IGKV12-44,IGKJ1,CQHHYGTRTF
SRBC,NA,NA,TRUE,mouse,GCATGTACAACCGCCA-1,SC22169_CTRL_GCATGTACAACCGCCA-1,IGHV1-63,IGHJ2,CARSRGYWDLFDYW,IGKV1-135,IGKJ1,CWQGTHFPRTF
SRBC,NA,NA,TRUE,mouse,GCATGTACACATGGGA-1,SC22169_CTRL_GCATGTACACATGGGA-1,IGHV10-3,IGHJ4,CVRWGLRSYAMDYW,IGKV1-135,IGKJ1,CWQGTHFPRTF
SRBC,NA,NA,TRUE,mouse,GCATGTACACTGTGTA-1,SC22169_CTRL_GCATGTACACTGTGTA-1,IGHV1-18-13,IGHJ3,CARNYGSWFAYW,IGKV12-38,IGKJ1,CKQTYDVPWTF
SRBC,NA,NA,TRUE,mouse,GCCAAATGTTAAGAAC-1,SC22169_CTRL_GCCAAATGTTAAGAAC-1,IGHV10-3,IGHJ4,CVRGDYGNYLHYYAMDYW,IGLV1,IGLJ1,CALWYSNHFVF
SRBC,NA,NA,TRUE,mouse,GCCTCTAAGAACAACT-1,SC22169_CTRL_GCCTCTAAGAACAACT-1,IGHV8-8,IGHJ2,CARIGGLRLEYYFDCW,IGKV12-46,IGKJ1,CQHFWGTPWTF
SRBC,NA,NA,TRUE,mouse,GCCTCTAGTGTTCTTT-1,SC22169_CTRL_GCCTCTAGTGTTCTTT-1,IGHV5-9,IGHJ3,CARQNYRNYQFAYW,IGKV6-15,IGKJ5,CQQYNSYPLTF
SRBC,NA,NA,TRUE,mouse,GCCTCTATCCATGCTC-1,SC22169_CTRL_GCCTCTATCCATGCTC-1,IGHV9-3,IGHJ2,CARRGSGTDYW,IGKV3-5,IGKJ1,CQQSNEDPRTF
SRBC,NA,NA,TRUE,mouse,GCGAGAAGTTGCTCCT-1,SC22169_CTRL_GCGAGAAGTTGCTCCT-1,IGHV1-71-8,IGHJ2,CARKTTVVAPFDYW,IGKV12-41,IGKJ1,CQHFWSTPWTF
SRBC,NA,NA,TRUE,mouse,GCGCAACAGCCATCGC-1,SC22169_CTRL_GCGCAACAGCCATCGC-1,IGHV8-4-19,IGHJ4,CARRDYDGHYAMDYW,IGKV5-48,IGKJ5,CQQSNSWPLTF
SRBC,NA,NA,TRUE,mouse,GCGCAACAGTGAATTG-1,SC22169_CTRL_GCGCAACAGTGAATTG-1,IGHV1-14,IGHJ4,CARWGWLLRDYAMDYW,IGKV16-104,IGKJ1,CQQHNEYPWTF
SRBC,NA,NA,TRUE,mouse,GCGCAACCAAAGTCAA-1,SC22169_CTRL_GCGCAACCAAAGTCAA-1,IGHV3-1,IGHJ2,CAIYYGNYVLFYFDYW,IGKV6-23,IGKJ2,CQQYSSYPYTF
SRBC,NA,NA,TRUE,mouse,GCGCAGTGTGGTCTCG-1,SC22169_CTRL_GCGCAGTGTGGTCTCG-1,IGHV2-6-5,IGHJ4,CAKHPLYGNYQGYYAMDYW,IGKV4-63,IGKJ4,CFQGSGYPFTF
SRBC,NA,NA,TRUE,mouse,GCGCCAACAGACAAGC-1,SC22169_CTRL_GCGCCAACAGACAAGC-1,IGHV1-82,IGHJ3,CARQLTLQGFAYW,IGKV3-12,IGKJ2,CQHSRELPYTF
SRBC,NA,NA,TRUE,mouse,GCGCGATCATCTACGA-1,SC22169_CTRL_GCGCGATCATCTACGA-1,IGHV5-12-1,IGHJ2,CARQGYYFDYW,IGKV12-46,IGKJ4,CQHFWGTPFTF
SRBC,NA,NA,TRUE,mouse,GCGCGATCATTCTCAT-1,SC22169_CTRL_GCGCGATCATTCTCAT-1,IGHV1-76,IGHJ2,CVYGNYFDYW,IGKV6-15,IGKJ2,CQQYNSYPLTF
SRBC,NA,NA,TRUE,mouse,GCGGGTTAGATCCTGT-1,SC22169_CTRL_GCGGGTTAGATCCTGT-1,IGHV1-47-17,IGHJ2,CARGLLRDYW,IGKV14-100,IGKJ2,CVQYTQFPYTF
SRBC,NA,NA,TRUE,mouse,GCGGGTTCATGACGGA-1,SC22169_CTRL_GCGGGTTCATGACGGA-1,IGHV9-4,IGHJ1,CARSWYFDVW,IGLV1,IGLJ3,CALWYSNQFIF
SRBC,NA,NA,TRUE,mouse,GCGGGTTGTTACGGAG-1,SC22169_CTRL_GCGGGTTGTTACGGAG-1,IGHV1-62-2,IGHJ3,CARHEDRVYDGYYEEFAYW,IGKV2-137,IGKJ5,CMQHLEYPLTF
SRBC,NA,NA,TRUE,mouse,GCGGGTTTCTCAAACG-1,SC22169_CTRL_GCGGGTTTCTCAAACG-1,IGHV1-72,IGHJ1,CARHGTGTGYFDVW,IGKV3-7,IGKJ4,CQHSWEIPFTF
SRBC,NA,NA,TRUE,mouse,GCGGGTTTCTCGCATC-1,SC22169_CTRL_GCGGGTTTCTCGCATC-1,IGHV1-47-11,IGHJ2,CAGGITPYYFDNW,IGLV1,IGLJ1,CALWYSNHWVF
SRBC,NA,NA,TRUE,mouse,GCTCCTATCGCGCCAA-1,SC22169_CTRL_GCTCCTATCGCGCCAA-1,IGHV1-9,IGHJ4,CSRRFYYGNYGSMDYW,IGKV1-110,IGKJ4,CSQSTHVPFTF
SRBC,NA,NA,TRUE,mouse,GCTCCTATCGGCATCG-1,SC22169_CTRL_GCTCCTATCGGCATCG-1,IGHV1-47-11,IGHJ2,CARSEYSGYHYW,IGKV13-85,IGKJ5,CQQYWSTPLTF
SRBC,NA,NA,TRUE,mouse,GCTGCAGAGGCTAGCA-1,SC22169_CTRL_GCTGCAGAGGCTAGCA-1,IGHV9-3,IGHJ3,CAKGGYDYDWFAYW,IGKV4-80,IGKJ2,CHQWSSYPYTF
SRBC,NA,NA,TRUE,mouse,GCTGCAGAGTACTTGC-1,SC22169_CTRL_GCTGCAGAGTACTTGC-1,IGHV2-6-7,IGHJ3,CAKTPFAYW,IGKV6-20,IGKJ4,CGQSYSYPFTF
SRBC,NA,NA,TRUE,mouse,GCTGCAGCAAACAACA-1,SC22169_CTRL_GCTGCAGCAAACAACA-1,IGHV9-3,IGHJ3,CARRGFAYW,IGLV1,IGLJ1,CALWCSNHLVF
SRBC,NA,NA,TRUE,mouse,GCTGCTTCATTCGACA-1,SC22169_CTRL_GCTGCTTCATTCGACA-1,IGHV9-3,IGHJ4,CARSSFITAVVATYYYAMDYW,IGKV8-30,IGKJ2,CQQYYSYPYTF
SRBC,NA,NA,TRUE,mouse,GCTGCTTGTAGCGCAA-1,SC22169_CTRL_GCTGCTTGTAGCGCAA-1,IGHV1-19,IGHJ1,CAKINWEDWYFDVW,IGKV1-135,IGKJ1,CWQGTHFPQTF
SRBC,NA,NA,TRUE,mouse,GCTGCTTGTATCGCAT-1,SC22169_CTRL_GCTGCTTGTATCGCAT-1,IGHV2-2,IGHJ3,CARKGDYDAWFAYW,IGKV10-94,IGKJ2,CQQYSKLPYTF
SRBC,NA,NA,TRUE,mouse,GCTGCTTGTGTAAGTA-1,SC22169_CTRL_GCTGCTTGTGTAAGTA-1,IGHV1-69-2,IGHJ1,CARSTALGYFDVW,IGKV16-104,IGKJ2,CQQHNEYPYTF
SRBC,NA,NA,TRUE,mouse,GCTGCTTGTTGTGGAG-1,SC22169_CTRL_GCTGCTTGTTGTGGAG-1,IGHV1-71-6,IGHJ3,CAREDGITTFPYW,IGKV6-17,IGKJ1,CQQHYSTPWTF
SRBC,NA,NA,TRUE,mouse,GCTGCTTTCATGCTCC-1,SC22169_CTRL_GCTGCTTTCATGCTCC-1,IGHV8-4-6,IGHJ2,CARMPGTFDYW,IGLV1,IGLJ1,CALWYSNHWVF
SRBC,NA,NA,TRUE,mouse,GCTGGGTCAGCCTTTC-1,SC22169_CTRL_GCTGGGTCAGCCTTTC-1,IGHV8-4-4,IGHJ4,CARGYYYGSTYYAMDYW,IGLV1,IGLJ1,CALWHSDRWVF
SRBC,NA,NA,TRUE,mouse,GCTTCCAAGACCGGAT-1,SC22169_CTRL_GCTTCCAAGACCGGAT-1,IGHV1-42-1,IGHJ2,CARDYYGSSYDYW,IGKV14-111,IGKJ1,CLQYDEFPRTF
SRBC,NA,NA,TRUE,mouse,GCTTCCAAGACTACAA-1,SC22169_CTRL_GCTTCCAAGACTACAA-1,IGHV1-81,IGHJ2,CANYDGYYW,IGKV1-135,IGKJ1,CWQGTHFPQTF
SRBC,NA,NA,TRUE,mouse,GCTTCCACAGGATCGA-1,SC22169_CTRL_GCTTCCACAGGATCGA-1,IGHV1-76,IGHJ1,CARSRYDYAGYFDVW,IGKV1-117,IGKJ1,CFQGSHVPWTF
SRBC,NA,NA,TRUE,mouse,GCTTCCAGTGCGGTAA-1,SC22169_CTRL_GCTTCCAGTGCGGTAA-1,IGHV7-1,IGHJ1,CARDYYGSSYWYFDVW,IGKV10-96,IGKJ5,CQQGNTLPLTF
SRBC,NA,NA,TRUE,mouse,GCTTCCATCTTTCCTC-1,SC22169_CTRL_GCTTCCATCTTTCCTC-1,IGHV8-4-19,IGHJ3,CARTLTARATFAYW,IGKV12-44,IGKJ4,CQHHYGTPFTF
SRBC,NA,NA,TRUE,mouse,GCTTGAACAAGCTGGA-1,SC22169_CTRL_GCTTGAACAAGCTGGA-1,IGHV1-81,IGHJ4,CARGGGIYYGYYYSMDYW,IGKV1-110,IGKJ2,CSQSTHVPYTF
SRBC,NA,NA,TRUE,mouse,GCTTGAAGTCCGTCAG-1,SC22169_CTRL_GCTTGAAGTCCGTCAG-1,IGHV1-18,IGHJ4,CARGYYNYAMDYW,IGKV6-15,IGKJ2,CQQYNSYPYTF
SRBC,NA,NA,TRUE,mouse,GCTTGAAGTCCTGCTT-1,SC22169_CTRL_GCTTGAAGTCCTGCTT-1,IGHV8-12,IGHJ1,CARRGYDYDGRWYFDVW,IGKV14-111,IGKJ5,CLQYDEFPLTF
SRBC,NA,NA,TRUE,mouse,GGAAAGCAGCAATATG-1,SC22169_CTRL_GGAAAGCAGCAATATG-1,IGHV1-75,IGHJ2,CARWIGYW,IGKV1-117,IGKJ2,CFQGSHVPYTF
SRBC,NA,NA,TRUE,mouse,GGAAAGCTCGCGATCG-1,SC22169_CTRL_GGAAAGCTCGCGATCG-1,IGHV1-26,IGHJ1,CARWDAYYYGNRVGWYFDVW,IGKV1-117,IGKJ2,CFQGSHVPYTF
SRBC,NA,NA,TRUE,mouse,GGAACTTAGACAAAGG-1,SC22169_CTRL_GGAACTTAGACAAAGG-1,IGHV5-12-2,IGHJ3,CARQGGSMITSAWFAYW,IGKV3-12,IGKJ2,CQHSWELPYTF
SRBC,NA,NA,TRUE,mouse,GGAACTTCAAGCCATT-1,SC22169_CTRL_GGAACTTCAAGCCATT-1,IGHV1-80,IGHJ4,CARLWGYVMDYW,IGKV6-15,IGKJ2,CQQYNSYPFTF
SRBC,NA,NA,TRUE,mouse,GGAACTTCAATGGTCT-1,SC22169_CTRL_GGAACTTCAATGGTCT-1,IGHV1-64,IGHJ4,CARSPEYAMDYW,IGKV1-117,IGKJ1,CFQGSHVPWTF
SRBC,NA,NA,TRUE,mouse,GGAATAAAGCTGCAAG-1,SC22169_CTRL_GGAATAAAGCTGCAAG-1,IGHV1-37,IGHJ4,CGRDNYYAMDYW,IGKV10-96,IGKJ1,CQQGNTLPWTF
SRBC,NA,NA,TRUE,mouse,GGACAAGAGCCACCTG-1,SC22169_CTRL_GGACAAGAGCCACCTG-1,IGHV1-81,IGHJ2,CARWGITTAGDYW,IGKV1-135,IGKJ1,CWQGTHFPRTF
SRBC,NA,NA,TRUE,mouse,GGACAAGCAGTAAGCG-1,SC22169_CTRL_GGACAAGCAGTAAGCG-1,IGHV1-85,IGHJ3,CAREGNGYYGTYW,IGKV2-137,IGKJ2,CMQHLEYPYTF
SRBC,NA,NA,TRUE,mouse,GGACAGAAGGACTGGT-1,SC22169_CTRL_GGACAGAAGGACTGGT-1,IGHV9-3,IGHJ4,CASSPYYYAMDYW,IGLV1,IGLJ1,CALWYSNHLVF
SRBC,NA,NA,TRUE,mouse,GGACATTAGAGACTAT-1,SC22169_CTRL_GGACATTAGAGACTAT-1,IGHV1-81,IGHJ3,CARHYYNSSPAWFAYW,IGKV14-100,IGKJ5,CVQYAQFPVTF
SRBC,NA,NA,TRUE,mouse,GGACATTCACATAACC-1,SC22169_CTRL_GGACATTCACATAACC-1,IGHV1-87,IGHJ4,CARLRDGNYVGAMDYW,IGKV3-12,IGKJ5,CQHSRELPLTF
SRBC,NA,NA,TRUE,mouse,GGACATTCATTATCTC-1,SC22169_CTRL_GGACATTCATTATCTC-1,IGHV1-82,IGHJ1,CAIYYYGSNWYFDVW,IGKV1-110,IGKJ1,CSQSTHVPPWTF
SRBC,NA,NA,TRUE,mouse,GGACATTGTAAGAGGA-1,SC22169_CTRL_GGACATTGTAAGAGGA-1,IGHV1-47-3,IGHJ1,CTRFITTHWYFDVW,IGKV3-5,IGKJ2,CQQRNEDPYTF
SRBC,NA,NA,TRUE,mouse,GGACGTCAGCTACCTA-1,SC22169_CTRL_GGACGTCAGCTACCTA-1,IGHV1-84,IGHJ4,CAREGLRYYAMDYW,IGKV5-48,IGKJ2,CQQCNSWPTYTF
SRBC,NA,NA,TRUE,mouse,GGACGTCCATGCCTTC-1,SC22169_CTRL_GGACGTCCATGCCTTC-1,IGHV14-3,IGHJ4,CARDPLLLRSSRYAMDYW,IGKV14-111,IGKJ2,CLQYDEFPPYTF
SRBC,NA,NA,TRUE,mouse,GGACGTCGTATCACCA-1,SC22169_CTRL_GGACGTCGTATCACCA-1,IGHV1-76,IGHJ3,CARSPYYYGSNYGFAYW,IGKV10-96,IGKJ1,CQQGNTLPRTF
SRBC,NA,NA,TRUE,mouse,GGAGCAACATCCCACT-1,SC22169_CTRL_GGAGCAACATCCCACT-1,IGHV1-47-6,IGHJ3,CARLGRAAYW,IGLV1,IGLJ1,CALWYSNHWVF
SRBC,NA,NA,TRUE,mouse,GGATGTTCAGCCACCA-1,SC22169_CTRL_GGATGTTCAGCCACCA-1,IGHV1-5,IGHJ3,CTRGSLELYYGNPWFAYW,IGKV6-23,IGKJ2,CQQYSSYPYTF
SRBC,NA,NA,TRUE,mouse,GGATTACCAATCCGAT-1,SC22169_CTRL_GGATTACCAATCCGAT-1,IGHV9-3,IGHJ4,CARGTDYW,IGKV14-100,IGKJ1,CVQYAQFPWTF
SRBC,NA,NA,TRUE,mouse,GGATTACCAGGACCCT-1,SC22169_CTRL_GGATTACCAGGACCCT-1,IGHV1-62-2,IGHJ1,CARQGLKYFDVW,IGKV2-137,IGKJ2,CMQHLEYPYTF
SRBC,NA,NA,TRUE,mouse,GGATTACGTACAGTTC-1,SC22169_CTRL_GGATTACGTACAGTTC-1,IGHV9-3-1,IGHJ4,CARDGDYYYAMDYW,IGKV15-103,IGKJ1,CQQGQSYPWTF
SRBC,NA,NA,TRUE,mouse,GGATTACTCAGTTTGG-1,SC22169_CTRL_GGATTACTCAGTTTGG-1,IGHV1-69-5,IGHJ1,CARSWASYWYFDVW,IGKV4-59,IGKJ2,CQQWSSNPYTF
SRBC,NA,NA,TRUE,mouse,GGATTACTCTGTCCGT-1,SC22169_CTRL_GGATTACTCTGTCCGT-1,IGHV2-5-1,IGHJ4,CAKNGYYGYGSMDYW,IGKV8-28,IGKJ5,CQQYYSYPLTF
SRBC,NA,NA,TRUE,mouse,GGCAATTAGATCCCAT-1,SC22169_CTRL_GGCAATTAGATCCCAT-1,IGHV1-62-2,IGHJ3,CARHGYDYGEFAYW,IGKV2-137,IGKJ2,CMQHLEYPYTL
SRBC,NA,NA,TRUE,mouse,GGCCGATCAATGCCAT-1,SC22169_CTRL_GGCCGATCAATGCCAT-1,IGHV9-3,IGHJ3,CARGYGSSPAWFAYW,IGKV10-96,IGKJ5,CQQGNTLPLTF
SRBC,NA,NA,TRUE,mouse,GGCCGATCATTTCAGG-1,SC22169_CTRL_GGCCGATCATTTCAGG-1,IGHV8-8,IGHJ3,CARIKGGYYGSHAMDYW,IGKV8-27,IGKJ1,CHQYLSSWTF
SRBC,NA,NA,TRUE,mouse,GGCGACTCAGGTCGTC-1,SC22169_CTRL_GGCGACTCAGGTCGTC-1,IGHV2-6-5,IGHJ3,CAMWGLRAYW,IGKV1-117,IGKJ2,CFQGSHVPYTF
SRBC,NA,NA,TRUE,mouse,GGCGACTTCACCGGGT-1,SC22169_CTRL_GGCGACTTCACCGGGT-1,IGHV1-9,IGHJ4,CARRRFYGSSYAMDFW,IGKV6-15,IGKJ5,CQQYNNYPLTF
SRBC,NA,NA,TRUE,mouse,GGCGACTTCCATGCTC-1,SC22169_CTRL_GGCGACTTCCATGCTC-1,IGHV1-87,IGHJ2,CARKGSSYSYFDYW,IGLV1,IGLJ1,CALWYSNHWVF
SRBC,NA,NA,TRUE,mouse,GGCGTGTTCACAAACC-1,SC22169_CTRL_GGCGTGTTCACAAACC-1,IGHV1-81,IGHJ3,CARRTTVLATPPWFAYW,IGKV1-117,IGKJ5,CFQGSHVPLTF
SRBC,NA,NA,TRUE,mouse,GGCTGGTAGGAACTGC-1,SC22169_CTRL_GGCTGGTAGGAACTGC-1,IGHV1-18-13,IGHJ3,CARSYDYDGWFPYW,IGKV8-27,IGKJ1,CHQYLSSWTF
SRBC,NA,NA,TRUE,mouse,GGCTGGTCAAAGGCGT-1,SC22169_CTRL_GGCTGGTCAAAGGCGT-1,IGHV1-42-1,IGHJ4,CARSGVFYYAMDYW,IGKV6-17,IGKJ5,CQQHYSTPLTF
SRBC,NA,NA,TRUE,mouse,GGCTGGTGTCTTTCAT-1,SC22169_CTRL_GGCTGGTGTCTTTCAT-1,IGHV1-62-2,IGHJ3,CARHEEEAAYYGLAYW,IGKV2-137,IGKJ5,CMQHLEYPLTF
SRBC,NA,NA,TRUE,mouse,GGGAATGAGAACTCGG-1,SC22169_CTRL_GGGAATGAGAACTCGG-1,IGHV1-15,IGHJ3,CTRPKSNYYGSSLAWFAYW,IGKV12-44,IGKJ2,CQHHYGTPYTF
SRBC,NA,NA,TRUE,mouse,GGGAATGGTTCCACTC-1,SC22169_CTRL_GGGAATGGTTCCACTC-1,IGHV1-47-24,IGHJ4,CATYYRYADYAMDYW,IGKV1-110,IGKJ1,CSQTTHVPWTF
SRBC,NA,NA,TRUE,mouse,GGGACCTGTCGCCATG-1,SC22169_CTRL_GGGACCTGTCGCCATG-1,IGHV9-2-1,IGHJ3,CAHLFIYYGKAWFAYW,IGKV2-137,IGKJ2,CMQHLEYPYTF
SRBC,NA,NA,TRUE,mouse,GGGACCTGTTCAACCA-1,SC22169_CTRL_GGGACCTGTTCAACCA-1,IGHV1-14,IGHJ2,CARCGTYLYYFDYW,IGKV12-46,IGKJ4,CQHFWGTPFTF
SRBC,NA,NA,TRUE,mouse,GGGACCTTCAGCTGGC-1,SC22169_CTRL_GGGACCTTCAGCTGGC-1,IGHV1-81,IGHJ2,CARWGITTAGDYW,IGKV2-137,IGKJ2,CMQHLEYPYTF
SRBC,NA,NA,TRUE,mouse,GGGATGACAGTATAAG-1,SC22169_CTRL_GGGATGACAGTATAAG-1,IGHV1-64,IGHJ2,CARGGHYYGSSYFIDYW,IGKV1-110,IGKJ1,CFQGSHVPWTF
SRBC,NA,NA,TRUE,mouse,GGGCACTTCCGTAGGC-1,SC22169_CTRL_GGGCACTTCCGTAGGC-1,IGHV1-80,IGHJ2,CTRRAGYYFDYW,IGKV4-79,IGKJ1,CHQWSSYPPTF
SRBC,NA,NA,TRUE,mouse,GGGCATCCAGGGCATA-1,SC22169_CTRL_GGGCATCCAGGGCATA-1,IGHV1-47-23,IGHJ3,CARDAGSRWFAYW,IGKV14-126,IGKJ5,CLQHGESPLTF
SRBC,NA,NA,TRUE,mouse,GGGCATCTCATCTGTT-1,SC22169_CTRL_GGGCATCTCATCTGTT-1,IGHV8-4-6,IGHJ2,CARLREVYFDYW,IGKV5-39,IGKJ4,CQNGHSFPFTF
SRBC,NA,NA,TRUE,mouse,GGGTCTGAGAGGTAGA-1,SC22169_CTRL_GGGTCTGAGAGGTAGA-1,IGHV1-42,IGHJ4,CARRHYYGSSYTMDYW,IGKV1-117,IGKJ1,CFQGSHVPWTF
SRBC,NA,NA,TRUE,mouse,GGGTCTGCATCGATTG-1,SC22169_CTRL_GGGTCTGCATCGATTG-1,IGHV6-6,IGHJ4,CTRDYYGSSYNAMDSW,IGKV6-15,IGKJ2,CQQYNSYPYTF
SRBC,NA,NA,TRUE,mouse,GGGTCTGGTTGTACAC-1,SC22169_CTRL_GGGTCTGGTTGTACAC-1,IGHV9-3,IGHJ1,CARRKLGGFDVW,IGLV3,IGLJ2,CGVGDTIKEQFVYVF
SRBC,NA,NA,TRUE,mouse,GGGTTGCGTGCTAGCC-1,SC22169_CTRL_GGGTTGCGTGCTAGCC-1,IGHV8-4-13,IGHJ1,CTRPGSSYWYFDVW,IGKV10-96,IGKJ4,CQQGNMLPFTF
SRBC,NA,NA,TRUE,mouse,GGGTTGCGTTGCGCAC-1,SC22169_CTRL_GGGTTGCGTTGCGCAC-1,IGHV5-6,IGHJ4,CATLSTMVTYYAMDYW,IGLV1,IGLJ3,CALWYSNHFIF
SRBC,NA,NA,TRUE,mouse,GGGTTGCTCACCGTAA-1,SC22169_CTRL_GGGTTGCTCACCGTAA-1,IGHV1-82,IGHJ2,CAREAGYYFDYW,IGKV6-23,IGKJ5,CQQYSSYPLTF
SRBC,NA,NA,TRUE,mouse,GGTATTGAGCAGGCTA-1,SC22169_CTRL_GGTATTGAGCAGGCTA-1,IGHV11-2,IGHJ1,CMRYGSSYWYFDVW,IGKV14-126,IGKJ2,CLQHGESPYTF
SRBC,NA,NA,TRUE,mouse,GGTATTGAGTAGTGCG-1,SC22169_CTRL_GGTATTGAGTAGTGCG-1,IGHV8-8,IGHJ2,CARIAPRVVADYFDYW,IGKV3-2,IGKJ1,CQQSKEVPWTF
SRBC,NA,NA,TRUE,mouse,GGTATTGCACAAGTAA-1,SC22169_CTRL_GGTATTGCACAAGTAA-1,IGHV1-50,IGHJ4,CARYDYYGRHYAMDYW,IGKV1-110,IGKJ5,CSQSTHVPLTF
SRBC,NA,NA,TRUE,mouse,GGTGAAGGTCCATGAT-1,SC22169_CTRL_GGTGAAGGTCCATGAT-1,IGHV1-62-2,IGHJ2,CGRHGGYYFDYW,IGKV2-137,IGKJ4,CMQHLEYPFTF
SRBC,NA,NA,TRUE,mouse,GGTGAAGGTGCTGTAT-1,SC22169_CTRL_GGTGAAGGTGCTGTAT-1,IGHV5-9,IGHJ3,CARQRFAYW,IGKV9-120,IGKJ2,CLQYASSPYTF
SRBC,NA,NA,TRUE,mouse,GGTGAAGGTTGCGCAC-1,SC22169_CTRL_GGTGAAGGTTGCGCAC-1,IGHV1-69,IGHJ4,CARGNYGSTLYYYAMDYW,IGKV8-24,IGKJ5,CQQHYNTPLTF
SRBC,NA,NA,TRUE,mouse,GGTGCGTCATACAGCT-1,SC22169_CTRL_GGTGCGTCATACAGCT-1,IGHV1-62-2,IGHJ3,CARHGYTYDEFAFW,IGKV2-137,IGKJ2,CMQHLEYPYTF
SRBC,NA,NA,TRUE,mouse,GGTGTTAAGAACTCGG-1,SC22169_CTRL_GGTGTTAAGAACTCGG-1,IGHV1-77,IGHJ3,CAREYYGRAWFANW,IGKV16-104,IGKJ5,CQQHNEYPLTF
SRBC,NA,NA,TRUE,mouse,GGTGTTACAGGAACGT-1,SC22169_CTRL_GGTGTTACAGGAACGT-1,IGHV1-59,IGHJ2,CAREGDYGYYFDYW,IGKV19-93,IGKJ1,CLQYDNLRTF
SRBC,NA,NA,TRUE,mouse,GGTGTTAGTGTGACGA-1,SC22169_CTRL_GGTGTTAGTGTGACGA-1,IGHV5-12,IGHJ2,CARGYGSGYFDFW,IGKV4-59,IGKJ4,CQQWSGNPFTF
SRBC,NA,NA,TRUE,mouse,GGTGTTATCCTTGACC-1,SC22169_CTRL_GGTGTTATCCTTGACC-1,IGHV1-42-1,IGHJ3,CARGHDEFAYW,IGKV12-44,IGKJ2,CQHHYGTPYTF
SRBC,NA,NA,TRUE,mouse,GTAACGTAGGCCATAG-1,SC22169_CTRL_GTAACGTAGGCCATAG-1,IGHV8-4,IGHJ3,CVQSSDAGPFAYW,IGKV1-117,IGKJ1,CFQGSHVPWTF
SRBC,NA,NA,TRUE,mouse,GTAACGTAGTAGCGGT-1,SC22169_CTRL_GTAACGTAGTAGCGGT-1,IGHV10-1-2,IGHJ3,CGGGPWFAYW,IGLV1,IGLJ1,CALWYNNHWVF
SRBC,NA,NA,TRUE,mouse,GTAACTGTCAACACGT-1,SC22169_CTRL_GTAACTGTCAACACGT-1,IGHV1-81,IGHJ3,CARSTMVTTPFAYW,IGKV1-135,IGKJ1,CWQGTHFPRTF
SRBC,NA,NA,TRUE,mouse,GTACGTACACCCTATC-1,SC22169_CTRL_GTACGTACACCCTATC-1,IGHV1-55,IGHJ2,CASYYTKYPFDYW,IGKV10-96,IGKJ5,CQQGNTLPLTF
SRBC,NA,NA,TRUE,mouse,GTACTCCAGAAACGCC-1,SC22169_CTRL_GTACTCCAGAAACGCC-1,IGHV1-42-1,IGHJ3,CARRNSVNGNWFAYW,IGKV9-123,IGKJ2,CLQRNAYPYTF
SRBC,NA,NA,TRUE,mouse,GTACTCCCATCTATGG-1,SC22169_CTRL_GTACTCCCATCTATGG-1,IGHV1-14,IGHJ4,CARGRGYDRRGAMDYW,IGKV17-127,IGKJ2,CLQSDNMPYTF
SRBC,NA,NA,TRUE,mouse,GTACTCCCATGCATGT-1,SC22169_CTRL_GTACTCCCATGCATGT-1,IGHV5-16,IGHJ2,CAREDYGSSGYFDYW,IGKV10-96,IGKJ2,CQQGNTLPYTF
SRBC,NA,NA,TRUE,mouse,GTACTTTAGCGAGAAA-1,SC22169_CTRL_GTACTTTAGCGAGAAA-1,IGHV1-47-24,IGHJ4,CARSEILLRRGYAMDYW,IGKV10-96,IGKJ1,CQLGNTLPWTF
SRBC,NA,NA,TRUE,mouse,GTACTTTGTCAGAGGT-1,SC22169_CTRL_GTACTTTGTCAGAGGT-1,IGHV1-76,IGHJ2,CARGGYFDYW,IGKV14-111,IGKJ4,CLQYDEFPFTF
SRBC,NA,NA,TRUE,mouse,GTACTTTGTGTGGCTC-1,SC22169_CTRL_GTACTTTGTGTGGCTC-1,IGHV5-4,IGHJ1,CARGTVEGYFDVW,IGKV5-48,IGKJ2,CQQSNSWPTYTF
SRBC,NA,NA,TRUE,mouse,GTACTTTTCATAACCG-1,SC22169_CTRL_GTACTTTTCATAACCG-1,IGHV2-5-1,IGHJ2,CARTPYYYTYFDYW,IGKV1-110,IGKJ1,CSQSTHVPWTF
SRBC,NA,NA,TRUE,mouse,GTAGGCCAGCACCGTC-1,SC22169_CTRL_GTAGGCCAGCACCGTC-1,IGHV5-17,IGHJ1,CASLYWYFDVW,IGKV4-63,IGKJ2,CFQGSGYPYTF
SRBC,NA,NA,TRUE,mouse,GTAGGCCAGTAGCCGA-1,SC22169_CTRL_GTAGGCCAGTAGCCGA-1,IGHV2-6,IGHJ4,CARHDGYYAMDYW,IGKV1-99,IGKJ5,CFQSNYLPLTF
SRBC,NA,NA,TRUE,mouse,GTAGGCCCAGCAGTTT-1,SC22169_CTRL_GTAGGCCCAGCAGTTT-1,IGHV3-2,IGHJ1,CARPSTIYWYFDVW,IGKV10-96,IGKJ4,CQQGNMLPFTF
SRBC,NA,NA,TRUE,mouse,GTAGTCAAGCAGGCTA-1,SC22169_CTRL_GTAGTCAAGCAGGCTA-1,IGHV9-1,IGHJ4,CARKITTVLTPYYYAMDSW,IGLV1,IGLJ1,CALWYSNHWVF
SRBC,NA,NA,TRUE,mouse,GTAGTCATCCGCGGTA-1,SC22169_CTRL_GTAGTCATCCGCGGTA-1,IGHV12-1-1,IGHJ4,CSRENDGNYSYAMDYW,IGKV6-20,IGKJ2,CGQSYSYPYTF
SRBC,NA,NA,TRUE,mouse,GTAGTCATCTGCAGTA-1,SC22169_CTRL_GTAGTCATCTGCAGTA-1,IGHV1-54,IGHJ4,CARISYAYAMDYW,IGLV1,IGLJ1,CALWYSNHWVF
SRBC,NA,NA,TRUE,mouse,GTATCTTGTATCGCAT-1,SC22169_CTRL_GTATCTTGTATCGCAT-1,IGHV9-3,IGHJ1,CARNGYYVSSYWYFDVW,IGKV9-120,IGKJ1,CLQYASSPWTF
SRBC,NA,NA,TRUE,mouse,GTATTCTGTCTAGCCG-1,SC22169_CTRL_GTATTCTGTCTAGCCG-1,IGHV1-55,IGHJ2,CARRYGYW,IGKV1-132,IGKJ2,CLQGTYYPHTF
SRBC,NA,NA,TRUE,mouse,GTATTCTGTTCGTGAT-1,SC22169_CTRL_GTATTCTGTTCGTGAT-1,IGHV1-42-1,IGHJ1,CARDYGSSSWNFDVW,IGKV14-111,IGKJ1,CLQYDEFPWTF
SRBC,NA,NA,TRUE,mouse,GTCACAAAGATCCGAG-1,SC22169_CTRL_GTCACAAAGATCCGAG-1,IGHV5-12,IGHJ3,CVRQAAQATSWFAYW,IGKV6-15,IGKJ5,CQQYNSYPLTF
SRBC,NA,NA,TRUE,mouse,GTCACAAAGATGTCGG-1,SC22169_CTRL_GTCACAAAGATGTCGG-1,IGHV1-18,IGHJ1,CARDSLYDYGSFDVW,IGKV16-104,IGKJ1,CQQHNEYPWTF
SRBC,NA,NA,TRUE,mouse,GTCACAACACAACGCC-1,SC22169_CTRL_GTCACAACACAACGCC-1,IGHV5-17,IGHJ2,CARGRLGFDYW,IGKV9-120,IGKJ4,CLQYAFSPFTF
SRBC,NA,NA,TRUE,mouse,GTCACGGCAAGCCGCT-1,SC22169_CTRL_GTCACGGCAAGCCGCT-1,IGHV3-2,IGHJ1,CARPDRGYWYFDVW,IGKV10-96,IGKJ4,CQQGNTLPFTF
SRBC,NA,NA,TRUE,mouse,GTCACGGCACACTGCG-1,SC22169_CTRL_GTCACGGCACACTGCG-1,IGHV1-15,IGHJ1,CTRNYGSSYNWYFDVW,IGKV1-117,IGKJ1,CFQGSHVPWTF
SRBC,NA,NA,TRUE,mouse,GTCATTTCAGCTTCGG-1,SC22169_CTRL_GTCATTTCAGCTTCGG-1,IGHV14-1,IGHJ2,CARWGRYDYFDYW,IGKV4-63,IGKJ5,CFQGSGYPLTF
SRBC,NA,NA,TRUE,mouse,GTCATTTTCCAGTATG-1,SC22169_CTRL_GTCATTTTCCAGTATG-1,IGHV2-2,IGHJ3,CARNERSNYGGFAYW,IGKV17-127,IGKJ4,CLQSDNMPFTF
SRBC,NA,NA,TRUE,mouse,GTCATTTTCGGAAACG-1,SC22169_CTRL_GTCATTTTCGGAAACG-1,IGHV1-58,IGHJ2,CARGHWFDYW,IGKV1-110,IGKJ2,CSQSTHVPYTF
SRBC,NA,NA,TRUE,mouse,GTCCTCATCAAGGTAA-1,SC22169_CTRL_GTCCTCATCAAGGTAA-1,IGHV1-5,IGHJ2,CTRGMYRYDDGFDYW,IGKV1-117,IGKJ1,CFQGSHVPRTF
SRBC,NA,NA,TRUE,mouse,GTCGGGTTCTTGACGA-1,SC22169_CTRL_GTCGGGTTCTTGACGA-1,IGHV3-2,IGHJ4,CASWGYDYGSSYDVMDYW,IGKV14-111,IGKJ1,CLQYDEFPRTF
SRBC,NA,NA,TRUE,mouse,GTCGTAAAGACCACGA-1,SC22169_CTRL_GTCGTAAAGACCACGA-1,IGHV1S56,IGHJ3,CARRGLLGAPWFAYW,IGKV12-44,IGKJ4,CQHHYGTPFTF
SRBC,NA,NA,TRUE,mouse,GTCTCGTTCGGCATCG-1,SC22169_CTRL_GTCTCGTTCGGCATCG-1,IGHV1-62-2,IGHJ3,CARHEKRAWFAYW,IGLV3,IGLJ2,CGVGDTIKEQFVYVF
SRBC,NA,NA,TRUE,mouse,GTCTTCGAGACTAGAT-1,SC22169_CTRL_GTCTTCGAGACTAGAT-1,IGHV1-22,IGHJ3,CARSDLVWAYW,IGKV14-100,IGKJ2,CVQYAQFPYTF
SRBC,NA,NA,TRUE,mouse,GTCTTCGGTGCCTTGG-1,SC22169_CTRL_GTCTTCGGTGCCTTGG-1,IGHV1-87,IGHJ4,CARAQTARATGYPMDYW,IGKV4-74,IGKJ1,CHQYHRSPWTF
SRBC,NA,NA,TRUE,mouse,GTCTTCGGTTACGACT-1,SC22169_CTRL_GTCTTCGGTTACGACT-1,IGHV1-64,IGHJ2,CARDYGSSYGGYW,IGKV12-44,IGKJ1,CQHHYGTPRTF
SRBC,NA,NA,TRUE,mouse,GTGAAGGCAATGCCAT-1,SC22169_CTRL_GTGAAGGCAATGCCAT-1,IGHV3-2,IGHJ4,CARSNPIYYGKNAMDYW,IGKV6-32,IGKJ2,CQQDYSSPYTF
SRBC,NA,NA,TRUE,mouse,GTGAAGGTCGGTGTTA-1,SC22169_CTRL_GTGAAGGTCGGTGTTA-1,IGHV1-39,IGHJ2,CARGDYDYDDYFDYW,IGKV4-57,IGKJ1,CQQRSSYPWTF
SRBC,NA,NA,TRUE,mouse,GTGCAGCCAACTGCTA-1,SC22169_CTRL_GTGCAGCCAACTGCTA-1,IGHV1-85,IGHJ3,CAREVHYYGSSYQGFAYW,IGKV12-46,IGKJ1,CQHFWGTPWTF
SRBC,NA,NA,TRUE,mouse,GTGCAGCTCGGCTTGG-1,SC22169_CTRL_GTGCAGCTCGGCTTGG-1,IGHV1-36,IGHJ4,CAGVTAQATDYYAMDYW,IGKV1-117,IGKJ1,CFQGSHVPWTF
SRBC,NA,NA,TRUE,mouse,GTGCATAGTGCATCTA-1,SC22169_CTRL_GTGCATAGTGCATCTA-1,IGHV7-3,IGHJ1,CARDFTTATNWYFDVW,IGKV12-89,IGKJ1,CQNVLITPWTF
SRBC,NA,NA,TRUE,mouse,GTGCATATCGAGAGCA-1,SC22169_CTRL_GTGCATATCGAGAGCA-1,IGHV1-72,IGHJ2,CTRGDYDGDYW,IGKV3-2,IGKJ2,CQQSKEVPPYTF
SRBC,NA,NA,TRUE,mouse,GTGCATATCTCAACTT-1,SC22169_CTRL_GTGCATATCTCAACTT-1,IGHV1-42-1,IGHJ3,CARGDLWGYDNAYW,IGKV1-135,IGKJ1,CWQGTHFPWTF
SRBC,NA,NA,TRUE,mouse,GTGCGGTAGCGAGAAA-1,SC22169_CTRL_GTGCGGTAGCGAGAAA-1,IGHV1-81,IGHJ2,CARRGSTYSSYYFDYW,IGKV1-117,IGKJ1,CFQGSHVPRTF
SRBC,NA,NA,TRUE,mouse,GTGCGGTTCACGAAGG-1,SC22169_CTRL_GTGCGGTTCACGAAGG-1,IGHV1-47-1,IGHJ3,CARSTYYYGYWFAYW,IGKV6-15,IGKJ5,CQEYNSYPLTF
SRBC,NA,NA,TRUE,mouse,GTGCTTCGTTGGTTTG-1,SC22169_CTRL_GTGCTTCGTTGGTTTG-1,IGHV1-69,IGHJ1,CARSYYGTSLWYFDVW,IGKV10-94,IGKJ1,CQQYNKLPWTF
SRBC,NA,NA,TRUE,mouse,GTGTGCGAGCAGGCTA-1,SC22169_CTRL_GTGTGCGAGCAGGCTA-1,IGHV1-9,IGHJ3,CARRAYYGSSFWFAYW,IGKV1-117,IGKJ1,CFQGSHVPWTF
SRBC,NA,NA,TRUE,mouse,GTGTGCGCATTTGCCC-1,SC22169_CTRL_GTGTGCGCATTTGCCC-1,IGHV1-55,IGHJ4,CARWGYYEGYVMDHW,IGKV4-91,IGKJ1,CQQGSSIPRTF
SRBC,NA,NA,TRUE,mouse,GTGTTAGAGCTAGGCA-1,SC22169_CTRL_GTGTTAGAGCTAGGCA-1,IGHV8-12,IGHJ3,CARRDYYGSNYDLAYW,IGKV4-80,IGKJ2,CHQWSSYPTF
SRBC,NA,NA,TRUE,mouse,GTGTTAGCAATCGAAA-1,SC22169_CTRL_GTGTTAGCAATCGAAA-1,IGHV4-1,IGHJ4,CARDDGYYGAMDYW,IGKV4-59,IGKJ2,CQQWSSYPYTF
SRBC,NA,NA,TRUE,mouse,GTGTTAGCAATGGATA-1,SC22169_CTRL_GTGTTAGCAATGGATA-1,IGHV1-14,IGHJ4,CARWGWLLRDYAMDYW,IGKV16-104,IGKJ1,CQQHNEYPWTF
SRBC,NA,NA,TRUE,mouse,GTTAAGCAGATCGGGT-1,SC22169_CTRL_GTTAAGCAGATCGGGT-1,IGHV5-9,IGHJ3,CGRQNYRNYQFAYW,IGKV6-15,IGKJ5,CQQYNSYPLTF
SRBC,NA,NA,TRUE,mouse,GTTAAGCCAGCCACCA-1,SC22169_CTRL_GTTAAGCCAGCCACCA-1,IGHV9-2-1,IGHJ3,CARYDYETYW,IGLV1,IGLJ3,CALWYSNHFIF
SRBC,NA,NA,TRUE,mouse,GTTAAGCGTTATCACG-1,SC22169_CTRL_GTTAAGCGTTATCACG-1,IGHV1-80,IGHJ4,CAREWGYSMDYW,IGKV16-104,IGKJ2,CQQHNEYPYTF
SRBC,NA,NA,TRUE,mouse,GTTAAGCGTTCAGGCC-1,SC22169_CTRL_GTTAAGCGTTCAGGCC-1,IGHV1-80,IGHJ3,CARYGTFAYW,IGKV1-117,IGKJ1,CFQGSHVPRTF
SRBC,NA,NA,TRUE,mouse,GTTAAGCGTTCCCTTG-1,SC22169_CTRL_GTTAAGCGTTCCCTTG-1,IGHV1-18-65,IGHJ1,CARLGYYGSSSYWYFDVW,IGKV4-59,IGKJ5,CQQWSSNPLTF
SRBC,NA,NA,TRUE,mouse,GTTACAGAGCGTGTCC-1,SC22169_CTRL_GTTACAGAGCGTGTCC-1,IGHV1-47-23,IGHJ2,CARQLGLPYYFDYW,IGKV8-27,IGKJ2,CHQYLSSYTF
SRBC,NA,NA,TRUE,mouse,GTTACAGCATTACGAC-1,SC22169_CTRL_GTTACAGCATTACGAC-1,IGHV8-4-6,IGHJ1,CARMEGNRPYWYFDVW,IGKV6-20,IGKJ2,CGQSYSYPYTF
SRBC,NA,NA,TRUE,mouse,GTTACAGGTATCTGCA-1,SC22169_CTRL_GTTACAGGTATCTGCA-1,IGHV1-47-2,IGHJ3,CTRSGDGYYLSWFAYW,IGKV1-117,IGKJ1,CFQGSHVPPTF
SRBC,NA,NA,TRUE,mouse,GTTACAGGTGCGGTAA-1,SC22169_CTRL_GTTACAGGTGCGGTAA-1,IGHV1-53,IGHJ1,CARSYYHGRGFDVW,IGKV6-15,IGKJ4,CQQYNSYPLTF
SRBC,NA,NA,TRUE,mouse,GTTACAGGTGTTCGAT-1,SC22169_CTRL_GTTACAGGTGTTCGAT-1,IGHV6-3,IGHJ3,CTGYSPFAYW,IGKV3-12,IGKJ5,CQHSRELPYTF
SRBC,NA,NA,TRUE,mouse,GTTCATTAGAAACCGC-1,SC22169_CTRL_GTTCATTAGAAACCGC-1,IGHV5-16,IGHJ4,CTRLYSYAMDYW,IGKV10-96,IGKJ1,CQQAKMFPRTF
SRBC,NA,NA,TRUE,mouse,GTTCGGGTCGGTTCGG-1,SC22169_CTRL_GTTCGGGTCGGTTCGG-1,IGHV1-80,IGHJ1,CARSGWFFDVW,IGKV16-104,IGKJ1,CQQHNEYPWTF
SRBC,NA,NA,TRUE,mouse,GTTTCTAAGTGGTAGC-1,SC22169_CTRL_GTTTCTAAGTGGTAGC-1,IGHV1-34,IGHJ1,CARGDYYGSRYFDVW,IGKV8-30,IGKJ1,CQQYYSYPRTF
SRBC,NA,NA,TRUE,mouse,GTTTCTACAATGTTGC-1,SC22169_CTRL_GTTTCTACAATGTTGC-1,IGHV1-81,IGHJ4,CARELITRAMDYW,IGLV1,IGLJ1,CALWYSNHLVF
SRBC,NA,NA,TRUE,mouse,TAAACCGGTTGATTGC-1,SC22169_CTRL_TAAACCGGTTGATTGC-1,IGHV1-62-2,IGHJ2,CARHGPHYFDYW,IGKV2-137,IGKJ2,CMQHLEYPYTF
SRBC,NA,NA,TRUE,mouse,TAAACCGTCCGGCACA-1,SC22169_CTRL_TAAACCGTCCGGCACA-1,IGHV1-9,IGHJ2,CARRRYYGSSYYFDYW,IGKV1-117,IGKJ1,CFQGSHVPWTF
SRBC,NA,NA,TRUE,mouse,TAAACCGTCGCCATAA-1,SC22169_CTRL_TAAACCGTCGCCATAA-1,IGHV1-47-24,IGHJ1,CAKEGFTTVVGTGYWYFDVW,IGKV10-96,IGKJ1,CQQGNTLPRTF
SRBC,NA,NA,TRUE,mouse,TAAACCGTCTCAACTT-1,SC22169_CTRL_TAAACCGTCTCAACTT-1,IGHV5-6,IGHJ2,CARQSDIDYW,IGKV1-135,IGKJ1,CWQGTHFPQTF
SRBC,NA,NA,TRUE,mouse,TAAGAGAAGGCTCTTA-1,SC22169_CTRL_TAAGAGAAGGCTCTTA-1,IGHV2-6-7,IGHJ4,CARDRMDYW,IGKV4-57,IGKJ4,CQQRSSYPFTF
SRBC,NA,NA,TRUE,mouse,TAAGAGAAGGTAGCTG-1,SC22169_CTRL_TAAGAGAAGGTAGCTG-1,IGHV1-81,IGHJ2,CARRGSTYSSYYFDYW,IGKV1-117,IGKJ5,CFQGSLVPPTF
SRBC,NA,NA,TRUE,mouse,TAAGAGATCAGCAACT-1,SC22169_CTRL_TAAGAGATCAGCAACT-1,IGHV9-3,IGHJ3,CARRDFAYW,IGLV1,IGLJ1,CALWYSNHWVF
SRBC,NA,NA,TRUE,mouse,TAAGAGATCCATGCTC-1,SC22169_CTRL_TAAGAGATCCATGCTC-1,IGHV1-80,IGHJ1,CAGGYWYFDVW,IGKV16-104,IGKJ1,CQQHNEYPWTF
SRBC,NA,NA,TRUE,mouse,TAAGTGCTCGCTGATA-1,SC22169_CTRL_TAAGTGCTCGCTGATA-1,IGHV3-2,IGHJ3,CARSDYYDYDWFAYW,IGKV19-93,IGKJ2,CLQYDNLYTF
SRBC,NA,NA,TRUE,mouse,TACCTATGTGATGATA-1,SC22169_CTRL_TACCTATGTGATGATA-1,IGHV2-5,IGHJ4,CANYDHYAIDYW,IGLV1,IGLJ1,CALWYSNHLVF
SRBC,NA,NA,TRUE,mouse,TACCTATGTTATTCTC-1,SC22169_CTRL_TACCTATGTTATTCTC-1,IGHV1-53,IGHJ2,CARDYVGFW,IGKV9-124,IGKJ1,CLQYASYPWTF
SRBC,NA,NA,TRUE,mouse,TACCTATGTTGGTAAA-1,SC22169_CTRL_TACCTATGTTGGTAAA-1,IGHV1-47-23,IGHJ1,CARSGWFFDVW,IGKV16-104,IGKJ1,CQQHNEYPWTF
SRBC,NA,NA,TRUE,mouse,TACCTATTCCTCGCAT-1,SC22169_CTRL_TACCTATTCCTCGCAT-1,IGHV1-85,IGHJ2,CARSTITTVVATPYFDYW,IGKV6-23,IGKJ5,CQQYSSYPLTF
SRBC,NA,NA,TRUE,mouse,TACCTTAGTCACTGGC-1,SC22169_CTRL_TACCTTAGTCACTGGC-1,IGHV8-8,IGHJ2,CARMAYYGISFDYW,IGKV1-135,IGKJ1,CWQGTHFPWTF
SRBC,NA,NA,TRUE,mouse,TACCTTAGTGCGATAG-1,SC22169_CTRL_TACCTTAGTGCGATAG-1,IGHV1-47-46,IGHJ2,CTRRDYYGSTYVDYW,IGKV6-20,IGKJ5,CGQSYSYPPTF
SRBC,NA,NA,TRUE,mouse,TACGGATGTGCGGTAA-1,SC22169_CTRL_TACGGATGTGCGGTAA-1,IGHV2-9,IGHJ4,CARERAYLLLRYAMDYW,IGKV1-110,IGKJ2,CSQSTHVPYTF
SRBC,NA,NA,TRUE,mouse,TACGGGCCAATAGCAA-1,SC22169_CTRL_TACGGGCCAATAGCAA-1,IGHV1-86,IGHJ4,CARSYYYGIPRSMDYW,IGKV1-135,IGKJ1,CWQGTHFPQTF
SRBC,NA,NA,TRUE,mouse,TACGGGCGTTCAGCGC-1,SC22169_CTRL_TACGGGCGTTCAGCGC-1,IGHV1-80,IGHJ3,CARNDGYYQAYW,IGKV6-23,IGKJ4,CQQYSTYPFTF
SRBC,NA,NA,TRUE,mouse,TACGGTAGTTGTGGAG-1,SC22169_CTRL_TACGGTAGTTGTGGAG-1,IGHV1-69,IGHJ3,CARGAAAQNWFAYW,IGKV9-120,IGKJ1,CLQYASSPWTF
SRBC,NA,NA,TRUE,mouse,TACTCATAGCGTTTAC-1,SC22169_CTRL_TACTCATAGCGTTTAC-1,IGHV5-4,IGHJ4,CARDQLYDGYLDYW,IGKV1-117,IGKJ5,CFQGSHVPLTF
SRBC,NA,NA,TRUE,mouse,TACTCGCAGGGCATGT-1,SC22169_CTRL_TACTCGCAGGGCATGT-1,IGHV1-47-3,IGHJ3,CTRGSSGYFAYW,IGKV8-21,IGKJ5,CKQSYNLLTF
SRBC,NA,NA,TRUE,mouse,TACTCGCTCTCTGTCG-1,SC22169_CTRL_TACTCGCTCTCTGTCG-1,IGHV1-14,IGHJ2,CAREGYYDHW,IGKV8-27,IGKJ1,CHQYLSSWTF
SRBC,NA,NA,TRUE,mouse,TACTTACAGCGTAATA-1,SC22169_CTRL_TACTTACAGCGTAATA-1,IGHV5-6,IGHJ1,CAREAFYGKRYFDVW,IGKV5-48,IGKJ4,CQQSNSWPIFTF
SRBC,NA,NA,TRUE,mouse,TACTTACAGGTGATTA-1,SC22169_CTRL_TACTTACAGGTGATTA-1,IGHV9-2-1,IGHJ3,CAPTVVPFAYW,IGKV2-137,IGKJ2,CMQHLEYPYTF
SRBC,NA,NA,TRUE,mouse,TACTTACCAGTTTACG-1,SC22169_CTRL_TACTTACCAGTTTACG-1,IGHV8-12,IGHJ4,CARGTLLRYFAMDYW,IGKV10-96,IGKJ1,CQQGNTLPRTF
SRBC,NA,NA,TRUE,mouse,TACTTACCATCAGTAC-1,SC22169_CTRL_TACTTACCATCAGTAC-1,IGHV1-80,IGHJ4,CSRSITTVVAPLSMDYW,IGKV6-23,IGKJ2,CQQYSSYPYTF
SRBC,NA,NA,TRUE,mouse,TACTTACCATGGTTGT-1,SC22169_CTRL_TACTTACCATGGTTGT-1,IGHV1-47-23,IGHJ4,CARDLGYTMDYW,IGKV1-117,IGKJ1,CFQGSHVPRTF
SRBC,NA,NA,TRUE,mouse,TACTTACGTACCTACA-1,SC22169_CTRL_TACTTACGTACCTACA-1,IGHV2-3,IGHJ2,CAKLRRYYFDYW,IGKV3-2,IGKJ1,CQQSKEVPWTF
SRBC,NA,NA,TRUE,mouse,TACTTACTCATAAAGG-1,SC22169_CTRL_TACTTACTCATAAAGG-1,IGHV2-2,IGHJ2,CARSGDYLDFDYW,IGKV5-48,IGKJ5,CQQSNSWPLTF
SRBC,NA,NA,TRUE,mouse,TACTTACTCGTGGTCG-1,SC22169_CTRL_TACTTACTCGTGGTCG-1,IGHV5-6-4,IGHJ4,CTRDTYRYDGYYYAMDYW,IGKV8-27,IGKJ2,CHQYLSSRTF
SRBC,NA,NA,TRUE,mouse,TACTTGTCACGGTTTA-1,SC22169_CTRL_TACTTGTCACGGTTTA-1,IGHV2-3,IGHJ3,CAKPGVPYYSNYEGFAYW,IGKV1-110,IGKJ4,CSQNTHVPFTF
SRBC,NA,NA,TRUE,mouse,TACTTGTTCTTAGCCC-1,SC22169_CTRL_TACTTGTTCTTAGCCC-1,IGHV8-12,IGHJ3,CVRSDYYGCTLWFAYW,IGKV6-23,IGKJ2,CQQYNTYPYTF
SRBC,NA,NA,TRUE,mouse,TAGACCAGTACCGGCT-1,SC22169_CTRL_TAGACCAGTACCGGCT-1,IGHV5-6,IGHJ3,CARHDYGPSYW,IGKV1-135,IGKJ1,CWQGTHFPQTF
SRBC,NA,NA,TRUE,mouse,TAGACCAGTACGACCC-1,SC22169_CTRL_TAGACCAGTACGACCC-1,IGHV7-1,IGHJ1,CARDAGGNYRYWYFDVW,IGKV12-44,IGKJ5,CQHHYGTPLTF
SRBC,NA,NA,TRUE,mouse,TAGAGCTAGACCTAGG-1,SC22169_CTRL_TAGAGCTAGACCTAGG-1,IGHV9-3-1,IGHJ2,CARVTTVALDYW,IGKV12-44,IGKJ2,CQHHYGTPYTF
SRBC,NA,NA,TRUE,mouse,TAGAGCTCATCACAAC-1,SC22169_CTRL_TAGAGCTCATCACAAC-1,IGHV14-4,IGHJ2,CTRLRRRGFYFDYW,IGKV14-111,IGKJ2,CLQYDEFPYTF
SRBC,NA,NA,TRUE,mouse,TAGAGCTGTTGTGGAG-1,SC22169_CTRL_TAGAGCTGTTGTGGAG-1,IGHV6-7,IGHJ3,CTGRFAYW,IGKV14-111,IGKJ5,CLQFDEFPPTF
SRBC,NA,NA,TRUE,mouse,TAGAGCTTCATCGATG-1,SC22169_CTRL_TAGAGCTTCATCGATG-1,IGHV2-2,IGHJ3,CARRNYDYDGGFAYW,IGKV17-127,IGKJ5,CLQSDNMPLTF
SRBC,NA,NA,TRUE,mouse,TAGAGCTTCCCTCTTT-1,SC22169_CTRL_TAGAGCTTCCCTCTTT-1,IGHV14-3,IGHJ4,CARQYYYGSIPYAMDYW,IGKV4-59,IGKJ5,CQQWSRNPLTF
SRBC,NA,NA,TRUE,mouse,TAGCCGGAGGCGACAT-1,SC22169_CTRL_TAGCCGGAGGCGACAT-1,IGHV5-12,IGHJ4,CARHPYYRDGMDYW,IGKV1-117,IGKJ5,CFQGSHVPLTF
SRBC,NA,NA,TRUE,mouse,TAGCCGGGTCCTAGCG-1,SC22169_CTRL_TAGCCGGGTCCTAGCG-1,IGHV1-5,IGHJ2,CTRLLFFDYW,IGKV1-110,IGKJ2,CSQSTHVPYTF
SRBC,NA,NA,TRUE,mouse,TAGCCGGTCAAGATCC-1,SC22169_CTRL_TAGCCGGTCAAGATCC-1,IGHV1-76,IGHJ3,CARSIYDSFLAYW,IGKV17-127,IGKJ4,CLQSDNMPFTF
SRBC,NA,NA,TRUE,mouse,TAGTGGTCAAGGTGTG-1,SC22169_CTRL_TAGTGGTCAAGGTGTG-1,IGHV1-87,IGHJ4,CARSRRPHYGSGYDYAMDYW,IGKV3-12,IGKJ5,CQHSRELPLTF
SRBC,NA,NA,TRUE,mouse,TAGTGGTCAGCTCCGA-1,SC22169_CTRL_TAGTGGTCAGCTCCGA-1,IGHV8-8,IGHJ1,CARIARRANWYFDVW,IGKV1-110,IGKJ1,CSQSTHVPWTF
SRBC,NA,NA,TRUE,mouse,TAGTGGTTCAGGCAAG-1,SC22169_CTRL_TAGTGGTTCAGGCAAG-1,IGHV5-17,IGHJ2,CARMRGYYFDYW,IGKV15-103,IGKJ5,CQQGQSYPLTF
SRBC,NA,NA,TRUE,mouse,TAGTTGGAGTTTAGGA-1,SC22169_CTRL_TAGTTGGAGTTTAGGA-1,IGHV1-52,IGHJ2,CARSTYDYGYFDYW,IGKV6-32,IGKJ2,CQQDYSSPYTF
SRBC,NA,NA,TRUE,mouse,TAGTTGGCAGGGCATA-1,SC22169_CTRL_TAGTTGGCAGGGCATA-1,IGHV5-6,IGHJ2,CARPLTGYFDYW,IGKV1-117,IGKJ1,CFQGSHVPWTF
SRBC,NA,NA,TRUE,mouse,TAGTTGGCATCGGTTA-1,SC22169_CTRL_TAGTTGGCATCGGTTA-1,IGHV10-1-2,IGHJ2,CVRERSWDFDYW,IGKV2-137,IGKJ2,CMQHLEYPYTF
SRBC,NA,NA,TRUE,mouse,TAGTTGGGTGTTTGTG-1,SC22169_CTRL_TAGTTGGGTGTTTGTG-1,IGHV1-18-36,IGHJ2,CARNWDGYW,IGKV2-137,IGKJ2,CMQHLEYPYTF
SRBC,NA,NA,TRUE,mouse,TAGTTGGTCGAACTGT-1,SC22169_CTRL_TAGTTGGTCGAACTGT-1,IGHV1-47-24,IGHJ2,CARRMYGNPYYFDYW,IGKV13-85,IGKJ2,CQQYWSTPYTF
SRBC,NA,NA,TRUE,mouse,TAGTTGGTCTTCGGTC-1,SC22169_CTRL_TAGTTGGTCTTCGGTC-1,IGHV2-6-7,IGHJ4,CARGSYGSAYYYAMDYW,IGKV10-94,IGKJ2,CQQYSKLPYTF
SRBC,NA,NA,TRUE,mouse,TATCAGGGTAGGCATG-1,SC22169_CTRL_TATCAGGGTAGGCATG-1,IGHV1-52,IGHJ3,CARASRRTGAWFAYW,IGLV1,IGLJ1,CALWYSNHWVF
SRBC,NA,NA,TRUE,mouse,TATCAGGGTTTCCACC-1,SC22169_CTRL_TATCAGGGTTTCCACC-1,IGHV1-42-1,IGHJ2,CARHYYGYYFDYW,IGKV14-111,IGKJ2,CLQYDELYTF
SRBC,NA,NA,TRUE,mouse,TATGCCCAGCAGCCTC-1,SC22169_CTRL_TATGCCCAGCAGCCTC-1,IGHV2-9-1,IGHJ4,CARNYDGYYVGAMDYW,IGKV1-117,IGKJ5,CFQGSHVPLTF
SRBC,NA,NA,TRUE,mouse,TATGCCCAGTGTCTCA-1,SC22169_CTRL_TATGCCCAGTGTCTCA-1,IGHV5-12-2,IGHJ4,CARHKLRPYAMDYW,IGKV8-19,IGKJ5,CQNDYSYPLTF
SRBC,NA,NA,TRUE,mouse,TATGCCCGTCAAAGAT-1,SC22169_CTRL_TATGCCCGTCAAAGAT-1,IGHV2-5,IGHJ1,CAKTNFYYWYFDVW,IGLV2,IGLJ2,CALWYSTHYVF
SRBC,NA,NA,TRUE,mouse,TATTACCCACAGACAG-1,SC22169_CTRL_TATTACCCACAGACAG-1,IGHV3-2,IGHJ4,CARRGDYW,IGKV4-57-1,IGKJ5,CQQYSGYPLTF
SRBC,NA,NA,TRUE,mouse,TATTACCCACGGCGTT-1,SC22169_CTRL_TATTACCCACGGCGTT-1,IGHV1-9,IGHJ2,CARRSFYYGSRYFDYW,IGKV9-124,IGKJ2,CLQYASYPYTF
SRBC,NA,NA,TRUE,mouse,TATTACCCATCTACGA-1,SC22169_CTRL_TATTACCCATCTACGA-1,IGHV8-8,IGHJ4,CARMKGSPYAMDYW,IGKV8-27,IGKJ1,CHQYLSSWTF
SRBC,NA,NA,TRUE,mouse,TCAACGAAGGGATACC-1,SC22169_CTRL_TCAACGAAGGGATACC-1,IGHV1-81,IGHJ4,CARRVYYYGSMDYW,IGKV1-135,IGKJ1,CWQGTHFPQTF
SRBC,NA,NA,TRUE,mouse,TCAACGAAGTCAAGCG-1,SC22169_CTRL_TCAACGAAGTCAAGCG-1,IGHV8-8,IGHJ4,CARIAPITTRAMDYW,IGKV8-27,IGKJ2,CHQYLSSYTF
SRBC,NA,NA,TRUE,mouse,TCAACGAGTGGTAACG-1,SC22169_CTRL_TCAACGAGTGGTAACG-1,IGHV8-4-7,IGHJ3,CARSLNWDEGFAYW,IGKV4-70,IGKJ2,CHQRSSYYTF
SRBC,NA,NA,TRUE,mouse,TCAACGATCCATGCTC-1,SC22169_CTRL_TCAACGATCCATGCTC-1,IGHV1-81,IGHJ4,CASRGSNYGVDYYAMDYW,IGKV1-117,IGKJ5,CFQGSHVPLTF
SRBC,NA,NA,TRUE,mouse,TCAATCTCATTCCTGC-1,SC22169_CTRL_TCAATCTCATTCCTGC-1,IGHV1-62-2,IGHJ3,CARHEDRGRYGNPAEFAYW,IGKV2-137,IGKJ2,CMQHLEYPYTF
SRBC,NA,NA,TRUE,mouse,TCAATCTTCAAAGTAG-1,SC22169_CTRL_TCAATCTTCAAAGTAG-1,IGHV9-3,IGHJ2,CARRGLDYW,IGLV1,IGLJ1,CALWYSNHWVF
SRBC,NA,NA,TRUE,mouse,TCACAAGCATCTGGTA-1,SC22169_CTRL_TCACAAGCATCTGGTA-1,IGHV6-7-1,IGHJ3,CTDRGAYW,IGKV19-93,IGKJ2,CLQYDNLYTF
SRBC,NA,NA,TRUE,mouse,TCAGATGTCTATCCCG-1,SC22169_CTRL_TCAGATGTCTATCCCG-1,IGHV1-55,IGHJ3,CARSDYSNYLAWFAYW,IGKV8-34,IGKJ2,CQQSYSAPYTF
SRBC,NA,NA,TRUE,mouse,TCAGCAAAGCTGAAAT-1,SC22169_CTRL_TCAGCAAAGCTGAAAT-1,IGHV9-1,IGHJ2,CARGGYGNYFDYW,IGKV5-48,IGKJ5,CQQSDNWPLTF
SRBC,NA,NA,TRUE,mouse,TCAGCTCAGAAAGTGG-1,SC22169_CTRL_TCAGCTCAGAAAGTGG-1,IGHV1-47-36,IGHJ2,CARENYDEGFDYW,IGKV14-111,IGKJ5,CLQYDEFPLTF
SRBC,NA,NA,TRUE,mouse,TCAGCTCGTGTTCGAT-1,SC22169_CTRL_TCAGCTCGTGTTCGAT-1,IGHV1-81,IGHJ3,CASRGSWFAYW,IGKV1-117,IGKJ4,CFQGSHVPFTF
SRBC,NA,NA,TRUE,mouse,TCAGGATAGACACTAA-1,SC22169_CTRL_TCAGGATAGACACTAA-1,IGHV5-17,IGHJ1,CAIILRGGYFDVW,IGKV4-59,IGKJ4,CQQWSSNPPITF
SRBC,NA,NA,TRUE,mouse,TCAGGATCACGACGAA-1,SC22169_CTRL_TCAGGATCACGACGAA-1,IGHV8-8,IGHJ2,CAREKGTGTVSFDYW,IGKV8-30,IGKJ2,CQQYYSYPYTF
SRBC,NA,NA,TRUE,mouse,TCAGGATCACTATCTT-1,SC22169_CTRL_TCAGGATCACTATCTT-1,IGHV5-6,IGHJ4,CARHGRLEEYAMDYW,IGKV1-135,IGKJ1,CWQGTHFPWTF
SRBC,NA,NA,TRUE,mouse,TCAGGATCAGCGTAAG-1,SC22169_CTRL_TCAGGATCAGCGTAAG-1,IGHV2-6-5,IGHJ1,CAKHDNGSRYWYFDVW,IGLV1,IGLJ1,CALWYSNHFVF
SRBC,NA,NA,TRUE,mouse,TCAGGATGTACCGTTA-1,SC22169_CTRL_TCAGGATGTACCGTTA-1,IGHV3-1,IGHJ2,CARWLGQDNYFDYW,IGKV14-111,IGKJ1,CLQYDEFPWTL
SRBC,NA,NA,TRUE,mouse,TCAGGATGTAGCGTAG-1,SC22169_CTRL_TCAGGATGTAGCGTAG-1,IGHV1-62-2,IGHJ3,CARHGDSYDYDGFAYW,IGKV2-137,IGKJ2,CMQHLEYPYTF
SRBC,NA,NA,TRUE,mouse,TCAGGTATCTGGGCCA-1,SC22169_CTRL_TCAGGTATCTGGGCCA-1,IGHV1-74,IGHJ2,CALYYYGSSYYFDYW,IGKV6-15,IGKJ5,CQQYNSYPLTF
SRBC,NA,NA,TRUE,mouse,TCATTTGAGCCAGTTT-1,SC22169_CTRL_TCATTTGAGCCAGTTT-1,IGHV2-5-1,IGHJ1,CAKPSTAYSLYFDVW,IGKV1-110,IGKJ1,CSQSTHVPWTF
SRBC,NA,NA,TRUE,mouse,TCCACACAGCTTATCG-1,SC22169_CTRL_TCCACACAGCTTATCG-1,IGHV4-1,IGHJ4,CARRRANYYGNPYAMDFW,IGKV8-30,IGKJ2,CQQYYSYPYTF
SRBC,NA,NA,TRUE,mouse,TCCACACCAGCCAATT-1,SC22169_CTRL_TCCACACCAGCCAATT-1,IGHV5-12,IGHJ3,CTRGVLGRVLFAYW,IGKV6-23,IGKJ4,CQQYSSYPFTF
SRBC,NA,NA,TRUE,mouse,TCCACACGTTGACGTT-1,SC22169_CTRL_TCCACACGTTGACGTT-1,IGHV1-81,IGHJ2,CARGVGYYYGSNFDYW,IGKV1-110,IGKJ2,CSQSTHVPYTF
SRBC,NA,NA,TRUE,mouse,TCCACACTCATCTGCC-1,SC22169_CTRL_TCCACACTCATCTGCC-1,IGHV1-80,IGHJ4,CARDYSYVMDYW,IGKV4-79,IGKJ5,CHQWSSYPPTF
SRBC,NA,NA,TRUE,mouse,TCCCGATAGTCGTTTG-1,SC22169_CTRL_TCCCGATAGTCGTTTG-1,IGHV8-8,IGHJ3,CARIASDSSGYRFAYW,IGKV17-121,IGKJ4,CLQSDNLPFTF
SRBC,NA,NA,TRUE,mouse,TCCCGATCATGTCGAT-1,SC22169_CTRL_TCCCGATCATGTCGAT-1,IGHV8-4-6,IGHJ1,CARMGYFDVW,IGLV1,IGLJ1,CALWYSNHWVF
SRBC,NA,NA,TRUE,mouse,TCCCGATGTATTCGTG-1,SC22169_CTRL_TCCCGATGTATTCGTG-1,IGHV6-6,IGHJ4,CTGGDYW,IGKV6-25,IGKJ4,CQQHFSTPFTF
SRBC,NA,NA,TRUE,mouse,TCGAGGCTCTTGAGGT-1,SC22169_CTRL_TCGAGGCTCTTGAGGT-1,IGHV5-17,IGHJ2,CARPLFYYDYDTAYW,IGKV1-110,IGKJ1,CSQSTHVPWTF
SRBC,NA,NA,TRUE,mouse,TCGGGACAGATATGGT-1,SC22169_CTRL_TCGGGACAGATATGGT-1,IGHV15-2,IGHJ4,CARGDDGLFMDYW,IGKV14-111,IGKJ1,CLQYDEFPRTF
SRBC,NA,NA,TRUE,mouse,TCGTAGAAGGATGGAA-1,SC22169_CTRL_TCGTAGAAGGATGGAA-1,IGHV1-9,IGHJ3,CARGGRLFAYW,IGKV14-111,IGKJ2,CLQYDEFPYTF
SRBC,NA,NA,TRUE,mouse,TCTATTGCAATCAGAA-1,SC22169_CTRL_TCTATTGCAATCAGAA-1,IGHV1-81,IGHJ4,CARGGGIYYGYYYVMDYW,IGKV1-110,IGKJ2,CSQSTHVPYTF
SRBC,NA,NA,TRUE,mouse,TCTCATAAGCTAGCCC-1,SC22169_CTRL_TCTCATAAGCTAGCCC-1,IGHV1-81,IGHJ2,CARRGLRRGGNYFDYW,IGLV3,IGLJ2,CGVGDTIKEQFVYVF
SRBC,NA,NA,TRUE,mouse,TCTCTAACAAAGCGGT-1,SC22169_CTRL_TCTCTAACAAAGCGGT-1,IGHV1-64,IGHJ2,CVREEGYSYFDYW,IGLV1,IGLJ1,CALWYSNHWVF
SRBC,NA,NA,TRUE,mouse,TCTCTAAGTGCTTCTC-1,SC22169_CTRL_TCTCTAAGTGCTTCTC-1,IGHV5-9,IGHJ3,CARQRFASW,IGKV9-120,IGKJ2,CLQYASSPYTF
SRBC,NA,NA,TRUE,mouse,TCTCTAATCCCTCTTT-1,SC22169_CTRL_TCTCTAATCCCTCTTT-1,IGHV1-82,IGHJ4,CARSYAMDYW,IGKV6-32,IGKJ4,CQQDYSSPFTF
SRBC,NA,NA,TRUE,mouse,TCTGAGAAGAGACGAA-1,SC22169_CTRL_TCTGAGAAGAGACGAA-1,IGHV1-9,IGHJ4,CARRDYYGHYGGAMDYW,IGKV1-110,IGKJ1,CSQSTHVPWTF
SRBC,NA,NA,TRUE,mouse,TCTGAGACAGCTGGCT-1,SC22169_CTRL_TCTGAGACAGCTGGCT-1,IGHV1-64,IGHJ2,CVRLRDYW,IGKV6-15,IGKJ5,CQQYHSYPLTF
SRBC,NA,NA,TRUE,mouse,TCTGAGACAGGATTGG-1,SC22169_CTRL_TCTGAGACAGGATTGG-1,IGHV1-5,IGHJ4,CTREEGLRRAMDYW,IGKV4-74,IGKJ1,CHQYHRSPPTF
SRBC,NA,NA,TRUE,mouse,TCTGAGAGTGCATCTA-1,SC22169_CTRL_TCTGAGAGTGCATCTA-1,IGHV1-37,IGHJ4,CGRGTVGAMDYW,IGKV10-94,IGKJ1,CQQYSKLPWTF
SRBC,NA,NA,TRUE,mouse,TCTGGAAAGGCTAGGT-1,SC22169_CTRL_TCTGGAAAGGCTAGGT-1,IGHV5-17,IGHJ1,CARLGGYYPHWYFAVW,IGKV6-23,IGKJ1,CQQYSSYPRTF
SRBC,NA,NA,TRUE,mouse,TCTGGAACATGCCACG-1,SC22169_CTRL_TCTGGAACATGCCACG-1,IGHV2-6-7,IGHJ1,CARYGYDWYFDVW,IGLV1,IGLJ3,CALWYSNHFIF
SRBC,NA,NA,TRUE,mouse,TCTTCGGAGCAACGGT-1,SC22169_CTRL_TCTTCGGAGCAACGGT-1,IGHV1-37,IGHJ2,CGRGGFIIYW,IGKV13-84,IGKJ2,CQQYWSTPYTF
SRBC,NA,NA,TRUE,mouse,TCTTCGGAGGGATACC-1,SC22169_CTRL_TCTTCGGAGGGATACC-1,IGHV7-3,IGHJ2,CARYKGHFDYW,IGLV1,IGLJ1,CALWYSNHWVF
SRBC,NA,NA,TRUE,mouse,TCTTCGGGTGCCTGGT-1,SC22169_CTRL_TCTTCGGGTGCCTGGT-1,IGHV1-47-36,IGHJ2,CARENYDEGFDYW,IGKV14-111,IGKJ5,CLQYDEFPLTF
SRBC,NA,NA,TRUE,mouse,TCTTTCCAGGACGAAA-1,SC22169_CTRL_TCTTTCCAGGACGAAA-1,IGHV5-9-1,IGHJ2,CTRDLGGLGGYFDYW,IGKV5-48,IGKJ1,CQQSNNWPTF
SRBC,NA,NA,TRUE,mouse,TCTTTCCCACGCCAGT-1,SC22169_CTRL_TCTTTCCCACGCCAGT-1,IGHV1-69-1,IGHJ3,CARRIYDGYYEFAYW,IGKV12-44,IGKJ1,CQHHYGTPPTF
SRBC,NA,NA,TRUE,mouse,TGAAAGAAGTACACCT-1,SC22169_CTRL_TGAAAGAAGTACACCT-1,IGHV8-4-13,IGHJ2,CARMNYRYDEGDYFDYW,IGKV10-94,IGKJ2,CQQYSKLPYTF
SRBC,NA,NA,TRUE,mouse,TGAAAGAGTCCTGCTT-1,SC22169_CTRL_TGAAAGAGTCCTGCTT-1,IGHV1-15,IGHJ2,CTRTTVVEDYW,IGKV4-57,IGKJ1,CQQRSSYPPTF
SRBC,NA,NA,TRUE,mouse,TGACAACTCTCGCTTG-1,SC22169_CTRL_TGACAACTCTCGCTTG-1,IGHV2-5,IGHJ3,CAKGGLLGFAYW,IGLV1,IGLJ3,CALWYSNHFIF
SRBC,NA,NA,TRUE,mouse,TGACGGCAGGTACTCT-1,SC22169_CTRL_TGACGGCAGGTACTCT-1,IGHV2-6,IGHJ4,CARNDGYFAMDYW,IGKV5-39,IGKJ1,CQNGHSFPWTF
SRBC,NA,NA,TRUE,mouse,TGACGGCTCCGTAGGC-1,SC22169_CTRL_TGACGGCTCCGTAGGC-1,IGHV3-1,IGHJ4,CARSPYYASPGAMDYW,IGKV10-96,IGKJ1,CQQGKTLPWTF
SRBC,NA,NA,TRUE,mouse,TGACTAGCAACGATCT-1,SC22169_CTRL_TGACTAGCAACGATCT-1,IGHV5-12,IGHJ3,CARHITTEGWFAYW,IGKV6-15,IGKJ5,CQQYNSYPLTF
SRBC,NA,NA,TRUE,mouse,TGACTAGCAAGGTTCT-1,SC22169_CTRL_TGACTAGCAAGGTTCT-1,IGHV5-6-4,IGHJ2,CTRGGPYFDYW,IGKV12-44,IGKJ2,CQHHYGTPYTF
SRBC,NA,NA,TRUE,mouse,TGACTAGCAATGACCT-1,SC22169_CTRL_TGACTAGCAATGACCT-1,IGHV2-9,IGHJ4,CARDPHDYARRAMDYW,IGKV3-12,IGKJ2,CQHSRELPYTF
SRBC,NA,NA,TRUE,mouse,TGACTAGTCGCCCTTA-1,SC22169_CTRL_TGACTAGTCGCCCTTA-1,IGHV9-3,IGHJ2,CARRGGFDYW,IGLV1,IGLJ1,CALWYSNHWVF
SRBC,NA,NA,TRUE,mouse,TGACTTTCAACTGGCC-1,SC22169_CTRL_TGACTTTCAACTGGCC-1,IGHV1-53,IGHJ1,CASRRDYYGRRGDWYFDVW,IGKV17-121,IGKJ5,CLQSDNLPLTF
SRBC,NA,NA,TRUE,mouse,TGACTTTTCAACACCA-1,SC22169_CTRL_TGACTTTTCAACACCA-1,IGHV9-3-1,IGHJ3,CARESPYGWFAYW,IGKV12-41,IGKJ1,CQHFWSTPRTF
SRBC,NA,NA,TRUE,mouse,TGACTTTTCAAGCCTA-1,SC22169_CTRL_TGACTTTTCAAGCCTA-1,IGHV1-71-6,IGHJ1,CARGDYDGDEYFDVW,IGKV1-135,IGKJ5,CWQGTHFPLTF
SRBC,NA,NA,TRUE,mouse,TGACTTTTCTTGAGAC-1,SC22169_CTRL_TGACTTTTCTTGAGAC-1,IGHV1-81,IGHJ2,CAKSTTVVAHFDYW,IGKV1-117,IGKJ2,CSQSTHVPYTF
SRBC,NA,NA,TRUE,mouse,TGAGAGGAGACCCACC-1,SC22169_CTRL_TGAGAGGAGACCCACC-1,IGHV1-72,IGHJ1,CARGAYDYEYFDVW,IGKV8-30,IGKJ5,CQQYYNYPFTF
SRBC,NA,NA,TRUE,mouse,TGAGAGGGTCTGCGGT-1,SC22169_CTRL_TGAGAGGGTCTGCGGT-1,IGHV6-7,IGHJ3,CTAGGSWFAYW,IGKV14-111,IGKJ2,CLQYAEFPPYTF
SRBC,NA,NA,TRUE,mouse,TGAGCATTCGCATGAT-1,SC22169_CTRL_TGAGCATTCGCATGAT-1,IGHV9-3,IGHJ4,CARPFLMDYW,IGKV1-88,IGKJ5,CLQGTHQPLTF
SRBC,NA,NA,TRUE,mouse,TGAGGGAAGACCTTTG-1,SC22169_CTRL_TGAGGGAAGACCTTTG-1,IGHV5-12,IGHJ2,CARQGILRSYFDYW,IGKV6-23,IGKJ1,CQQYSSYPLTF
SRBC,NA,NA,TRUE,mouse,TGAGGGAAGGAGTACC-1,SC22169_CTRL_TGAGGGAAGGAGTACC-1,IGHV8-4-7,IGHJ4,CARIRRGHYYAMDYW,IGKV10-96,IGKJ1,CQQGNTLPRTF
SRBC,NA,NA,TRUE,mouse,TGAGGGAGTCCCTACT-1,SC22169_CTRL_TGAGGGAGTCCCTACT-1,IGHV1-69-5,IGHJ3,CARWYYYGSSETYW,IGKV12-44,IGKJ2,CQHHYGTPYTF
SRBC,NA,NA,TRUE,mouse,TGAGGGAGTCTCGTTC-1,SC22169_CTRL_TGAGGGAGTCTCGTTC-1,IGHV1-47-27,IGHJ4,CARSLLLDYW,IGKV1-117,IGKJ4,CFQGSHVPFTF
SRBC,NA,NA,TRUE,mouse,TGATTTCCAAGCTGGA-1,SC22169_CTRL_TGATTTCCAAGCTGGA-1,IGHV8-4-7,IGHJ4,CARSRYYRYYAMDYW,IGKV6-20,IGKJ5,CGQSYSYPLTF
SRBC,NA,NA,TRUE,mouse,TGATTTCGTGCAGACA-1,SC22169_CTRL_TGATTTCGTGCAGACA-1,IGHV5-17,IGHJ2,CARGPAYFDYW,IGKV14-111,IGKJ4,CLQYDEFPFTF
SRBC,NA,NA,TRUE,mouse,TGATTTCTCCTCATTA-1,SC22169_CTRL_TGATTTCTCCTCATTA-1,IGHV1-62-2,IGHJ1,CARPRYYGNYDWYFDVW,IGKV8-30,IGKJ2,CQQYYSYPYTF
SRBC,NA,NA,TRUE,mouse,TGCACCTCATCCTAGA-1,SC22169_CTRL_TGCACCTCATCCTAGA-1,IGHV9-2-1,IGHJ3,CAPSGSWFAYW,IGKV3-5,IGKJ4,CQQSNEDPYTF
SRBC,NA,NA,TRUE,mouse,TGCCAAAAGTGAATTG-1,SC22169_CTRL_TGCCAAAAGTGAATTG-1,IGHV1-54,IGHJ3,CARSDYGRGWFAYW,IGKV3-12,IGKJ1,CQHSRELPRTF
SRBC,NA,NA,TRUE,mouse,TGCCCATCATCATCCC-1,SC22169_CTRL_TGCCCATCATCATCCC-1,IGHV9-3,IGHJ3,CARGYDYDGAAYW,IGKV6-15,IGKJ2,CQQYKNYPYTF
SRBC,NA,NA,TRUE,mouse,TGCCCTAAGATATGGT-1,SC22169_CTRL_TGCCCTAAGATATGGT-1,IGHV2-5-1,IGHJ4,CANYDHYAVDYW,IGKV4-57,IGKJ2,CQQRSSYPYTF
SRBC,NA,NA,TRUE,mouse,TGCCCTAGTCGACTGC-1,SC22169_CTRL_TGCCCTAGTCGACTGC-1,IGHV1-81,IGHJ3,CANYGSSAWFAYW,IGKV1-117,IGKJ1,CFQGSHVPWTF
SRBC,NA,NA,TRUE,mouse,TGCCCTATCTTTACAC-1,SC22169_CTRL_TGCCCTATCTTTACAC-1,IGHV9-3,IGHJ3,CARKWTYCGNPAWFAYW,IGKV1-110,IGKJ2,CSQSTHVPYTF
SRBC,NA,NA,TRUE,mouse,TGCGCAGCACTAAGTC-1,SC22169_CTRL_TGCGCAGCACTAAGTC-1,IGHV1-81,IGHJ1,CARGAPRSYYINWYFDVW,IGKV6-15,IGKJ1,CQQYNNYPWTF
SRBC,NA,NA,TRUE,mouse,TGCGCAGCATGCCACG-1,SC22169_CTRL_TGCGCAGCATGCCACG-1,IGHV1-15,IGHJ4,CTRYYGSSYLNYAMDYW,IGLV1,IGLJ3,CALWYSNQFIF
SRBC,NA,NA,TRUE,mouse,TGCGCAGGTCATTAGC-1,SC22169_CTRL_TGCGCAGGTCATTAGC-1,IGHV5-17,IGHJ4,CARGFYYTMDYW,IGKV14-126,IGKJ4,CLQHGESPFTF
SRBC,NA,NA,TRUE,mouse,TGCGTGGAGTCTCAAC-1,SC22169_CTRL_TGCGTGGAGTCTCAAC-1,IGHV1-18-11,IGHJ2,CARMGGFDYW,IGKV1-135,IGKJ1,CWQGTHFPRTF
SRBC,NA,NA,TRUE,mouse,TGCGTGGAGTGTCCCG-1,SC22169_CTRL_TGCGTGGAGTGTCCCG-1,IGHV1-81,IGHJ2,CARRGSIYSLYYFDYW,IGKV1-117,IGKJ5,CFQGSHVPPTF
SRBC,NA,NA,TRUE,mouse,TGCTACCGTACCAGTT-1,SC22169_CTRL_TGCTACCGTACCAGTT-1,IGHV1-62-2,IGHJ2,CARHGTGFDYW,IGKV2-137,IGKJ2,CMQHLEYPYTF
SRBC,NA,NA,TRUE,mouse,TGCTGCTTCCTAGTGA-1,SC22169_CTRL_TGCTGCTTCCTAGTGA-1,IGHV1-47-23,IGHJ1,CARGSWYFDVW,IGKV16-104,IGKJ1,CQQHNEYPWTF
SRBC,NA,NA,TRUE,mouse,TGGACGCCAATGGTCT-1,SC22169_CTRL_TGGACGCCAATGGTCT-1,IGHV9-3,IGHJ2,CARRGEFDYW,IGLV1,IGLJ1,CALWYSNHWVF
SRBC,NA,NA,TRUE,mouse,TGGACGCCAGGGAGAG-1,SC22169_CTRL_TGGACGCCAGGGAGAG-1,IGHV1-18-17,IGHJ3,CTRHGGGYYPFAYW,IGKV6-15,IGKJ5,CQQYNSYPLTF
SRBC,NA,NA,TRUE,mouse,TGGACGCGTAAGCACG-1,SC22169_CTRL_TGGACGCGTAAGCACG-1,IGHV5-12,IGHJ1,CTRPASTVVPGYFDVW,IGKV5-48,IGKJ5,CQQSNSWPLTF
SRBC,NA,NA,TRUE,mouse,TGGACGCTCAGTCCCT-1,SC22169_CTRL_TGGACGCTCAGTCCCT-1,IGHV1-12,IGHJ2,CARGQWLRRSHFDYW,IGKV4-55,IGKJ5,CQQWSSYPLTF
SRBC,NA,NA,TRUE,mouse,TGGACGCTCTGACCTC-1,SC22169_CTRL_TGGACGCTCTGACCTC-1,IGHV1-87,IGHJ2,CARGFYDGRGYW,IGKV14-111,IGKJ2,CLQYDEFPPYTF
SRBC,NA,NA,TRUE,mouse,TGGCGCAAGTGCGATG-1,SC22169_CTRL_TGGCGCAAGTGCGATG-1,IGHV1-81,IGHJ2,CARSGGGSSHFDYW,IGKV1-117,IGKJ1,CFQGSHVPRTF
SRBC,NA,NA,TRUE,mouse,TGGCGCATCAAGGCTT-1,SC22169_CTRL_TGGCGCATCAAGGCTT-1,IGHV2-6-7,IGHJ1,CARDRFDVW,IGKV4-57,IGKJ4,CQQRSFYPFTF
SRBC,NA,NA,TRUE,mouse,TGGCTGGCATGGTCTA-1,SC22169_CTRL_TGGCTGGCATGGTCTA-1,IGHV1-80,IGHJ1,CARSAYGSSYGYFDVW,IGKV4-79,IGKJ1,CQQWSSYPRTF
SRBC,NA,NA,TRUE,mouse,TGGGAAGAGAAACCAT-1,SC22169_CTRL_TGGGAAGAGAAACCAT-1,IGHV1-71-4,IGHJ3,CARSNYGSSYWFAYW,IGKV4-91,IGKJ1,CQQGSSIPRTF
SRBC,NA,NA,TRUE,mouse,TGGGAAGAGGGCTTGA-1,SC22169_CTRL_TGGGAAGAGGGCTTGA-1,IGHV1-80,IGHJ2,CARSGLLRYFDYW,IGKV10-94,IGKJ5,CQQYSKFPLTF
SRBC,NA,NA,TRUE,mouse,TGGGCGTAGTAGATGT-1,SC22169_CTRL_TGGGCGTAGTAGATGT-1,IGHV8-8,IGHJ3,CTRSLLYSNSPFAYW,IGKV8-28,IGKJ4,CQNDHSYPFTF
SRBC,NA,NA,TRUE,mouse,TGGGCGTCAGACACTT-1,SC22169_CTRL_TGGGCGTCAGACACTT-1,IGHV1-47-18,IGHJ3,CTRGENYYGSSYPWFAYW,IGKV8-24,IGKJ5,CQQHYSTPLTF
SRBC,NA,NA,TRUE,mouse,TGGGCGTTCTGCGTAA-1,SC22169_CTRL_TGGGCGTTCTGCGTAA-1,IGHV9-3,IGHJ4,CARRRTTDYYAMDYW,IGKV12-41,IGKJ2,CQHFWSTPYTF
SRBC,NA,NA,TRUE,mouse,TGGTTAGGTCAGATAA-1,SC22169_CTRL_TGGTTAGGTCAGATAA-1,IGHV1-80,IGHJ1,CARNHWHFDVW,IGKV16-104,IGKJ1,CQQHNEYPWTF
SRBC,NA,NA,TRUE,mouse,TGGTTCCAGTCGAGTG-1,SC22169_CTRL_TGGTTCCAGTCGAGTG-1,IGHV2-9,IGHJ3,CAREPGRGNYVAYW,IGKV12-44,IGKJ5,CQHHYGTPLTF
SRBC,NA,NA,TRUE,mouse,TGGTTCCGTACAGTGG-1,SC22169_CTRL_TGGTTCCGTACAGTGG-1,IGHV14-3,IGHJ3,CARSKFITTAAFAYW,IGKV6-25,IGKJ1,CQQHYITPWTF
SRBC,NA,NA,TRUE,mouse,TGGTTCCGTTTGTTTC-1,SC22169_CTRL_TGGTTCCGTTTGTTTC-1,IGHV9-2-1,IGHJ2,CAINWGRYW,IGKV1-133,IGKJ1,CVQGTHFPQTF
SRBC,NA,NA,TRUE,mouse,TGGTTCCTCCTAGTGA-1,SC22169_CTRL_TGGTTCCTCCTAGTGA-1,IGHV1-81,IGHJ3,CARWNPGTGGFAYW,IGKV9-124,IGKJ4,CLQYASYPFTF
SRBC,NA,NA,TRUE,mouse,TGGTTCCTCTGCGTAA-1,SC22169_CTRL_TGGTTCCTCTGCGTAA-1,IGHV1-9,IGHJ3,CARGRNYYGTSYGWFAYW,IGKV1-117,IGKJ1,CFQGSHVPWTF
SRBC,NA,NA,TRUE,mouse,TGTATTCAGAACAATC-1,SC22169_CTRL_TGTATTCAGAACAATC-1,IGHV1-69-7,IGHJ4,CARGTARAPSYFAMDCW,IGKV12-44,IGKJ2,CQHHYGTPYTF
SRBC,NA,NA,TRUE,mouse,TGTATTCGTCGTGGCT-1,SC22169_CTRL_TGTATTCGTCGTGGCT-1,IGHV14-2,IGHJ3,CASRITSVAYW,IGKV6-23,IGKJ4,CQQYSSYPFTF
SRBC,NA,NA,TRUE,mouse,TGTATTCTCCACTGGG-1,SC22169_CTRL_TGTATTCTCCACTGGG-1,IGHV5-9,IGHJ4,CAKKSRSYYGSAMDYW,IGKV10-96,IGKJ1,CQQGNTLPRTF
SRBC,NA,NA,TRUE,mouse,TGTATTCTCGAATGCT-1,SC22169_CTRL_TGTATTCTCGAATGCT-1,IGHV1-18-13,IGHJ2,CARRGELGRFDYW,IGKV6-15,IGKJ1,CQQYNSYPLTF
SRBC,NA,NA,TRUE,mouse,TGTCCCACAATGGTCT-1,SC22169_CTRL_TGTCCCACAATGGTCT-1,IGHV1-72,IGHJ4,CARDLYYYGSVAMDYW,IGKV6-17,IGKJ1,CQQHYSTPRTF
SRBC,NA,NA,TRUE,mouse,TGTCCCAGTACCTACA-1,SC22169_CTRL_TGTCCCAGTACCTACA-1,IGHV8-4-13,IGHJ4,CARADGYYEAMDYW,IGKV10-96,IGKJ1,CQQGNTLPRTF
SRBC,NA,NA,TRUE,mouse,TGTCCCAGTCCGAGTC-1,SC22169_CTRL_TGTCCCAGTCCGAGTC-1,IGHV3-2,IGHJ3,CAVTPYYYGSSTFAYW,IGKV1-110,IGKJ2,CSQSTHVPYTF
SRBC,NA,NA,TRUE,mouse,TGTCCCATCCCTCTTT-1,SC22169_CTRL_TGTCCCATCCCTCTTT-1,IGHV2-5,IGHJ1,CGKTNFYYWYFDVW,IGLV1,IGLJ1,CVLWYSNHWVF
SRBC,NA,NA,TRUE,mouse,TGTGTTTCATAGGATA-1,SC22169_CTRL_TGTGTTTCATAGGATA-1,IGHV10-1,IGHJ2,CVRHLDYW,IGLV2,IGLJ2,CALWYSTHYVF
SRBC,NA,NA,TRUE,mouse,TGTGTTTGTCATGCAT-1,SC22169_CTRL_TGTGTTTGTCATGCAT-1,IGHV1-9,IGHJ2,CARRRYYGSSYYFDYW,IGKV1-117,IGKJ4,CFQGSHVPPTF
SRBC,NA,NA,TRUE,mouse,TGTTCCGTCACGACTA-1,SC22169_CTRL_TGTTCCGTCACGACTA-1,IGHV1-84,IGHJ2,CARRGGSFYFDYW,IGKV1-110,IGKJ2,CSQSTHIPPYTF
SRBC,NA,NA,TRUE,mouse,TGTTCCGTCCAAACTG-1,SC22169_CTRL_TGTTCCGTCCAAACTG-1,IGHV1-69-2,IGHJ1,CAREDYDGYYGLTGYFDVW,IGKV6-17,IGKJ5,CQQHYSTPLTF
SRBC,NA,NA,TRUE,mouse,TTAACTCTCAGTACGT-1,SC22169_CTRL_TTAACTCTCAGTACGT-1,IGHV6-6,IGHJ2,CTRRDIYYYGSFDYW,IGKV5-48,IGKJ4,CQQSNSWPFTF
SRBC,NA,NA,TRUE,mouse,TTAGGACGTAATCACC-1,SC22169_CTRL_TTAGGACGTAATCACC-1,IGHV2-9,IGHJ3,CARGGFAYW,IGKV4-55,IGKJ4,CQQWSSYPLTF
SRBC,NA,NA,TRUE,mouse,TTAGGCAAGTGTCCAT-1,SC22169_CTRL_TTAGGCAAGTGTCCAT-1,IGHV9-3,IGHJ2,CARRGLDYW,IGLV1,IGLJ1,CALWYSNHWVF
SRBC,NA,NA,TRUE,mouse,TTAGGCAGTAATAGCA-1,SC22169_CTRL_TTAGGCAGTAATAGCA-1,IGHV1-64,IGHJ2,CARCGYYYPYYFDYW,IGKV1-110,IGKJ1,CSQSTHVPWTF
SRBC,NA,NA,TRUE,mouse,TTAGTTCGTAGATTAG-1,SC22169_CTRL_TTAGTTCGTAGATTAG-1,IGHV1-54,IGHJ4,CARERTTVPYAMDYW,IGKV4-57,IGKJ2,CQQRSSYPCTF
SRBC,NA,NA,TRUE,mouse,TTATGCTCACAGACTT-1,SC22169_CTRL_TTATGCTCACAGACTT-1,IGHV8-12,IGHJ1,CARETYYGSSFLDVW,IGKV12-44,IGKJ5,CQHHYGIPLTF
SRBC,NA,NA,TRUE,mouse,TTATGCTCACTTAAGC-1,SC22169_CTRL_TTATGCTCACTTAAGC-1,IGHV5-9,IGHJ2,CARRTTVVATDYW,IGKV15-103,IGKJ5,CQQGQSYPLTF
SRBC,NA,NA,TRUE,mouse,TTATGCTTCAGTACGT-1,SC22169_CTRL_TTATGCTTCAGTACGT-1,IGHV1-71-1,IGHJ4,CARVYYYGSRRDAMDYW,IGKV16-104,IGKJ1,CQQHNEYPWTF
SRBC,NA,NA,TRUE,mouse,TTATGCTTCCGTACAA-1,SC22169_CTRL_TTATGCTTCCGTACAA-1,IGHV1-9,IGHJ3,CSRRRYYGSNFWFAYW,IGKV1-117,IGKJ4,CFQGSHVPFTF
SRBC,NA,NA,TRUE,mouse,TTCCCAGAGAAGGGTA-1,SC22169_CTRL_TTCCCAGAGAAGGGTA-1,IGHV1-81,IGHJ2,CGSLSFSVVAHFDYW,IGKV5-48,IGKJ2,CQQSNSWPYTF
SRBC,NA,NA,TRUE,mouse,TTCCCAGCATCCGTGG-1,SC22169_CTRL_TTCCCAGCATCCGTGG-1,IGHV5-15,IGHJ4,CARHLGYYAMDYW,IGKV8-24,IGKJ5,CQQHYSTPLTF
SRBC,NA,NA,TRUE,mouse,TTCGGTCAGATACACA-1,SC22169_CTRL_TTCGGTCAGATACACA-1,IGHV1-75,IGHJ2,CTRRVYYSNFFDYW,IGKV1-110,IGKJ2,CSQSTHVPYTF
SRBC,NA,NA,TRUE,mouse,TTCGGTCAGGCATGGT-1,SC22169_CTRL_TTCGGTCAGGCATGGT-1,IGHV5-12-1,IGHJ1,CASTAPYYFFDVW,IGKV15-103,IGKJ2,CQQGQSYPYTF
SRBC,NA,NA,TRUE,mouse,TTCGGTCGTGATGCCC-1,SC22169_CTRL_TTCGGTCGTGATGCCC-1,IGHV5-6,IGHJ2,CARRVPYFDYW,IGKV12-98,IGKJ1,CQQLYSTWTF
SRBC,NA,NA,TRUE,mouse,TTCTACAGTGATGATA-1,SC22169_CTRL_TTCTACAGTGATGATA-1,IGHV1-47-36,IGHJ1,CARSRGYYYGNSLFWYFDVW,IGKV2-109,IGKJ4,CAQNLELPFTF
SRBC,NA,NA,TRUE,mouse,TTCTACATCCTAGGGC-1,SC22169_CTRL_TTCTACATCCTAGGGC-1,IGHV5-4,IGHJ3,CARGDSW,IGKV6-15,IGKJ5,CQQYNSYPLTF
SRBC,NA,NA,TRUE,mouse,TTCTCCTAGAATAGGG-1,SC22169_CTRL_TTCTCCTAGAATAGGG-1,IGHV3-2,IGHJ4,CARYGNSFMDYW,IGKV14-111,IGKJ5,CLQYDEFPLTF
SRBC,NA,NA,TRUE,mouse,TTCTCCTAGTGAACGC-1,SC22169_CTRL_TTCTCCTAGTGAACGC-1,IGHV1-14,IGHJ4,CAREGWGYGSHYAVDYW,IGKV4-59,IGKJ5,CQQWSSNPPTF
SRBC,NA,NA,TRUE,mouse,TTCTCCTCATGCTGGC-1,SC22169_CTRL_TTCTCCTCATGCTGGC-1,IGHV1-87,IGHJ4,CARYSGPTFYAMDYW,IGKV1-110,IGKJ1,CSQSTHVPWTF
SRBC,NA,NA,TRUE,mouse,TTCTCCTGTCTAACGT-1,SC22169_CTRL_TTCTCCTGTCTAACGT-1,IGHV9-3,IGHJ4,CARVITTVVAAHYYAMDYW,IGKV3-2,IGKJ4,CQQSKEVPFTF
SRBC,NA,NA,TRUE,mouse,TTCTCCTTCTTCTGGC-1,SC22169_CTRL_TTCTCCTTCTTCTGGC-1,IGHV1-18-2,IGHJ1,CARKEYGYWYFDVW,IGKV1-110,IGKJ5,CSQSTHVPLTF
SRBC,NA,NA,TRUE,mouse,TTCTTAGAGATGCCTT-1,SC22169_CTRL_TTCTTAGAGATGCCTT-1,IGHV5-16,IGHJ4,CTRLYSYAMDYW,IGKV10-96,IGKJ1,CQQAKMFPRTF
SRBC,NA,NA,TRUE,mouse,TTCTTAGCACTTAAGC-1,SC22169_CTRL_TTCTTAGCACTTAAGC-1,IGHV9-3,IGHJ2,CARRNFDYW,IGLV1,IGLJ1,CALWSSSHWVF
SRBC,NA,NA,TRUE,mouse,TTCTTAGCAGACAAAT-1,SC22169_CTRL_TTCTTAGCAGACAAAT-1,IGHV5-9,IGHJ3,CARGNRGILYDGFAYW,IGLV1,IGLJ1,CALWYSNHWVF
SRBC,NA,NA,TRUE,mouse,TTGAACGAGCCTTGAT-1,SC22169_CTRL_TTGAACGAGCCTTGAT-1,IGHV1-4,IGHJ4,CAKTSYYGSGYDYAMDCW,IGKV14-111,IGKJ5,CLQYDEFPLTF
SRBC,NA,NA,TRUE,mouse,TTGAACGGTGTCTGAT-1,SC22169_CTRL_TTGAACGGTGTCTGAT-1,IGHV1-62-2,IGHJ4,CTRHEDYYGSKDGYYATDYW,IGKV2-137,IGKJ2,CMQHLEYPYTF
SRBC,NA,NA,TRUE,mouse,TTGACTTGTGAGGGAG-1,SC22169_CTRL_TTGACTTGTGAGGGAG-1,IGHV1-26,IGHJ1,CARWVYYDYGGNWYFDVW,IGKV1-117,IGKJ2,CFQGSHVPYTF
SRBC,NA,NA,TRUE,mouse,TTGCCGTGTTGCGCAC-1,SC22169_CTRL_TTGCCGTGTTGCGCAC-1,IGHV1-42-1,IGHJ3,CARKNSVNGNWFAYW,IGKV9-123,IGKJ2,CLQRNAYPYTF
SRBC,NA,NA,TRUE,mouse,TTGCCGTTCCGAGCCA-1,SC22169_CTRL_TTGCCGTTCCGAGCCA-1,IGHV1-72,IGHJ2,CARPFYYGNYVSYYFDYW,IGKV3-12,IGKJ1,CQHSRELPPTF
SRBC,NA,NA,TRUE,mouse,TTGCCGTTCTCTAGGA-1,SC22169_CTRL_TTGCCGTTCTCTAGGA-1,IGHV9-3-1,IGHJ4,CARTLSLRYGTGYYAMDYW,IGKV8-28,IGKJ5,CQNDHSYPPTF
SRBC,NA,NA,TRUE,mouse,TTGGAACAGCGTTGCC-1,SC22169_CTRL_TTGGAACAGCGTTGCC-1,IGHV6-3,IGHJ4,CTGPLYGSSYRDYAMDYW,IGLV3,IGLJ2,CGVGDTIKEQFVYVF
SRBC,NA,NA,TRUE,mouse,TTGGAACAGGGATACC-1,SC22169_CTRL_TTGGAACAGGGATACC-1,IGHV5-12,IGHJ3,CARHYYGSSSWFTYW,IGKV1-88,IGKJ1,CLQGTHQPRTF
SRBC,NA,NA,TRUE,mouse,TTGGCAAAGGACCACA-1,SC22169_CTRL_TTGGCAAAGGACCACA-1,IGHV1-9,IGHJ3,CARRLLRAYW,IGKV6-15,IGKJ5,CQQYNSYPLTF
SRBC,NA,NA,TRUE,mouse,TTTACTGTCTCCAACC-1,SC22169_CTRL_TTTACTGTCTCCAACC-1,IGHV1-80,IGHJ2,CARKEGYYFDYW,IGKV17-127,IGKJ2,CLQSDNMPYTF
SRBC,NA,NA,TRUE,mouse,TTTATGCCACTGCCAG-1,SC22169_CTRL_TTTATGCCACTGCCAG-1,IGHV9-3,IGHJ3,CARRGFAYW,IGLV1,IGLJ1,CALWSSNHLVF
SRBC,NA,NA,TRUE,mouse,TTTCCTCCACGCCAGT-1,SC22169_CTRL_TTTCCTCCACGCCAGT-1,IGHV1-77,IGHJ4,CARSLYYYGSDYAMDYW,IGKV12-98,IGKJ1,CQQLYSTPLTF
SRBC,NA,NA,TRUE,mouse,TTTCCTCTCGACCAGC-1,SC22169_CTRL_TTTCCTCTCGACCAGC-1,IGHV9-2-1,IGHJ3,CARSDYRYGAYW,IGKV2-137,IGKJ2,CMQHLEYPYTF
SRBC,NA,NA,TRUE,mouse,TTTGCGCCAAGTTCTG-1,SC22169_CTRL_TTTGCGCCAAGTTCTG-1,IGHV1-69,IGHJ4,CARGGYGKGYAMDYW,IGKV15-103,IGKJ2,CQQGQSYPLTF
SRBC,NA,NA,TRUE,mouse,TTTGCGCCAATTCCTT-1,SC22169_CTRL_TTTGCGCCAATTCCTT-1,IGHV2-6-4,IGHJ4,CARNYAMDYW,IGKV1-99,IGKJ2,CFQSNYLPYTF
SRBC,NA,NA,TRUE,mouse,TTTGCGCGTACATCCA-1,SC22169_CTRL_TTTGCGCGTACATCCA-1,IGHV10-3,IGHJ3,CVSDYGNWFAYW,IGLV2,IGLJ2,CALWYSTHYVF
SRBC,NA,NA,TRUE,mouse,TTTGCGCGTTCCGGCA-1,SC22169_CTRL_TTTGCGCGTTCCGGCA-1,IGHV1-64,IGHJ3,CARETTSYYSNYLFAYW,IGKV10-96,IGKJ5,CQQGNTLPLTF
SRBC,NA,NA,TRUE,mouse,TTTGGTTTCAAAGTAG-1,SC22169_CTRL_TTTGGTTTCAAAGTAG-1,IGHV1-47-8,IGHJ1,CARPSNWDWYFDVW,IGKV8-24,IGKJ5,CQQHYSTPLTF
SRBC,NA,NA,TRUE,mouse,TTTGGTTTCAGTCCCT-1,SC22169_CTRL_TTTGGTTTCAGTCCCT-1,IGHV5-4,IGHJ2,CARGNFFDYW,IGKV14-100,IGKJ2,CVQYAQFPYTF
SRBC,NA,NA,TRUE,mouse,TTTGTCAAGAAGGACA-1,SC22169_CTRL_TTTGTCAAGAAGGACA-1,IGHV1-47-36,IGHJ3,CARYTTATGFSYW,IGKV9-120,IGKJ1,CLQYVSSPRTF
SRBC,NA,NA,TRUE,mouse,TTTGTCAAGTGCCAGA-1,SC22169_CTRL_TTTGTCAAGTGCCAGA-1,IGHV1-14,IGHJ3,CALHYYGYVFAYW,IGKV6-32,IGKJ2,CHQDYRSPYTF
SRBC,NA,NA,TRUE,mouse,TTTGTCACACGCGAAA-1,SC22169_CTRL_TTTGTCACACGCGAAA-1,IGHV15-2,IGHJ2,CARGGNYLGYW,IGKV1-110,IGKJ1,CSQSTHVPWTF
SRBC,NA,NA,TRUE,mouse,AAACCTGAGTGGAGTC-1,SC24124_CTRL_AAACCTGAGTGGAGTC-1,IGHV9-3,IGHJ3,CTGGYYYGRGFAYW,IGKV4-50,IGKJ1,CQQFTSSPWTF
SRBC,NA,NA,TRUE,mouse,AAACCTGGTCTTCAAG-1,SC24124_CTRL_AAACCTGGTCTTCAAG-1,IGHV14-3,IGHJ1,CARSIYGYFDVW,IGKV8-24,IGKJ1,CQQHYSTPRTF
SRBC,NA,NA,TRUE,mouse,AAACGGGAGCAATATG-1,SC24124_CTRL_AAACGGGAGCAATATG-1,IGHV10-1-2,IGHJ3,CVSGPWFAYW,IGLV1,IGLJ1,CALWYSNLWVF
SRBC,NA,NA,TRUE,mouse,AAACGGGAGCGCTCCA-1,SC24124_CTRL_AAACGGGAGCGCTCCA-1,IGHV1-18,IGHJ4,CARGSSPYYYAMDYW,IGKV14-126,IGKJ1,CLQHGESPPTF
SRBC,NA,NA,TRUE,mouse,AAACGGGAGCTGCAAG-1,SC24124_CTRL_AAACGGGAGCTGCAAG-1,IGHV1-52,IGHJ2,CARGGLPYFDYW,IGKV9-120,IGKJ4,CLQYASSPFTF
SRBC,NA,NA,TRUE,mouse,AAACGGGGTGCAACGA-1,SC24124_CTRL_AAACGGGGTGCAACGA-1,IGHV1-42-1,IGHJ4,CARYLRPYAMDYW,IGKV8-24,IGKJ1,CQQHYSTPWTF
SRBC,NA,NA,TRUE,mouse,AAACGGGGTGTTGAGG-1,SC24124_CTRL_AAACGGGGTGTTGAGG-1,IGHV5-9,IGHJ4,CARHGYYGSYAMDYW,IGKV5-43,IGKJ1,CQQSNSWPRTF
SRBC,NA,NA,TRUE,mouse,AAACGGGTCGTTTATC-1,SC24124_CTRL_AAACGGGTCGTTTATC-1,IGHV1-81,IGHJ2,CARAEIITTVRVDYW,IGKV1-135,IGKJ1,CWQGTHFPRTF
SRBC,NA,NA,TRUE,mouse,AAACGGGTCTACTATC-1,SC24124_CTRL_AAACGGGTCTACTATC-1,IGHV1-42,IGHJ4,CARRHYYGSSYTMDYW,IGKV1-117,IGKJ1,CFQGSHVPWAF
SRBC,NA,NA,TRUE,mouse,AAAGATGCAGATCGGA-1,SC24124_CTRL_AAAGATGCAGATCGGA-1,IGHV9-2,IGHJ4,CARYGARSMDYW,IGKV3-2,IGKJ2,CQQSKEVPYTF
SRBC,NA,NA,TRUE,mouse,AAAGCAAAGAGCTGGT-1,SC24124_CTRL_AAAGCAAAGAGCTGGT-1,IGHV1-22,IGHJ2,CARRITTVSFDYW,IGKV17-121,IGKJ2,CLQSDNLPYTF
SRBC,NA,NA,TRUE,mouse,AAAGCAAAGGAGTCTG-1,SC24124_CTRL_AAAGCAAAGGAGTCTG-1,IGHV1-9,IGHJ3,CARGGYYFHW,IGKV14-111,IGKJ2,CLQYDEFPYTF
SRBC,NA,NA,TRUE,mouse,AAAGCAACATTTGCTT-1,SC24124_CTRL_AAAGCAACATTTGCTT-1,IGHV1-18,IGHJ4,CARSGYYGRAMDYW,IGKV12-38,IGKJ1,CKQAYDVPPTF
SRBC,NA,NA,TRUE,mouse,AAAGCAATCACGACTA-1,SC24124_CTRL_AAAGCAATCACGACTA-1,IGHV1-39,IGHJ4,CARGELYYDLYYYAMDYW,IGKV10-96,IGKJ1,CQQGNTLWTF
SRBC,NA,NA,TRUE,mouse,AAAGTAGAGTGTACTC-1,SC24124_CTRL_AAAGTAGAGTGTACTC-1,IGHV5-17,IGHJ3,CVRSGIYYEFLTWFAYW,IGKV5-43,IGKJ5,CQQSNSWPLTF
SRBC,NA,NA,TRUE,mouse,AAAGTAGGTCAAAGAT-1,SC24124_CTRL_AAAGTAGGTCAAAGAT-1,IGHV9-3,IGHJ2,CASGDLPMDFDYW,IGKV13-85,IGKJ4,CQQYWSTPFTF
SRBC,NA,NA,TRUE,mouse,AAAGTAGTCGAACGGA-1,SC24124_CTRL_AAAGTAGTCGAACGGA-1,IGHV1-55,IGHJ1,CARSSSSHWYFDFW,IGKV12-46,IGKJ1,CQHFWGTPRTF
SRBC,NA,NA,TRUE,mouse,AAAGTAGTCTGGTGTA-1,SC24124_CTRL_AAAGTAGTCTGGTGTA-1,IGHV1-9,IGHJ4,CARIRFYYGNIYYAMDYW,IGKV1-110,IGKJ5,CSQSTHVPLTF
SRBC,NA,NA,TRUE,mouse,AAATGCCTCGCCGTGA-1,SC24124_CTRL_AAATGCCTCGCCGTGA-1,IGHV4-1,IGHJ1,CAREGDGYYWYFDVW,IGKV1-110,IGKJ1,CSQSTHVPWTF
SRBC,NA,NA,TRUE,mouse,AAATGCCTCTGTCAAG-1,SC24124_CTRL_AAATGCCTCTGTCAAG-1,IGHV1-75,IGHJ4,CARPYDYDRNAMDYW,IGKV17-121,IGKJ4,CLQSDNLPLTF
SRBC,NA,NA,TRUE,mouse,AACACGTCACCTTGTC-1,SC24124_CTRL_AACACGTCACCTTGTC-1,IGHV10-3,IGHJ2,CVRDDGNYLDYW,IGLV2,IGLJ2,CALWYSTHYVF
SRBC,NA,NA,TRUE,mouse,AACACGTGTTGATTGC-1,SC24124_CTRL_AACACGTGTTGATTGC-1,IGHV1-15,IGHJ2,CTRYPLYYSNYGGWFDYW,IGKV9-120,IGKJ2,CLQYASSPYTV
SRBC,NA,NA,TRUE,mouse,AACCATGGTACCGTAT-1,SC24124_CTRL_AACCATGGTACCGTAT-1,IGHV1-14,IGHJ2,CARRGVFDYW,IGLV3,IGLJ2,CGVGDTIKEQFVYVF
SRBC,NA,NA,TRUE,mouse,AACCATGGTCCTCTTG-1,SC24124_CTRL_AACCATGGTCCTCTTG-1,IGHV1-20,IGHJ4,CARSSVYYYGSSSYYYAMDNW,IGKV6-13,IGKJ5,CQQYSSYLLTF
SRBC,NA,NA,TRUE,mouse,AACCATGGTTACGACT-1,SC24124_CTRL_AACCATGGTTACGACT-1,IGHV2-5,IGHJ2,CARAYYSNFFDYW,IGKV6-20,IGKJ2,CGQSYSYPYTF
SRBC,NA,NA,TRUE,mouse,AACCATGTCGAATCCA-1,SC24124_CTRL_AACCATGTCGAATCCA-1,IGHV1-59,IGHJ2,CARGLRPLSYFDYW,IGKV8-27,IGKJ2,CHQYLSSYTF
SRBC,NA,NA,TRUE,mouse,AACCGCGGTGCGATAG-1,SC24124_CTRL_AACCGCGGTGCGATAG-1,IGHV1-87,IGHJ4,CARIEKVSSYYYAMDYW,IGKV10-96,IGKJ1,CQQGNTLPWTF
SRBC,NA,NA,TRUE,mouse,AACGTTGCAGCCACCA-1,SC24124_CTRL_AACGTTGCAGCCACCA-1,IGHV1-69-2,IGHJ4,CAREGDYYGIMDYYAMDYW,IGKV1-117,IGKJ1,CFQGSHVPRTF
SRBC,NA,NA,TRUE,mouse,AACGTTGGTGCACCAC-1,SC24124_CTRL_AACGTTGGTGCACCAC-1,IGHV1-74,IGHJ3,CAIGYDYDGFAYW,IGKV6-23,IGKJ4,CQQYSSYPLTF
SRBC,NA,NA,TRUE,mouse,AACGTTGGTTCCACTC-1,SC24124_CTRL_AACGTTGGTTCCACTC-1,IGHV2-4,IGHJ3,CASYGNYLAWFAYW,IGKV8-28,IGKJ2,CQNDHSYPYTF
SRBC,NA,NA,TRUE,mouse,AACGTTGTCAGTTTGG-1,SC24124_CTRL_AACGTTGTCAGTTTGG-1,IGHV5-9-1,IGHJ1,CTRDNDYDGYFDVW,IGKV10-96,IGKJ1,CQQGNTLPRTF
SRBC,NA,NA,TRUE,mouse,AACTCAGGTAAGGGAA-1,SC24124_CTRL_AACTCAGGTAAGGGAA-1,IGHV1-9,IGHJ3,CARMFGNYVGFAYW,IGKV6-17,IGKJ1,CQQYYSTPPTF
SRBC,NA,NA,TRUE,mouse,AACTCAGGTACCCAAT-1,SC24124_CTRL_AACTCAGGTACCCAAT-1,IGHV1-42,IGHJ2,CASYDYDPFDYW,IGKV4-70,IGKJ1,CHQRSGYPWTF
SRBC,NA,NA,TRUE,mouse,AACTCAGTCTCGTATT-1,SC24124_CTRL_AACTCAGTCTCGTATT-1,IGHV1-39,IGHJ2,CAYDYDVHYW,IGKV14-111,IGKJ2,CLQYDEFPPYTF
SRBC,NA,NA,TRUE,mouse,AACTCCCAGGCATGTG-1,SC24124_CTRL_AACTCCCAGGCATGTG-1,IGHV5-17,IGHJ1,CARDSYYYGSSHWYFDVW,IGKV10-94,IGKJ1,CQQYCNLPWTF
SRBC,NA,NA,TRUE,mouse,AACTCCCAGTGAATTG-1,SC24124_CTRL_AACTCCCAGTGAATTG-1,IGHV1-47-23,IGHJ4,CARGGYLYYNAMDYW,IGKV6-13,IGKJ5,CQQYSSYPLTF
SRBC,NA,NA,TRUE,mouse,AACTCCCCACTTAACG-1,SC24124_CTRL_AACTCCCCACTTAACG-1,IGHV2-2,IGHJ4,CARRGYAMDYW,IGKV6-23,IGKJ2,CQQYSSYPYTF
SRBC,NA,NA,TRUE,mouse,AACTCCCGTCGCTTCT-1,SC24124_CTRL_AACTCCCGTCGCTTCT-1,IGHV9-3,IGHJ2,CARRGLDYW,IGLV1,IGLJ1,CALWYSNHWVF
SRBC,NA,NA,TRUE,mouse,AACTCCCTCTGGCGAC-1,SC24124_CTRL_AACTCCCTCTGGCGAC-1,IGHV8-8,IGHJ3,CARIFYYGSSSFAYW,IGKV8-27,IGKJ1,CHQYLSSWTF
SRBC,NA,NA,TRUE,mouse,AACTCTTAGACTAGGC-1,SC24124_CTRL_AACTCTTAGACTAGGC-1,IGHV1-52,IGHJ4,CARSRYYGSSSDYAMDYW,IGKV10-96,IGKJ1,CQQGNTLPWTF
SRBC,NA,NA,TRUE,mouse,AACTCTTGTCCGTCAG-1,SC24124_CTRL_AACTCTTGTCCGTCAG-1,IGHV5-6,IGHJ1,CARHVDGHWYFDVW,IGKV4-57-1,IGKJ4,CQQYSGYPIFTF
SRBC,NA,NA,TRUE,mouse,AACTCTTTCCATGAGT-1,SC24124_CTRL_AACTCTTTCCATGAGT-1,IGHV1-9,IGHJ2,CARGRKGYW,IGKV14-111,IGKJ2,CLQYDEFPYTF
SRBC,NA,NA,TRUE,mouse,AACTGGTAGAGTGAGA-1,SC24124_CTRL_AACTGGTAGAGTGAGA-1,IGHV1-26,IGHJ4,CVREQLRHAMDYW,IGKV16-104,IGKJ5,CQQHNEYPLTF
SRBC,NA,NA,TRUE,mouse,AACTGGTAGGTGATAT-1,SC24124_CTRL_AACTGGTAGGTGATAT-1,IGHV1-81,IGHJ2,CAKKTTIVASFDYW,IGKV1-117,IGKJ2,CFQGSHVPYTF
SRBC,NA,NA,TRUE,mouse,AACTGGTCAAACGCGA-1,SC24124_CTRL_AACTGGTCAAACGCGA-1,IGHV1-18,IGHJ2,CARWGGNYYYYFDYW,IGKV6-23,IGKJ5,CQQYSSYPLTF
SRBC,NA,NA,TRUE,mouse,AACTGGTCAAGTCATC-1,SC24124_CTRL_AACTGGTCAAGTCATC-1,IGHV1-31,IGHJ3,CARGGLGAWFAYW,IGKV16-104,IGKJ2,CQQHNEYPYTF
SRBC,NA,NA,TRUE,mouse,AACTGGTCAATGTTGC-1,SC24124_CTRL_AACTGGTCAATGTTGC-1,IGHV4-1,IGHJ3,CATPGWLPAWFAYW,IGKV1-117,IGKJ2,CFQGSHFPYTF
SRBC,NA,NA,TRUE,mouse,AACTGGTCAGACGTAG-1,SC24124_CTRL_AACTGGTCAGACGTAG-1,IGHV9-2-1,IGHJ3,CARGGRYDGFAYW,IGKV1-135,IGKJ1,CWQGTHFPQTF
SRBC,NA,NA,TRUE,mouse,AACTGGTCAGCTGCAC-1,SC24124_CTRL_AACTGGTCAGCTGCAC-1,IGHV1-9,IGHJ2,CARRRYYGSSYYFDYW,IGKV1-117,IGKJ5,CFQGSHVPLTF
SRBC,NA,NA,TRUE,mouse,AACTGGTGTCTCCCTA-1,SC24124_CTRL_AACTGGTGTCTCCCTA-1,IGHV9-1,IGHJ3,CAREGGYQAWFAYW,IGKV5-48,IGKJ4,CQQSNSWPFTF
SRBC,NA,NA,TRUE,mouse,AACTTTCCACGTCTCT-1,SC24124_CTRL_AACTTTCCACGTCTCT-1,IGHV1-36,IGHJ4,CAGDYDAYAMDYW,IGKV2-137,IGKJ4,CMQHLEYPFTF
SRBC,NA,NA,TRUE,mouse,AACTTTCCACTAGTAC-1,SC24124_CTRL_AACTTTCCACTAGTAC-1,IGHV1-42-1,IGHJ2,CARDYYGSSFDYW,IGKV14-111,IGKJ1,CLQYDEFRTF
SRBC,NA,NA,TRUE,mouse,AACTTTCTCAACGCTA-1,SC24124_CTRL_AACTTTCTCAACGCTA-1,IGHV9-3-1,IGHJ3,CARRNWDPFAYW,IGKV9-120,IGKJ4,CLQYASSPFTF
SRBC,NA,NA,TRUE,mouse,AAGACCTAGCCCAATT-1,SC24124_CTRL_AAGACCTAGCCCAATT-1,IGHV1-42-1,IGHJ2,CARVQIYYYGSSFYFDYW,IGKV6-17,IGKJ2,CQQHYSTPYTF
SRBC,NA,NA,TRUE,mouse,AAGACCTCATTCTTAC-1,SC24124_CTRL_AAGACCTCATTCTTAC-1,IGHV9-2-1,IGHJ1,CATHYYGSSHWYFDVW,IGKV5-39,IGKJ5,CQNGHSFPLTF
SRBC,NA,NA,TRUE,mouse,AAGCCGCAGCCACGTC-1,SC24124_CTRL_AAGCCGCAGCCACGTC-1,IGHV7-3,IGHJ4,CARDMDYW,IGKV1-110,IGKJ2,CSQSTHVPYTF
SRBC,NA,NA,TRUE,mouse,AAGCCGCAGGGAACGG-1,SC24124_CTRL_AAGCCGCAGGGAACGG-1,IGHV1-9,IGHJ4,CASRAYYSNYGAMDYW,IGKV1-110,IGKJ1,CSQSTHVPWTF
SRBC,NA,NA,TRUE,mouse,AAGGAGCAGAAGGACA-1,SC24124_CTRL_AAGGAGCAGAAGGACA-1,IGHV9-3,IGHJ2,CARRGFDYW,IGLV1,IGLJ1,CALWYSNHWVF
SRBC,NA,NA,TRUE,mouse,AAGGAGCAGACAGAGA-1,SC24124_CTRL_AAGGAGCAGACAGAGA-1,IGHV1-4,IGHJ4,CARSLYDPYAMDYW,IGKV14-111,IGKJ2,CLQYDEFPYTF
SRBC,NA,NA,TRUE,mouse,AAGGAGCCACGGTAGA-1,SC24124_CTRL_AAGGAGCCACGGTAGA-1,IGHV1-64,IGHJ4,CARKGDSLAMDYW,IGKV6-32,IGKJ2,CQQDYISPYTF
SRBC,NA,NA,TRUE,mouse,AAGGAGCCATATGCTG-1,SC24124_CTRL_AAGGAGCCATATGCTG-1,IGHV1-7,IGHJ3,CARSGAYYGNPWFAYW,IGKV10-94,IGKJ2,CQQYSKLPPTF
SRBC,NA,NA,TRUE,mouse,AAGGAGCCATCCTTGC-1,SC24124_CTRL_AAGGAGCCATCCTTGC-1,IGHV6-7-1,IGHJ3,CTRGAWFAYW,IGKV14-111,IGKJ2,CLQYDEFPYTF
SRBC,NA,NA,TRUE,mouse,AAGGAGCTCTGTCCGT-1,SC24124_CTRL_AAGGAGCTCTGTCCGT-1,IGHV10-1,IGHJ4,CVRSHYGSSSMDYW,IGLV2,IGLJ2,CALWYSTHYVF
SRBC,NA,NA,TRUE,mouse,AAGGCAGCACGGCTAC-1,SC24124_CTRL_AAGGCAGCACGGCTAC-1,IGHV2-2,IGHJ2,CARNLGGFDYW,IGKV12-46,IGKJ2,CQHFWGTPYTF
SRBC,NA,NA,TRUE,mouse,AAGGCAGTCAGTGTTG-1,SC24124_CTRL_AAGGCAGTCAGTGTTG-1,IGHV5-4,IGHJ4,CARERKTYYGSKFYAMDYW,IGKV9-123,IGKJ5,CLQRNAYPLTF
SRBC,NA,NA,TRUE,mouse,AAGGCAGTCGGATGGA-1,SC24124_CTRL_AAGGCAGTCGGATGGA-1,IGHV1-81,IGHJ2,CAREGFYYSYYFDYW,IGKV1-110,IGKJ1,CSQSTYVPWTF
SRBC,NA,NA,TRUE,mouse,AAGGCAGTCTTACCGC-1,SC24124_CTRL_AAGGCAGTCTTACCGC-1,IGHV1-47-23,IGHJ1,CARGYWFFDVW,IGKV16-104,IGKJ1,CQQHNEYPWTF
SRBC,NA,NA,TRUE,mouse,AAGGTTCCAGTCCTTC-1,SC24124_CTRL_AAGGTTCCAGTCCTTC-1,IGHV1-81,IGHJ4,CARRGYGSSPLCGDYW,IGKV6-20,IGKJ4,CGQSYSYPFTF
SRBC,NA,NA,TRUE,mouse,AAGGTTCGTCATCGGC-1,SC24124_CTRL_AAGGTTCGTCATCGGC-1,IGHV8-12,IGHJ4,CTRRALASFYAMDYW,IGKV10-96,IGKJ5,CQQGNTVPLTF
SRBC,NA,NA,TRUE,mouse,AAGGTTCTCGCATGAT-1,SC24124_CTRL_AAGGTTCTCGCATGAT-1,IGHV8-8,IGHJ1,CARIGDYGSSPYWYFDVW,IGKV4-72,IGKJ2,CQQWSSNPYTF
SRBC,NA,NA,TRUE,mouse,AAGGTTCTCTACCAGA-1,SC24124_CTRL_AAGGTTCTCTACCAGA-1,IGHV7-3,IGHJ3,CAGTMITSAWFAYW,IGKV5-39,IGKJ4,CQNGHSFPFTF
SRBC,NA,NA,TRUE,mouse,AAGTCTGAGATATGCA-1,SC24124_CTRL_AAGTCTGAGATATGCA-1,IGHV1-47-8,IGHJ4,CARRYGNPYAMDYW,IGKV2-109,IGKJ1,CAQNLELPPTF
SRBC,NA,NA,TRUE,mouse,AAGTCTGGTTGCCTCT-1,SC24124_CTRL_AAGTCTGGTTGCCTCT-1,IGHV5-17,IGHJ4,CARYGNYAYFAMDYW,IGKV6-23,IGKJ5,CQQYSSYPLTF
SRBC,NA,NA,TRUE,mouse,AATCCAGCAGCCTTGG-1,SC24124_CTRL_AATCCAGCAGCCTTGG-1,IGHV1-12,IGHJ4,CARGGSRSYYGNIYAMDYW,IGKV9-124,IGKJ5,CLQYASYPLTF
SRBC,NA,NA,TRUE,mouse,AATCCAGCAGGAATCG-1,SC24124_CTRL_AATCCAGCAGGAATCG-1,IGHV7-3,IGHJ1,CALGGGTGRYFDVW,IGLV2,IGLJ2,CALWYSTHYVF
SRBC,NA,NA,TRUE,mouse,AATCCAGTCCGCAGTG-1,SC24124_CTRL_AATCCAGTCCGCAGTG-1,IGHV8-4-13,IGHJ2,CARSTTRATYFDSW,IGKV12-44,IGKJ5,CQHHYGTPLTF
SRBC,NA,NA,TRUE,mouse,AATCGGTCAGGATCGA-1,SC24124_CTRL_AATCGGTCAGGATCGA-1,IGHV1-77,IGHJ1,CARDYFGRGYFDVW,IGKV16-104,IGKJ5,CQQHNEYPLTF
SRBC,NA,NA,TRUE,mouse,AATCGGTCATTCTCAT-1,SC24124_CTRL_AATCGGTCATTCTCAT-1,IGHV1-9,IGHJ3,CARSDLSPFAYW,IGKV8-30,IGKJ2,CQQYYSYPYTF
SRBC,NA,NA,TRUE,mouse,ACACCAAAGAATAGGG-1,SC24124_CTRL_ACACCAAAGAATAGGG-1,IGHV2-9,IGHJ4,CARAMITTSNYYAMDYW,IGKV12-46,IGKJ5,CQHFWGTPLTF
SRBC,NA,NA,TRUE,mouse,ACACCAACAATAACGA-1,SC24124_CTRL_ACACCAACAATAACGA-1,IGHV1-42,IGHJ4,CARLSYSYYALDYW,IGKV4-61,IGKJ1,CQQYHSYPRTF
SRBC,NA,NA,TRUE,mouse,ACACCAACATGAACCT-1,SC24124_CTRL_ACACCAACATGAACCT-1,IGHV14-3,IGHJ2,CARGDDYDGGDFDYW,IGKV5-48,IGKJ5,CQQSNSWPLTF
SRBC,NA,NA,TRUE,mouse,ACACCCTAGAGCTGGT-1,SC24124_CTRL_ACACCCTAGAGCTGGT-1,IGHV2-5,IGHJ3,CAKKGSSGYGGGFAYW,IGKV10-96,IGKJ2,CQQGNTLPYTF
SRBC,NA,NA,TRUE,mouse,ACACCCTAGTGTTTGC-1,SC24124_CTRL_ACACCCTAGTGTTTGC-1,IGHV8-12,IGHJ3,CVRQSTMITTAWFAYW,IGKV12-44,IGKJ1,CQHHYGTPPTF
SRBC,NA,NA,TRUE,mouse,ACACCCTCACGACGAA-1,SC24124_CTRL_ACACCCTCACGACGAA-1,IGHV9-3-1,IGHJ3,CARGDSPFAFW,IGKV3-7,IGKJ2,CQHSWEIPYTF
SRBC,NA,NA,TRUE,mouse,ACACCCTGTGACTCAT-1,SC24124_CTRL_ACACCCTGTGACTCAT-1,IGHV1-64,IGHJ1,CAREGYGSSPNWYFDVW,IGKV1-110,IGKJ2,CSQSTHVPYTF
SRBC,NA,NA,TRUE,mouse,ACACCCTTCCCAAGAT-1,SC24124_CTRL_ACACCCTTCCCAAGAT-1,IGHV1-76,IGHJ4,CARIGKGGYWAMDYW,IGKV6-17,IGKJ4,CQQHYSTPFTF
SRBC,NA,NA,TRUE,mouse,ACACCCTTCTTCGAGA-1,SC24124_CTRL_ACACCCTTCTTCGAGA-1,IGHV5-4,IGHJ2,CARDGTTVVARSFDYW,IGKV4-72,IGKJ5,CQQWSSNPLTF
SRBC,NA,NA,TRUE,mouse,ACACCGGAGATAGTCA-1,SC24124_CTRL_ACACCGGAGATAGTCA-1,IGHV11-2,IGHJ1,CMRYDSSYWYFDVW,IGKV14-126,IGKJ2,CLQHGESPYTF
SRBC,NA,NA,TRUE,mouse,ACACCGGTCACTCCTG-1,SC24124_CTRL_ACACCGGTCACTCCTG-1,IGHV1-9,IGHJ2,CANGGIYGSFSFDYW,IGKV13-84,IGKJ1,CQQYWSTPRTF
SRBC,NA,NA,TRUE,mouse,ACACTGACAATCACAC-1,SC24124_CTRL_ACACTGACAATCACAC-1,IGHV1-9,IGHJ1,CARRRYYGTYCYFDVW,IGKV1-110,IGKJ1,CSQSTHVPWTF
SRBC,NA,NA,TRUE,mouse,ACACTGAGTAGGCATG-1,SC24124_CTRL_ACACTGAGTAGGCATG-1,IGHV10-1,IGHJ4,CVRQPDYYAMDYW,IGKV15-103,IGKJ5,CQQGQSYPLTF
SRBC,NA,NA,TRUE,mouse,ACACTGATCCGTTGCT-1,SC24124_CTRL_ACACTGATCCGTTGCT-1,IGHV1-82,IGHJ4,CARQLRLRSLYYAMDYW,IGKV6-20,IGKJ2,CGQSYSYPYTF
SRBC,NA,NA,TRUE,mouse,ACAGCCGCACCCATGG-1,SC24124_CTRL_ACAGCCGCACCCATGG-1,IGHV9-3,IGHJ3,CARDGSSYGFAYW,IGKV8-19,IGKJ2,CQNDYSYPYTF
SRBC,NA,NA,TRUE,mouse,ACAGCCGGTCATATGC-1,SC24124_CTRL_ACAGCCGGTCATATGC-1,IGHV1-69,IGHJ3,CARGDYYYYGSSPVWFAYW,IGKV6-23,IGKJ5,CQQYSSYPLTF
SRBC,NA,NA,TRUE,mouse,ACAGCCGGTCTAGCCG-1,SC24124_CTRL_ACAGCCGGTCTAGCCG-1,IGHV1-5,IGHJ2,CTRSGDGYYGTGDYW,IGKV17-121,IGKJ4,CLQSDNLPLTF
SRBC,NA,NA,TRUE,mouse,ACAGCTATCGGGAGTA-1,SC24124_CTRL_ACAGCTATCGGGAGTA-1,IGHV5-17,IGHJ4,CARPDAYYAMDYW,IGKV4-57,IGKJ2,CQQRTSYPYTF
SRBC,NA,NA,TRUE,mouse,ACATACGCAATAGCAA-1,SC24124_CTRL_ACATACGCAATAGCAA-1,IGHV6-3,IGHJ4,CTELGYW,IGLV1,IGLJ1,CALWYSNHWVF
SRBC,NA,NA,TRUE,mouse,ACATACGCAGCTCGCA-1,SC24124_CTRL_ACATACGCAGCTCGCA-1,IGHV1-72,IGHJ3,CARRDYYNNSW,IGKV8-19,IGKJ2,CLNDYSYPYTF
SRBC,NA,NA,TRUE,mouse,ACATACGCATAGAAAC-1,SC24124_CTRL_ACATACGCATAGAAAC-1,IGHV1-42-1,IGHJ2,CARDYYGSSFDYW,IGKV14-111,IGKJ1,CLQYDEFPWTF
SRBC,NA,NA,TRUE,mouse,ACATACGCATTTCAGG-1,SC24124_CTRL_ACATACGCATTTCAGG-1,IGHV5-9,IGHJ2,CARQRFDYW,IGLV1,IGLJ1,CALWYSNHWVF
SRBC,NA,NA,TRUE,mouse,ACATACGTCTATCGCC-1,SC24124_CTRL_ACATACGTCTATCGCC-1,IGHV1-9,IGHJ4,CASRAYYSNFGAMDYW,IGKV1-110,IGKJ1,CSQSTHVPWTF
SRBC,NA,NA,TRUE,mouse,ACATCAGCAACTTGAC-1,SC24124_CTRL_ACATCAGCAACTTGAC-1,IGHV6-6,IGHJ4,CTRGWYDVLFVVDYW,IGKV10-96,IGKJ1,CQQGNTLPWTF
SRBC,NA,NA,TRUE,mouse,ACATCAGCATGCAACT-1,SC24124_CTRL_ACATCAGCATGCAACT-1,IGHV9-3,IGHJ4,CARFPGSYYYGSSYDYAMDYW,IGKV4-59,IGKJ5,CQQWSSNPPITF
SRBC,NA,NA,TRUE,mouse,ACATCAGCATTACCTT-1,SC24124_CTRL_ACATCAGCATTACCTT-1,IGHV1-47-20,IGHJ3,CARGAWFAYW,IGKV14-111,IGKJ2,CLQYDEFPYTF
SRBC,NA,NA,TRUE,mouse,ACATCAGTCGTGGACC-1,SC24124_CTRL_ACATCAGTCGTGGACC-1,IGHV1-47-27,IGHJ4,CARGRTTKYGTFYAMDYW,IGKV8-30,IGKJ2,CQQYYSYPYTF
SRBC,NA,NA,TRUE,mouse,ACATGGTAGATGCGAC-1,SC24124_CTRL_ACATGGTAGATGCGAC-1,IGHV1-75,IGHJ2,CARSDYFGSIHFDYW,IGKV4-79,IGKJ2,CHQWSSYPYTF
SRBC,NA,NA,TRUE,mouse,ACCAGTAGTGAGTATA-1,SC24124_CTRL_ACCAGTAGTGAGTATA-1,IGHV5-12-2,IGHJ4,CARHGRGYYGPYAMDYW,IGKV16-104,IGKJ1,CQQHNEYPWTF
SRBC,NA,NA,TRUE,mouse,ACCAGTATCACGAAGG-1,SC24124_CTRL_ACCAGTATCACGAAGG-1,IGHV2-2,IGHJ4,CARKGGNYAMDYW,IGKV12-89,IGKJ5,CQNVLSTPLTF
SRBC,NA,NA,TRUE,mouse,ACCAGTATCCAACCAA-1,SC24124_CTRL_ACCAGTATCCAACCAA-1,IGHV5-9,IGHJ2,CARKGDYYGSSYYFDYW,IGKV17-121,IGKJ2,CLQSDNLPYTF
SRBC,NA,NA,TRUE,mouse,ACCAGTATCGAGAGCA-1,SC24124_CTRL_ACCAGTATCGAGAGCA-1,IGHV1-50,IGHJ2,CARQEKQLRLSHYFDYW,IGKV6-15,IGKJ4,CQQYNSYPFTF
SRBC,NA,NA,TRUE,mouse,ACCAGTATCTGTCAAG-1,SC24124_CTRL_ACCAGTATCTGTCAAG-1,IGHV1-42-1,IGHJ4,CTRGRYTYVMDHW,IGKV9-120,IGKJ2,CLQYASSPYTF
SRBC,NA,NA,TRUE,mouse,ACCCACTAGACAAGCC-1,SC24124_CTRL_ACCCACTAGACAAGCC-1,IGHV1-82,IGHJ4,CANYDGYYAALDFW,IGKV2-109,IGKJ5,CAQNLELPLTF
SRBC,NA,NA,TRUE,mouse,ACCCACTCAATGCCAT-1,SC24124_CTRL_ACCCACTCAATGCCAT-1,IGHV8-12,IGHJ1,CAREIKSYFDVW,IGKV12-44,IGKJ4,CQHHYGTPFTF
SRBC,NA,NA,TRUE,mouse,ACCCACTGTAATCACC-1,SC24124_CTRL_ACCCACTGTAATCACC-1,IGHV1-84,IGHJ2,CARYYYGSNYEDYW,IGKV1-110,IGKJ2,CSQSTHVPYTF
SRBC,NA,NA,TRUE,mouse,ACCCACTGTGCAGTAG-1,SC24124_CTRL_ACCCACTGTGCAGTAG-1,IGHV1-42,IGHJ2,CARGADYDEDYW,IGKV6-32,IGKJ1,CQQDYSSPRTF
SRBC,NA,NA,TRUE,mouse,ACCCACTTCAAACCAC-1,SC24124_CTRL_ACCCACTTCAAACCAC-1,IGHV1-15,IGHJ1,CTRISLLLPYWYFDVW,IGKV10-94,IGKJ2,CQQYSKLPYTF
SRBC,NA,NA,TRUE,mouse,ACCCACTTCATCGATG-1,SC24124_CTRL_ACCCACTTCATCGATG-1,IGHV1-52,IGHJ4,CARATTALYYYTMDYW,IGKV4-68,IGKJ5,CQQWSSNPLTF
SRBC,NA,NA,TRUE,mouse,ACCCACTTCTCTGCTG-1,SC24124_CTRL_ACCCACTTCTCTGCTG-1,IGHV14-3,IGHJ3,CARPLYGPFAYW,IGKV6-25,IGKJ1,CQQHYYTPPTF
SRBC,NA,NA,TRUE,mouse,ACCGTAAAGCTATGCT-1,SC24124_CTRL_ACCGTAAAGCTATGCT-1,IGHV2-2,IGHJ4,CARQDQYAMDYW,IGKV10-96,IGKJ1,CQQGNTFPWTF
SRBC,NA,NA,TRUE,mouse,ACCGTAAGTATTAGCC-1,SC24124_CTRL_ACCGTAAGTATTAGCC-1,IGHV5-9,IGHJ4,CSRRGYDGYYYYAMDYW,IGKV17-121,IGKJ5,CLQSDNLTLTF
SRBC,NA,NA,TRUE,mouse,ACCGTAATCTACTATC-1,SC24124_CTRL_ACCGTAATCTACTATC-1,IGHV1-18-65,IGHJ2,CARATALDYW,IGKV5-48,IGKJ1,CQQSNSWPTTF
SRBC,NA,NA,TRUE,mouse,ACCTTTATCCAACCAA-1,SC24124_CTRL_ACCTTTATCCAACCAA-1,IGHV8-12,IGHJ3,CARRDWGFAYW,IGKV4-80,IGKJ1,CHQWSSWTF
SRBC,NA,NA,TRUE,mouse,ACGAGCCCAGCGTCCA-1,SC24124_CTRL_ACGAGCCCAGCGTCCA-1,IGHV1-14,IGHJ4,CTRSGIILRLQAMDYW,IGKV16-104,IGKJ1,CQQHNEYPWTF
SRBC,NA,NA,TRUE,mouse,ACGAGCCTCTTGTACT-1,SC24124_CTRL_ACGAGCCTCTTGTACT-1,IGHV1-9,IGHJ2,CARRRYYGSTWFFDYW,IGKV1-117,IGKJ1,CFQGSHVPWTF
SRBC,NA,NA,TRUE,mouse,ACGAGGAAGGCCATAG-1,SC24124_CTRL_ACGAGGAAGGCCATAG-1,IGHV1-19,IGHJ4,CARDGYPPYAMDYW,IGKV8-24,IGKJ2,CQQHYSTPYTF
SRBC,NA,NA,TRUE,mouse,ACGAGGACAGTGGGAT-1,SC24124_CTRL_ACGAGGACAGTGGGAT-1,IGHV10-3,IGHJ2,CVRAGGRPYFDYW,IGKV5-48,IGKJ5,CQQSNSWPLTF
SRBC,NA,NA,TRUE,mouse,ACGAGGATCGCTTAGA-1,SC24124_CTRL_ACGAGGATCGCTTAGA-1,IGHV1-9,IGHJ4,CARRRYYGSSLAMDYW,IGKV1-110,IGKJ2,CSQSTHVPYTF
SRBC,NA,NA,TRUE,mouse,ACGAGGATCTGCTGCT-1,SC24124_CTRL_ACGAGGATCTGCTGCT-1,IGHV2-9,IGHJ2,CARETYGLDSW,IGKV10-96,IGKJ1,CQQGITLPPTF
SRBC,NA,NA,TRUE,mouse,ACGATACAGCGCTCCA-1,SC24124_CTRL_ACGATACAGCGCTCCA-1,IGHV9-2-1,IGHJ3,CARSFYDYSFVYW,IGKV2-137,IGKJ2,CMQHLEYPYTF
SRBC,NA,NA,TRUE,mouse,ACGATACTCGGATGTT-1,SC24124_CTRL_ACGATACTCGGATGTT-1,IGHV1-52,IGHJ3,CSSYLFAYW,IGKV4-59,IGKJ2,CQQWSSNPPTF
SRBC,NA,NA,TRUE,mouse,ACGATGTCACGTCTCT-1,SC24124_CTRL_ACGATGTCACGTCTCT-1,IGHV1-42,IGHJ2,CAREGVAYYSKVYFDYW,IGKV9-123,IGKJ1,CLQRNAYPLTF
SRBC,NA,NA,TRUE,mouse,ACGCAGCCAGACGCAA-1,SC24124_CTRL_ACGCAGCCAGACGCAA-1,IGHV1-80,IGHJ2,CARGYGYFFDYW,IGKV2-109,IGKJ1,CAQNLELPWTF
SRBC,NA,NA,TRUE,mouse,ACGCAGCGTACAGCAG-1,SC24124_CTRL_ACGCAGCGTACAGCAG-1,IGHV1S56,IGHJ2,CARGGNWRGSYFDYW,IGKV12-44,IGKJ5,CQHHYGTPPTF
SRBC,NA,NA,TRUE,mouse,ACGCAGCGTCAATGTC-1,SC24124_CTRL_ACGCAGCGTCAATGTC-1,IGHV1-74,IGHJ1,CAIEGGSSYFDVW,IGKV12-41,IGKJ2,CQHFWSTPYTF
SRBC,NA,NA,TRUE,mouse,ACGCCAGAGAGCTTCT-1,SC24124_CTRL_ACGCCAGAGAGCTTCT-1,IGHV1-26,IGHJ2,CARSPYYYGSSYDYW,IGKV9-120,IGKJ1,CLQYASSPWTF
SRBC,NA,NA,TRUE,mouse,ACGCCAGTCGCCTGTT-1,SC24124_CTRL_ACGCCAGTCGCCTGTT-1,IGHV2-2,IGHJ2,CARNWYDGYFDYW,IGKV6-23,IGKJ5,CQQYSSYPLTF
SRBC,NA,NA,TRUE,mouse,ACGCCGACAGGCGATA-1,SC24124_CTRL_ACGCCGACAGGCGATA-1,IGHV1-76,IGHJ2,CARREDYGSSLDYW,IGKV4-63,IGKJ4,CFQGSDYPLTF
SRBC,NA,NA,TRUE,mouse,ACGCCGAGTTAAGTAG-1,SC24124_CTRL_ACGCCGAGTTAAGTAG-1,IGHV1-15,IGHJ2,CTRFDGYYGDYW,IGKV4-57,IGKJ4,CQQRSSYPPTF
SRBC,NA,NA,TRUE,mouse,ACGCCGATCGTCCAGG-1,SC24124_CTRL_ACGCCGATCGTCCAGG-1,IGHV14-1,IGHJ3,CTTLGYDYDSWFAYW,IGKV4-50,IGKJ1,CQQFTSSPWTF
SRBC,NA,NA,TRUE,mouse,ACGGAGAGTCCGAATT-1,SC24124_CTRL_ACGGAGAGTCCGAATT-1,IGHV1-62-2,IGHJ1,CARHGGCYFDVW,IGKV2-137,IGKJ4,CMQHLEYPFTF
SRBC,NA,NA,TRUE,mouse,ACGGAGAGTTAGAACA-1,SC24124_CTRL_ACGGAGAGTTAGAACA-1,IGHV1-62-2,IGHJ3,CARHEDNYTYDRVFAYW,IGKV2-137,IGKJ2,CMQHLEYPYTF
SRBC,NA,NA,TRUE,mouse,ACGGAGAGTTCCAACA-1,SC24124_CTRL_ACGGAGAGTTCCAACA-1,IGHV8-8,IGHJ2,CARIAGGYSFDYW,IGKV1-135,IGKJ1,CWQGTHFPWTF
SRBC,NA,NA,TRUE,mouse,ACGGAGATCCTTGACC-1,SC24124_CTRL_ACGGAGATCCTTGACC-1,IGHV1-64,IGHJ3,CARGRGVYYDYDGFANW,IGKV2-137,IGKJ2,CMQHLEYPFTF
SRBC,NA,NA,TRUE,mouse,ACGGCCAAGGTGCTTT-1,SC24124_CTRL_ACGGCCAAGGTGCTTT-1,IGHV1-42-1,IGHJ4,CARWRFYGNYYAMDYW,IGKV1-110,IGKJ2,CSQITHVPYTF
SRBC,NA,NA,TRUE,mouse,ACGGCCACATGTCGAT-1,SC24124_CTRL_ACGGCCACATGTCGAT-1,IGHV1-86,IGHJ4,CARHHYYGSLYYYAMDYW,IGKV12-44,IGKJ5,CQHHYGTPLTF
SRBC,NA,NA,TRUE,mouse,ACGGCCATCAACACCA-1,SC24124_CTRL_ACGGCCATCAACACCA-1,IGHV1-69,IGHJ4,CARTTTVWDYYAMDYW,IGKV4-57-1,IGKJ1,CQRYSGYPRTF
SRBC,NA,NA,TRUE,mouse,ACGGCCATCCCTCTTT-1,SC24124_CTRL_ACGGCCATCCCTCTTT-1,IGHV8-4-6,IGHJ3,CARIGDGVTGFAYW,IGKV5-39,IGKJ1,CQNGHSFPWTF
SRBC,NA,NA,TRUE,mouse,ACGGGCTAGGACATTA-1,SC24124_CTRL_ACGGGCTAGGACATTA-1,IGHV1-84,IGHJ3,CARREDGISWFPYW,IGKV1-117,IGKJ1,CFQGSHVPWTF
SRBC,NA,NA,TRUE,mouse,ACGGGCTGTCTTTCAT-1,SC24124_CTRL_ACGGGCTGTCTTTCAT-1,IGHV1-76,IGHJ2,CARGGYLDYW,IGKV12-44,IGKJ1,CQHHYGTPRTF
SRBC,NA,NA,TRUE,mouse,ACGGGTCAGGATTCGG-1,SC24124_CTRL_ACGGGTCAGGATTCGG-1,IGHV1-9,IGHJ2,CARRRYYGSSYYFDYW,IGKV1-117,IGKJ5,CFQGSHVPLTF
SRBC,NA,NA,TRUE,mouse,ACGGGTCCAAGGACTG-1,SC24124_CTRL_ACGGGTCCAAGGACTG-1,IGHV2-5,IGHJ4,CAKNWGLSGMDYW,IGLV1,IGLJ1,CALWYSNCWVF
SRBC,NA,NA,TRUE,mouse,ACGGGTCCAAGGTTTC-1,SC24124_CTRL_ACGGGTCCAAGGTTTC-1,IGHV1-47-27,IGHJ2,CARDWAHFDYW,IGKV4-50,IGKJ5,CQQFTSSPYLTF
SRBC,NA,NA,TRUE,mouse,ACGGGTCGTACAGTGG-1,SC24124_CTRL_ACGGGTCGTACAGTGG-1,IGHV1-9,IGHJ2,CARRNYYGRSYPFDYW,IGKV4-57-1,IGKJ5,CQQYSGYPLTF
SRBC,NA,NA,TRUE,mouse,ACGGGTCGTTACGCGC-1,SC24124_CTRL_ACGGGTCGTTACGCGC-1,IGHV1-53,IGHJ1,CATYGNYWYFDVW,IGKV14-126,IGKJ1,CLQHGESPPTF
SRBC,NA,NA,TRUE,mouse,ACGGGTCGTTCTGAAC-1,SC24124_CTRL_ACGGGTCGTTCTGAAC-1,IGHV14-3,IGHJ4,CAFLGRRYALDYW,IGKV6-15,IGKJ4,CQQYNSYPFTF
SRBC,NA,NA,TRUE,mouse,ACGTCAAAGAGGGATA-1,SC24124_CTRL_ACGTCAAAGAGGGATA-1,IGHV1-18-23,IGHJ2,CTRLTTVVVDYW,IGKV4-57,IGKJ1,CQQRSSYPPTF
SRBC,NA,NA,TRUE,mouse,ACGTCAAAGCCTTGAT-1,SC24124_CTRL_ACGTCAAAGCCTTGAT-1,IGHV9-2-1,IGHJ3,CARDYRYDGAFAYW,IGKV2-137,IGKJ2,CMQHLEYPYTF
SRBC,NA,NA,TRUE,mouse,ACGTCAAAGCTATGCT-1,SC24124_CTRL_ACGTCAAAGCTATGCT-1,IGHV14-4,IGHJ4,CNALITTAYYYAMDYW,IGKV4-70,IGKJ2,CHQRSSYPYTF
SRBC,NA,NA,TRUE,mouse,ACGTCAACACATGGGA-1,SC24124_CTRL_ACGTCAACACATGGGA-1,IGHV1-15,IGHJ1,CTRRGDYDEVLDVW,IGKV13-84,IGKJ2,CQQYWSTPYTF
SRBC,NA,NA,TRUE,mouse,ACGTCAAGTCCGACGT-1,SC24124_CTRL_ACGTCAAGTCCGACGT-1,IGHV7-3,IGHJ3,CARGPTTGFAYW,IGKV1-117,IGKJ4,CFQGSHVPFTF
SRBC,NA,NA,TRUE,mouse,ACGTCAATCAATCTCT-1,SC24124_CTRL_ACGTCAATCAATCTCT-1,IGHV1-9,IGHJ2,CARIYGMGFDYW,IGKV12-89,IGKJ1,CQNVLSSPRTF
SRBC,NA,NA,TRUE,mouse,ACTATCTAGGGAAACA-1,SC24124_CTRL_ACTATCTAGGGAAACA-1,IGHV9-2,IGHJ4,CARSLTAQATFYYTMDYW,IGKV15-103,IGKJ4,CQQGQSYPFTF
SRBC,NA,NA,TRUE,mouse,ACTATCTGTAGCGTGA-1,SC24124_CTRL_ACTATCTGTAGCGTGA-1,IGHV5-4,IGHJ3,CARDEDYDYDGRTYW,IGKV4-80,IGKJ1,CHQWSSYPTF
SRBC,NA,NA,TRUE,mouse,ACTATCTTCCGCATAA-1,SC24124_CTRL_ACTATCTTCCGCATAA-1,IGHV1-82,IGHJ4,CARTRGDYW,IGKV10-94,IGKJ2,CQQYSKLPYTF
SRBC,NA,NA,TRUE,mouse,ACTATCTTCGCTTGTC-1,SC24124_CTRL_ACTATCTTCGCTTGTC-1,IGHV7-4,IGHJ1,CVKALRYWYFDVW,IGKV8-30,IGKJ2,CQQYYSYPPTF
SRBC,NA,NA,TRUE,mouse,ACTGAACCATCATCCC-1,SC24124_CTRL_ACTGAACCATCATCCC-1,IGHV6-6,IGHJ3,CTSGYDWFAYW,IGKV12-44,IGKJ1,CQHHYGTPRTF
SRBC,NA,NA,TRUE,mouse,ACTGAACGTAGTAGTA-1,SC24124_CTRL_ACTGAACGTAGTAGTA-1,IGHV1-42,IGHJ2,CARSNGNFDYW,IGKV19-93,IGKJ2,CLQYDNLLYTF
SRBC,NA,NA,TRUE,mouse,ACTGAACGTGAAATCA-1,SC24124_CTRL_ACTGAACGTGAAATCA-1,IGHV1-47-23,IGHJ2,CARFRYYFDYW,IGKV6-23,IGKJ4,CQQYSSYPLTF
SRBC,NA,NA,TRUE,mouse,ACTGAACTCACCAGGC-1,SC24124_CTRL_ACTGAACTCACCAGGC-1,IGHV1-71-6,IGHJ3,CARKGYYYGSSSSWFAYW,IGKV17-127,IGKJ5,CLQSDNMPLTF
SRBC,NA,NA,TRUE,mouse,ACTGAGTAGCTTTGGT-1,SC24124_CTRL_ACTGAGTAGCTTTGGT-1,IGHV9-2-1,IGHJ3,CARGYSDYVFAYW,IGKV2-137,IGKJ2,CMQHLEYPYTF
SRBC,NA,NA,TRUE,mouse,ACTGAGTCATACGCTA-1,SC24124_CTRL_ACTGAGTCATACGCTA-1,IGHV14-3,IGHJ2,CACNDGGLFDYW,IGKV6-15,IGKJ1,CQQYNSYPWTF
SRBC,NA,NA,TRUE,mouse,ACTGAGTGTGGCTCCA-1,SC24124_CTRL_ACTGAGTGTGGCTCCA-1,IGHV2-2,IGHJ4,CASLPLYAMDYW,IGKV6-15,IGKJ5,CQQYNRYPLTF
SRBC,NA,NA,TRUE,mouse,ACTGAGTTCAGGCGAA-1,SC24124_CTRL_ACTGAGTTCAGGCGAA-1,IGHV1-69-2,IGHJ4,CARYRFYYAMDYW,IGLV1,IGLJ1,CALWYSNQSWVF
SRBC,NA,NA,TRUE,mouse,ACTGAGTTCCAAATGC-1,SC24124_CTRL_ACTGAGTTCCAAATGC-1,IGHV1-85,IGHJ3,CAREDYGYGFAFW,IGKV2-137,IGKJ2,CMQHLEYPYTF
SRBC,NA,NA,TRUE,mouse,ACTGAGTTCCTATGTT-1,SC24124_CTRL_ACTGAGTTCCTATGTT-1,IGHV1-47-6,IGHJ4,CARLWGYAMDYW,IGKV6-23,IGKJ4,CQQYSSYPFTF
SRBC,NA,NA,TRUE,mouse,ACTGAGTTCGAATCCA-1,SC24124_CTRL_ACTGAGTTCGAATCCA-1,IGHV1-42,IGHJ4,CARRHYYGSSYTMDYW,IGKV1-117,IGKJ1,CFQGSHVPWTF
SRBC,NA,NA,TRUE,mouse,ACTGATGCAACTGCTA-1,SC24124_CTRL_ACTGATGCAACTGCTA-1,IGHV1-26,IGHJ1,CAGGRGYFDVW,IGKV5-39,IGKJ2,CQNGHSFPYTF
SRBC,NA,NA,TRUE,mouse,ACTGATGCAGTCTTCC-1,SC24124_CTRL_ACTGATGCAGTCTTCC-1,IGHV1-39,IGHJ3,CARWEDYDTRFAYW,IGKV8-19,IGKJ5,CQNDYSYPLTF
SRBC,NA,NA,TRUE,mouse,ACTGATGCATATGCTG-1,SC24124_CTRL_ACTGATGCATATGCTG-1,IGHV1-87,IGHJ1,CARSAGYWYFDVW,IGKV5-48,IGKJ2,CQQSNSWPYTF
SRBC,NA,NA,TRUE,mouse,ACTGATGTCACCGTAA-1,SC24124_CTRL_ACTGATGTCACCGTAA-1,IGHV14-2,IGHJ1,CARNGNYVGWYFDVW,IGKV16-104,IGKJ5,CQQHNEYPLTF
SRBC,NA,NA,TRUE,mouse,ACTGCTCCACCTGGTG-1,SC24124_CTRL_ACTGCTCCACCTGGTG-1,IGHV2-5-1,IGHJ2,CAKKSYYYGYFDYW,IGKV1-117,IGKJ4,CFQGSHVPFTF
SRBC,NA,NA,TRUE,mouse,ACTGCTCCACGACTCG-1,SC24124_CTRL_ACTGCTCCACGACTCG-1,IGHV1-7,IGHJ4,CARRGDYDWAMDYW,IGKV5-48,IGKJ5,CQQSNSWPLTF
SRBC,NA,NA,TRUE,mouse,ACTGCTCTCAACGGCC-1,SC24124_CTRL_ACTGCTCTCAACGGCC-1,IGHV1-18,IGHJ2,CARSRYYGSLDYW,IGKV6-15,IGKJ2,CQQYNSYPYTF
SRBC,NA,NA,TRUE,mouse,ACTGCTCTCTTATCTG-1,SC24124_CTRL_ACTGCTCTCTTATCTG-1,IGHV1-4,IGHJ4,CARRRGLVPYVMDYW,IGKV4-55,IGKJ5,CQHWSSYPLTF
SRBC,NA,NA,TRUE,mouse,ACTGTCCAGTGGTAGC-1,SC24124_CTRL_ACTGTCCAGTGGTAGC-1,IGHV5-6,IGHJ2,CASLNLEDYW,IGKV1-135,IGKJ2,CWQGTHFPHTF
SRBC,NA,NA,TRUE,mouse,ACTGTCCGTCGCATCG-1,SC24124_CTRL_ACTGTCCGTCGCATCG-1,IGHV1-56,IGHJ4,CARTDYSHYGGAMDYW,IGKV6-17,IGKJ1,CQQHYSTPWTF
SRBC,NA,NA,TRUE,mouse,ACTGTCCGTGGTCCGT-1,SC24124_CTRL_ACTGTCCGTGGTCCGT-1,IGHV1-42,IGHJ2,CARKGDGPYYFDYW,IGKV9-123,IGKJ5,CLQRNAYPLTF
SRBC,NA,NA,TRUE,mouse,ACTTACTAGGTGCAAC-1,SC24124_CTRL_ACTTACTAGGTGCAAC-1,IGHV3-1,IGHJ3,CATMITTWGFAYW,IGKV3-1,IGKJ1,CQQSRKVPTF
SRBC,NA,NA,TRUE,mouse,ACTTACTCAACTGCTA-1,SC24124_CTRL_ACTTACTCAACTGCTA-1,IGHV1-62-2,IGHJ3,CARHEDHYGNYVAFVYW,IGKV2-137,IGKJ2,CMQHLEYPYTF
SRBC,NA,NA,TRUE,mouse,ACTTACTCATTCCTCG-1,SC24124_CTRL_ACTTACTCATTCCTCG-1,IGHV1-7,IGHJ3,CASRRYDGPWFAYW,IGKV10-96,IGKJ2,CQQGNTLPYTF
SRBC,NA,NA,TRUE,mouse,ACTTACTGTAAACACA-1,SC24124_CTRL_ACTTACTGTAAACACA-1,IGHV1-72,IGHJ1,CAREEDYDWYFDVW,IGKV8-30,IGKJ1,CQQYYSYPRTF
SRBC,NA,NA,TRUE,mouse,ACTTACTGTGCAGTAG-1,SC24124_CTRL_ACTTACTGTGCAGTAG-1,IGHV1-81,IGHJ4,CARGAITTVLATVYYAMDYW,IGKV1-135,IGKJ1,CWQGTHFPRTF
SRBC,NA,NA,TRUE,mouse,ACTTGTTAGTGTCCCG-1,SC24124_CTRL_ACTTGTTAGTGTCCCG-1,IGHV1-26,IGHJ2,CARSPYYYGSSYDSW,IGKV9-120,IGKJ1,CLQYASSPWTF
SRBC,NA,NA,TRUE,mouse,ACTTGTTCAATGGTCT-1,SC24124_CTRL_ACTTGTTCAATGGTCT-1,IGHV1-53,IGHJ2,CARRDGYDRLFDYW,IGLV1,IGLJ1,CALWYSNHWVF
SRBC,NA,NA,TRUE,mouse,ACTTGTTTCACCAGGC-1,SC24124_CTRL_ACTTGTTTCACCAGGC-1,IGHV3-2,IGHJ4,CARERDYDGPYYYAMDYW,IGKV4-74,IGKJ1,CHQYHRSPRTF
SRBC,NA,NA,TRUE,mouse,ACTTTCAAGAACAATC-1,SC24124_CTRL_ACTTTCAAGAACAATC-1,IGHV10-1,IGHJ4,CVRHRELVPNAMDYW,IGKV4-79,IGKJ2,CHQWSSYPPTF
SRBC,NA,NA,TRUE,mouse,ACTTTCAAGCGATCCC-1,SC24124_CTRL_ACTTTCAAGCGATCCC-1,IGHV1-53,IGHJ2,CARAPLFSYYGSLYYFDYW,IGKV15-103,IGKJ2,CQQGQSYPYTF
SRBC,NA,NA,TRUE,mouse,ACTTTCAAGGTGATAT-1,SC24124_CTRL_ACTTTCAAGGTGATAT-1,IGHV10-1,IGHJ3,CVRGLAGLGAYW,IGKV4-53,IGKJ5,CQQWSSYPLTF
SRBC,NA,NA,TRUE,mouse,ACTTTCAAGTCAATAG-1,SC24124_CTRL_ACTTTCAAGTCAATAG-1,IGHV4-1,IGHJ3,CASLYYYVSSGFAYW,IGKV9-124,IGKJ5,CLQYAFYPLTF
SRBC,NA,NA,TRUE,mouse,ACTTTCAGTAGCGTCC-1,SC24124_CTRL_ACTTTCAGTAGCGTCC-1,IGHV1-22,IGHJ2,CARGIDYFDYW,IGKV3-2,IGKJ1,CQQSKEVPWTF
SRBC,NA,NA,TRUE,mouse,ACTTTCATCGGCCGAT-1,SC24124_CTRL_ACTTTCATCGGCCGAT-1,IGHV12-3,IGHJ1,CAGAPGGWYFDVW,IGKV5-39,IGKJ5,CQNGHSFPLTF
SRBC,NA,NA,TRUE,mouse,AGAATAGAGATCCCGC-1,SC24124_CTRL_AGAATAGAGATCCCGC-1,IGHV2-9,IGHJ4,CARDGPLTATYAMDYW,IGKV12-46,IGKJ2,CQHFWGTPYTF
SRBC,NA,NA,TRUE,mouse,AGAATAGAGGATGTAT-1,SC24124_CTRL_AGAATAGAGGATGTAT-1,IGHV14-3,IGHJ4,CAYFTGYTMDYW,IGKV4-61,IGKJ2,CQQYHSYPPTF
SRBC,NA,NA,TRUE,mouse,AGAATAGAGTGGGATC-1,SC24124_CTRL_AGAATAGAGTGGGATC-1,IGHV1-55,IGHJ3,CARGGTEFAYW,IGKV8-30,IGKJ2,CQQYYSYPYTF
SRBC,NA,NA,TRUE,mouse,AGAATAGGTAAAGGAG-1,SC24124_CTRL_AGAATAGGTAAAGGAG-1,IGHV2-5,IGHJ2,CAKNRGSYGNAFDYW,IGKV10-96,IGKJ2,CQQGNTLPYTF
SRBC,NA,NA,TRUE,mouse,AGAATAGGTAGAAGGA-1,SC24124_CTRL_AGAATAGGTAGAAGGA-1,IGHV1-14,IGHJ4,CARGSTMITTRLYAMDYW,IGKV16-104,IGKJ1,CQQHNEYPWTF
SRBC,NA,NA,TRUE,mouse,AGAATAGGTAGGAGTC-1,SC24124_CTRL_AGAATAGGTAGGAGTC-1,IGHV1-22,IGHJ3,CARWLLQGAWFAYW,IGKV6-23,IGKJ4,CQQYSSYPFTF
SRBC,NA,NA,TRUE,mouse,AGAATAGGTCTTTCAT-1,SC24124_CTRL_AGAATAGGTCTTTCAT-1,IGHV1-19,IGHJ4,CARKGLLGAMDYW,IGKV12-98,IGKJ1,CQQLYSIPWTF
SRBC,NA,NA,TRUE,mouse,AGACGTTAGTTAAGTG-1,SC24124_CTRL_AGACGTTAGTTAAGTG-1,IGHV14-2,IGHJ3,CARGNDSPFAYW,IGKV14-111,IGKJ4,CLQYDEFPFTF
SRBC,NA,NA,TRUE,mouse,AGACGTTCATGAAGTA-1,SC24124_CTRL_AGACGTTCATGAAGTA-1,IGHV1-12,IGHJ4,CARGRITTATYYYYTMDYW,IGKV8-24,IGKJ5,CQQHYSTPLTF
SRBC,NA,NA,TRUE,mouse,AGACGTTTCACTATTC-1,SC24124_CTRL_AGACGTTTCACTATTC-1,IGHV1-42-1,IGHJ4,CARDWYYYAMDYW,IGKV9-120,IGKJ1,CLQYASSPWTF
SRBC,NA,NA,TRUE,mouse,AGACGTTTCAGAGGTG-1,SC24124_CTRL_AGACGTTTCAGAGGTG-1,IGHV2-9-1,IGHJ4,CARKIYYDSDGYVMDYW,IGKV3-12,IGKJ4,CQHSRELPFTF
SRBC,NA,NA,TRUE,mouse,AGACGTTTCATCACCC-1,SC24124_CTRL_AGACGTTTCATCACCC-1,IGHV8-12,IGHJ2,CARFITTVVAHFDYW,IGLV1,IGLJ1,CALWYSNHWVF
SRBC,NA,NA,TRUE,mouse,AGAGCGAAGCTGCAAG-1,SC24124_CTRL_AGAGCGAAGCTGCAAG-1,IGHV1-84,IGHJ1,CARHYYGNRWWYFDVW,IGKV15-103,IGKJ2,CQQGQSYPLTF
SRBC,NA,NA,TRUE,mouse,AGAGCGACAAACTGCT-1,SC24124_CTRL_AGAGCGACAAACTGCT-1,IGHV1S135,IGHJ1,CARRGHYYGHWYFDVW,IGKV10-94,IGKJ1,CQQYSKLPPTF
SRBC,NA,NA,TRUE,mouse,AGAGCGACATAAGACA-1,SC24124_CTRL_AGAGCGACATAAGACA-1,IGHV2-6-7,IGHJ2,CVRDGYGLDYW,IGKV4-59,IGKJ5,CQQWSSNPLTF
SRBC,NA,NA,TRUE,mouse,AGAGCGAGTAGAGGAA-1,SC24124_CTRL_AGAGCGAGTAGAGGAA-1,IGHV1-9,IGHJ3,CAPRPYYYGSSLPWFAYW,IGKV1-117,IGKJ2,CFQGSHVPPTF
SRBC,NA,NA,TRUE,mouse,AGAGCGAGTGATGTCT-1,SC24124_CTRL_AGAGCGAGTGATGTCT-1,IGHV1-9,IGHJ1,CARSGYYYGRGYFDVW,IGKV1-110,IGKJ1,CSQSTHVPWTF
SRBC,NA,NA,TRUE,mouse,AGAGCGATCGCCGTGA-1,SC24124_CTRL_AGAGCGATCGCCGTGA-1,IGHV1-26,IGHJ2,CARDHYYFDYW,IGKV5-39,IGKJ2,CQNGHSFPYTF
SRBC,NA,NA,TRUE,mouse,AGAGCTTCAGCTCGAC-1,SC24124_CTRL_AGAGCTTCAGCTCGAC-1,IGHV14-3,IGHJ4,CVRWDDNYVWAMDYW,IGKV4-59,IGKJ5,CQQWSSNPLTF
SRBC,NA,NA,TRUE,mouse,AGAGCTTCATCCGTGG-1,SC24124_CTRL_AGAGCTTCATCCGTGG-1,IGHV1-64,IGHJ2,CARRGPYGIFDYW,IGKV12-44,IGKJ1,CQHHYGTPWTF
SRBC,NA,NA,TRUE,mouse,AGAGTGGCACGAGAGT-1,SC24124_CTRL_AGAGTGGCACGAGAGT-1,IGHV1-47-46,IGHJ4,CTILNWDYYGVDYW,IGKV13-84,IGKJ5,CQQYWSTPLTF
SRBC,NA,NA,TRUE,mouse,AGAGTGGCATTGAGCT-1,SC24124_CTRL_AGAGTGGCATTGAGCT-1,IGHV1-78,IGHJ4,CARWYYGSRNNAMDYW,IGKV16-104,IGKJ1,CQQHNEYPWTF
SRBC,NA,NA,TRUE,mouse,AGAGTGGTCCCAGGTG-1,SC24124_CTRL_AGAGTGGTCCCAGGTG-1,IGHV1-18-13,IGHJ2,CAREGDGLYYFDYW,IGKV4-55,IGKJ5,CQQWSSYPLTF
SRBC,NA,NA,TRUE,mouse,AGATCTGCAAGTCATC-1,SC24124_CTRL_AGATCTGCAAGTCATC-1,IGHV1-42,IGHJ4,CARRHYYGSSYTMDYW,IGKV1-117,IGKJ1,CFQGSHVPWTF
SRBC,NA,NA,TRUE,mouse,AGATCTGGTCTGATCA-1,SC24124_CTRL_AGATCTGGTCTGATCA-1,IGHV1-18-23,IGHJ4,CTRSNWSFYAMDYW,IGKV1-133,IGKJ1,CVQGTHFPQTF
SRBC,NA,NA,TRUE,mouse,AGATCTGGTCTGCAAT-1,SC24124_CTRL_AGATCTGGTCTGCAAT-1,IGHV3-2,IGHJ3,CAGGWLLWFAYW,IGKV5-39,IGKJ1,CQNGHSFRTF
SRBC,NA,NA,TRUE,mouse,AGATCTGTCTACCTGC-1,SC24124_CTRL_AGATCTGTCTACCTGC-1,IGHV1-71-6,IGHJ3,CARGAGVWFAYW,IGKV17-127,IGKJ4,CLQSDNMPFTF
SRBC,NA,NA,TRUE,mouse,AGATTGCAGCATCATC-1,SC24124_CTRL_AGATTGCAGCATCATC-1,IGHV1-86,IGHJ4,CASSEDGPHYFAMDYW,IGKV4-72,IGKJ5,CQQWSSNPLTF
SRBC,NA,NA,TRUE,mouse,AGATTGCAGCGTAGTG-1,SC24124_CTRL_AGATTGCAGCGTAGTG-1,IGHV1-14,IGHJ3,CTRPLFIITTFAYW,IGKV6-15,IGKJ2,CQQYNTYPYTF
SRBC,NA,NA,TRUE,mouse,AGATTGCAGTTGTCGT-1,SC24124_CTRL_AGATTGCAGTTGTCGT-1,IGHV1-9,IGHJ2,CARGGFYSYW,IGKV14-111,IGKJ2,CLQYDEFPYTF
SRBC,NA,NA,TRUE,mouse,AGATTGCCAGACTCGC-1,SC24124_CTRL_AGATTGCCAGACTCGC-1,IGHV1-4,IGHJ4,CARKGEFGYDYAMDYW,IGKV14-100,IGKJ2,CVQYAQFPYTF
SRBC,NA,NA,TRUE,mouse,AGATTGCTCCACGTGG-1,SC24124_CTRL_AGATTGCTCCACGTGG-1,IGHV8-4-7,IGHJ2,CARGITTAIFDYW,IGKV3-7,IGKJ2,CQHSWEIPYTF
SRBC,NA,NA,TRUE,mouse,AGCAGCCAGAAGATTC-1,SC24124_CTRL_AGCAGCCAGAAGATTC-1,IGHV1-9,IGHJ2,CARRRYYGSSYFDYW,IGKV1-117,IGKJ1,CFQGSHVPRTF
SRBC,NA,NA,TRUE,mouse,AGCAGCCCATGTCCTC-1,SC24124_CTRL_AGCAGCCCATGTCCTC-1,IGHV1-47-30,IGHJ1,CARHEEEDYGYDRDWYFDVW,IGKV4-68,IGKJ4,CQQWSSNPLTF
SRBC,NA,NA,TRUE,mouse,AGCAGCCGTTGATTGC-1,SC24124_CTRL_AGCAGCCGTTGATTGC-1,IGHV5-6-4,IGHJ2,CTRQLISW,IGKV2-109,IGKJ2,CAQNLELPYTF
SRBC,NA,NA,TRUE,mouse,AGCATACAGAACAATC-1,SC24124_CTRL_AGCATACAGAACAATC-1,IGHV14-2,IGHJ4,CARTADYYGYDNAMDYW,IGKV17-121,IGKJ5,CLQSDNLPLTF
SRBC,NA,NA,TRUE,mouse,AGCATACAGCGCTCCA-1,SC24124_CTRL_AGCATACAGCGCTCCA-1,IGHV1-61,IGHJ3,CARGSTMITPAWFAYW,IGKV3-12,IGKJ2,CQHSRDLPYTF
SRBC,NA,NA,TRUE,mouse,AGCATACCACCGAATT-1,SC24124_CTRL_AGCATACCACCGAATT-1,IGHV14-4,IGHJ4,CILQLRGYAMDYW,IGKV4-55,IGKJ2,CQQWSSYPYTF
SRBC,NA,NA,TRUE,mouse,AGCATACGTTACGACT-1,SC24124_CTRL_AGCATACGTTACGACT-1,IGHV1-62-2,IGHJ3,CARHEDWEEFAYW,IGKV2-137,IGKJ2,CMQLLEYPFTF
SRBC,NA,NA,TRUE,mouse,AGCCTAAAGACTAGAT-1,SC24124_CTRL_AGCCTAAAGACTAGAT-1,IGHV2-2,IGHJ3,CARRPYDYEGGFAYW,IGKV17-121,IGKJ4,CLQSDNLPFTF
SRBC,NA,NA,TRUE,mouse,AGCCTAACATATGGTC-1,SC24124_CTRL_AGCCTAACATATGGTC-1,IGHV2-6-7,IGHJ4,CAREGGNYRNYYAMDYW,IGKV17-127,IGKJ2,CLQSDNMPYTF
SRBC,NA,NA,TRUE,mouse,AGCCTAAGTCTTCGTC-1,SC24124_CTRL_AGCCTAAGTCTTCGTC-1,IGHV5-6-3,IGHJ3,CARDWDGFAYW,IGKV6-23,IGKJ2,CQQYSTYHTF
SRBC,NA,NA,TRUE,mouse,AGCCTAATCAAGATCC-1,SC24124_CTRL_AGCCTAATCAAGATCC-1,IGHV5-6,IGHJ2,CARHPTGYFDYW,IGKV1-117,IGKJ1,CFQGSHVPPTF
SRBC,NA,NA,TRUE,mouse,AGCGGTCAGGGAGTAA-1,SC24124_CTRL_AGCGGTCAGGGAGTAA-1,IGHV5-6,IGHJ2,CARLVITTATTYFDYW,IGKV17-127,IGKJ2,CLQSDNMPYTF
SRBC,NA,NA,TRUE,mouse,AGCGGTCAGTGTGAAT-1,SC24124_CTRL_AGCGGTCAGTGTGAAT-1,IGHV1-72,IGHJ3,CAREDMGSWFAYW,IGLV1,IGLJ1,CALWYSNHLVF
SRBC,NA,NA,TRUE,mouse,AGCGGTCTCTGCTGCT-1,SC24124_CTRL_AGCGGTCTCTGCTGCT-1,IGHV8-4-6,IGHJ3,CARIADYVWFAYW,IGKV1-117,IGKJ2,CFQGSHVPYTF
SRBC,NA,NA,TRUE,mouse,AGCGTATCATCCGTGG-1,SC24124_CTRL_AGCGTATCATCCGTGG-1,IGHV1-14,IGHJ4,CARYGLGYAMDYW,IGKV17-121,IGKJ2,CLQSDNLPYTF
SRBC,NA,NA,TRUE,mouse,AGCTCCTAGTGGAGAA-1,SC24124_CTRL_AGCTCCTAGTGGAGAA-1,IGHV11-2,IGHJ1,CMRYDSSYWYFDVW,IGKV14-126,IGKJ4,CLQHGESPFTF
SRBC,NA,NA,TRUE,mouse,AGCTCTCAGTACGCCC-1,SC24124_CTRL_AGCTCTCAGTACGCCC-1,IGHV14-3,IGHJ4,CARDIVMDYW,IGKV8-27,IGKJ2,CHQYLSLYTF
SRBC,NA,NA,TRUE,mouse,AGCTCTCCAGGGATTG-1,SC24124_CTRL_AGCTCTCCAGGGATTG-1,IGHV2-2,IGHJ4,CARKGYAMDYW,IGKV6-23,IGKJ2,CQQYSSYPYTF
SRBC,NA,NA,TRUE,mouse,AGCTCTCGTGGGTATG-1,SC24124_CTRL_AGCTCTCGTGGGTATG-1,IGHV1-61,IGHJ2,CGRRGGRVGFDYW,IGKV4-68,IGKJ5,CHQWSSNPLTF
SRBC,NA,NA,TRUE,mouse,AGCTCTCTCAAACCAC-1,SC24124_CTRL_AGCTCTCTCAAACCAC-1,IGHV1-18,IGHJ3,CARSDYGFAYW,IGKV5-39,IGKJ4,CQNGHSFPFTF
SRBC,NA,NA,TRUE,mouse,AGCTTGAGTGGTACAG-1,SC24124_CTRL_AGCTTGAGTGGTACAG-1,IGHV1-53,IGHJ3,CARNWNDGYYGFAYW,IGKV19-93,IGKJ5,CLQYDNLLPTF
SRBC,NA,NA,TRUE,mouse,AGCTTGAGTGTGCCTG-1,SC24124_CTRL_AGCTTGAGTGTGCCTG-1,IGHV10-3,IGHJ1,CVRRGYYGSPYWYFDVW,IGKV6-20,IGKJ4,CGQSYSYPFTF
SRBC,NA,NA,TRUE,mouse,AGCTTGAGTTTAAGCC-1,SC24124_CTRL_AGCTTGAGTTTAAGCC-1,IGHV1-9,IGHJ3,CARGRGFYRNYSAWFAYW,IGKV1-117,IGKJ4,CFQGSHVPFTF
SRBC,NA,NA,TRUE,mouse,AGGCCACAGTATTGGA-1,SC24124_CTRL_AGGCCACAGTATTGGA-1,IGHV5-6-4,IGHJ3,CTGGNFAWFAYW,IGKV1-135,IGKJ1,CWQGTHFPWTF
SRBC,NA,NA,TRUE,mouse,AGGCCACCACCGCTAG-1,SC24124_CTRL_AGGCCACCACCGCTAG-1,IGHV1-62-2,IGHJ3,CARHEEAYGNYVGFAYW,IGKV2-137,IGKJ2,CMQHLEYPYTF
SRBC,NA,NA,TRUE,mouse,AGGCCACCATACGCCG-1,SC24124_CTRL_AGGCCACCATACGCCG-1,IGHV1-82,IGHJ4,CARSGNYPYAMDYW,IGKV10-96,IGKJ1,CQQGNKLPWTF
SRBC,NA,NA,TRUE,mouse,AGGCCACGTGAACCTT-1,SC24124_CTRL_AGGCCACGTGAACCTT-1,IGHV1-87,IGHJ4,CARVGRAYAMDYW,IGLV1,IGLJ1,CALWYSSHSWVF
SRBC,NA,NA,TRUE,mouse,AGGCCACTCCTATTCA-1,SC24124_CTRL_AGGCCACTCCTATTCA-1,IGHV1-62-3,IGHJ2,CARNYDGYYGGDYW,IGKV5-45,IGKJ1,CQQSNSWPQTF
SRBC,NA,NA,TRUE,mouse,AGGCCGTAGAACAATC-1,SC24124_CTRL_AGGCCGTAGAACAATC-1,IGHV1-26,IGHJ3,CARPNLLLRSAWFVYW,IGKV6-32,IGKJ1,CQQDYTSPWTF
SRBC,NA,NA,TRUE,mouse,AGGCCGTCACAGGCCT-1,SC24124_CTRL_AGGCCGTCACAGGCCT-1,IGHV1-71-3,IGHJ4,CARSPLYYGSQMDYW,IGKV17-121,IGKJ2,CLQSDNLPLTF
SRBC,NA,NA,TRUE,mouse,AGGCCGTCAGCCTATA-1,SC24124_CTRL_AGGCCGTCAGCCTATA-1,IGHV10-1,IGHJ4,CVRRGGSSPMDYW,IGLV2,IGLJ2,CALWYSTHYVF
SRBC,NA,NA,TRUE,mouse,AGGCCGTCATGCCTTC-1,SC24124_CTRL_AGGCCGTCATGCCTTC-1,IGHV2-5-1,IGHJ4,CAKGRSYAMDYW,IGLV1,IGLJ1,CALWYSNHWVF
SRBC,NA,NA,TRUE,mouse,AGGCCGTGTGAGTGAC-1,SC24124_CTRL_AGGCCGTGTGAGTGAC-1,IGHV1-62-2,IGHJ2,CTRQGYDYFDYW,IGKV2-137,IGKJ2,CMQHLEYPYTF
SRBC,NA,NA,TRUE,mouse,AGGGAGTAGGTAGCCA-1,SC24124_CTRL_AGGGAGTAGGTAGCCA-1,IGHV1-80,IGHJ2,CARGLGYYFDYW,IGKV4-61,IGKJ1,CQQFHTYPPTF
SRBC,NA,NA,TRUE,mouse,AGGGAGTTCAAGAAGT-1,SC24124_CTRL_AGGGAGTTCAAGAAGT-1,IGHV1-42-1,IGHJ4,CTRSYSYDVGAMDYW,IGKV16-104,IGKJ1,CQQHNEYPWTF
SRBC,NA,NA,TRUE,mouse,AGGGATGAGCCGATTT-1,SC24124_CTRL_AGGGATGAGCCGATTT-1,IGHV1-18-65,IGHJ2,CARYRYYGSTYFFDYW,IGKV6-15,IGKJ2,CQQYNSYPLTF
SRBC,NA,NA,TRUE,mouse,AGGGATGCAACACCCG-1,SC24124_CTRL_AGGGATGCAACACCCG-1,IGHV2-5,IGHJ4,CAKSGTYYYAMDYW,IGKV1-117,IGKJ1,CFQGSHVPPTF
SRBC,NA,NA,TRUE,mouse,AGGGATGCAGGCGATA-1,SC24124_CTRL_AGGGATGCAGGCGATA-1,IGHV1-52,IGHJ2,CARAYDYDGIDYW,IGKV6-23,IGKJ2,CQQYSSYPYTF
SRBC,NA,NA,TRUE,mouse,AGGGATGGTAACGACG-1,SC24124_CTRL_AGGGATGGTAACGACG-1,IGHV9-3-1,IGHJ3,CARGRDYDYDWFAYW,IGKV6-17,IGKJ2,CQQHYSTPYTF
SRBC,NA,NA,TRUE,mouse,AGGGATGGTCTTCTCG-1,SC24124_CTRL_AGGGATGGTCTTCTCG-1,IGHV1-72,IGHJ2,CARGLTEDYW,IGKV4-57,IGKJ2,CQQRSSYPPTF
SRBC,NA,NA,TRUE,mouse,AGGGTGAAGAGTGACC-1,SC24124_CTRL_AGGGTGAAGAGTGACC-1,IGHV2-2,IGHJ4,CARKTTVVHYYAMDYW,IGKV13-85,IGKJ5,CQQYWSTPLTF
SRBC,NA,NA,TRUE,mouse,AGGGTGAAGTGCCATT-1,SC24124_CTRL_AGGGTGAAGTGCCATT-1,IGHV1-19,IGHJ2,CARSTVLAPYFDYW,IGKV8-19,IGKJ5,CQNDYSYPLTF
SRBC,NA,NA,TRUE,mouse,AGGGTGACAGCGATCC-1,SC24124_CTRL_AGGGTGACAGCGATCC-1,IGHV1-82,IGHJ1,CARDYGSSYWYFDVW,IGKV3-4,IGKJ1,CQQSNEDPWTF
SRBC,NA,NA,TRUE,mouse,AGGGTGACATCGGACC-1,SC24124_CTRL_AGGGTGACATCGGACC-1,IGHV1-69,IGHJ4,CARFEKNRNEGYAMDYW,IGKV17-127,IGKJ5,CLQSDNMPLTF
SRBC,NA,NA,TRUE,mouse,AGGGTGATCCAGTAGT-1,SC24124_CTRL_AGGGTGATCCAGTAGT-1,IGHV1-64,IGHJ4,CARNGYYVLDYW,IGKV10-96,IGKJ1,CQQDNTLPRTF
SRBC,NA,NA,TRUE,mouse,AGGTCATTCATCTGCC-1,SC24124_CTRL_AGGTCATTCATCTGCC-1,IGHV1-55,IGHJ2,CAKTGTMVTTGPLFDYW,IGKV8-30,IGKJ4,CQQYYSYPFTF
SRBC,NA,NA,TRUE,mouse,AGGTCCGCAAAGGTGC-1,SC24124_CTRL_AGGTCCGCAAAGGTGC-1,IGHV1-82,IGHJ1,CARPYYGSSYRYFDVW,IGKV5-48,IGKJ4,CQQSNSWPFTF
SRBC,NA,NA,TRUE,mouse,AGGTCCGCATAGTAAG-1,SC24124_CTRL_AGGTCCGCATAGTAAG-1,IGHV1-47-46,IGHJ4,CTRGGGRYAMDYW,IGKV8-30,IGKJ4,CQQYFSYPFTF
SRBC,NA,NA,TRUE,mouse,AGGTCCGGTCAATGTC-1,SC24124_CTRL_AGGTCCGGTCAATGTC-1,IGHV9-2-1,IGHJ2,CASPIYYGFFDFW,IGKV2-137,IGKJ2,CMQHLEYPYTF
SRBC,NA,NA,TRUE,mouse,AGGTCCGTCAGGTTCA-1,SC24124_CTRL_AGGTCCGTCAGGTTCA-1,IGHV1-9,IGHJ3,CARNYYGSRFAYW,IGKV4-59,IGKJ5,CQQWSSNPPTF
SRBC,NA,NA,TRUE,mouse,AGGTCCGTCGAGAACG-1,SC24124_CTRL_AGGTCCGTCGAGAACG-1,IGHV1-9,IGHJ1,CARRRFYGNDRFFDVW,IGKV1-117,IGKJ1,CFQGSHVPWTF
SRBC,NA,NA,TRUE,mouse,AGTAGTCCATAAGACA-1,SC24124_CTRL_AGTAGTCCATAAGACA-1,IGHV1-9,IGHJ2,CTRGRGRLDYW,IGKV1-135,IGKJ2,CWQGTHFPYTF
SRBC,NA,NA,TRUE,mouse,AGTAGTCTCTTGAGAC-1,SC24124_CTRL_AGTAGTCTCTTGAGAC-1,IGHV1-47-36,IGHJ1,CARSGRYYVTYWYFDIW,IGKV8-28,IGKJ5,CQNDHSYPLTF
SRBC,NA,NA,TRUE,mouse,AGTCTTTAGCACCGTC-1,SC24124_CTRL_AGTCTTTAGCACCGTC-1,IGHV2-2,IGHJ4,CARKGYAMDYW,IGKV6-23,IGKJ5,CQQYSSYPLTF
SRBC,NA,NA,TRUE,mouse,AGTCTTTCAATAACGA-1,SC24124_CTRL_AGTCTTTCAATAACGA-1,IGHV1-47-1,IGHJ4,CARYPLARLHYAMDYW,IGKV6-15,IGKJ2,CQQYNSYPYTF
SRBC,NA,NA,TRUE,mouse,AGTCTTTCACCTATCC-1,SC24124_CTRL_AGTCTTTCACCTATCC-1,IGHV7-1,IGHJ4,CARDGTVEAMDYW,IGKV1-110,IGKJ1,CSQSTHVPWTF
SRBC,NA,NA,TRUE,mouse,AGTCTTTCAGCCACCA-1,SC24124_CTRL_AGTCTTTCAGCCACCA-1,IGHV1-26,IGHJ3,CARGGTGYYGSFWFAYW,IGKV5-48,IGKJ1,CQQSNTWPTTF
SRBC,NA,NA,TRUE,mouse,AGTCTTTCAGTGACAG-1,SC24124_CTRL_AGTCTTTCAGTGACAG-1,IGHV1-81,IGHJ3,CAYYSNYPFAYW,IGKV9-123,IGKJ2,CLQRNAYPYTF
SRBC,NA,NA,TRUE,mouse,AGTCTTTGTTGGTAAA-1,SC24124_CTRL_AGTCTTTGTTGGTAAA-1,IGHV5-12-1,IGHJ2,CASLSLRRGDFDYW,IGKV19-93,IGKJ5,CLQYDNLLTF
SRBC,NA,NA,TRUE,mouse,AGTCTTTTCAGGTTCA-1,SC24124_CTRL_AGTCTTTTCAGGTTCA-1,IGHV2-6,IGHJ4,CARVPLYYGSSYGAMDYW,IGKV12-89,IGKJ1,CQNVLSTPWTF
SRBC,NA,NA,TRUE,mouse,AGTCTTTTCCGAATGT-1,SC24124_CTRL_AGTCTTTTCCGAATGT-1,IGHV1-61,IGHJ3,CARGGVYSNYGFAYW,IGKV8-30,IGKJ1,CQHYYSYPWTF
SRBC,NA,NA,TRUE,mouse,AGTGAGGAGAGGGATA-1,SC24124_CTRL_AGTGAGGAGAGGGATA-1,IGHV1-71-6,IGHJ2,CARSRGNFPYYFDYW,IGKV1-135,IGKJ1,CWQGTHFPRTF
SRBC,NA,NA,TRUE,mouse,AGTGAGGCAGGAACGT-1,SC24124_CTRL_AGTGAGGCAGGAACGT-1,IGHV1-66,IGHJ4,CARGEWLGAMDYW,IGKV16-104,IGKJ2,CQQHNEYPYTF
SRBC,NA,NA,TRUE,mouse,AGTGAGGTCATACGGT-1,SC24124_CTRL_AGTGAGGTCATACGGT-1,IGHV1-81,IGHJ2,CARSGMITTGFDYW,IGKV14-111,IGKJ1,CLQYDEFPRTF
SRBC,NA,NA,TRUE,mouse,AGTGAGGTCCTGCAGG-1,SC24124_CTRL_AGTGAGGTCCTGCAGG-1,IGHV5-6-5,IGHJ4,CARELNGYQLYYIMDYW,IGKV1-110,IGKJ1,CSQSTHVPPTF
SRBC,NA,NA,TRUE,mouse,AGTGAGGTCCTTCAAT-1,SC24124_CTRL_AGTGAGGTCCTTCAAT-1,IGHV3-2,IGHJ2,CARLITGGGFDYW,IGKV3-10,IGKJ1,CQQNNEDPWTF
SRBC,NA,NA,TRUE,mouse,AGTGAGGTCTCGGACG-1,SC24124_CTRL_AGTGAGGTCTCGGACG-1,IGHV8-12,IGHJ1,CAREVSHYGISYFDVW,IGKV12-44,IGKJ1,CQHHYGPPPTF
SRBC,NA,NA,TRUE,mouse,AGTGGGAAGATCCTGT-1,SC24124_CTRL_AGTGGGAAGATCCTGT-1,IGHV1-55,IGHJ2,CARYLWGYDYFDYW,IGKV9-120,IGKJ4,CLQYASSPFTF
SRBC,NA,NA,TRUE,mouse,AGTGGGAAGATGCGAC-1,SC24124_CTRL_AGTGGGAAGATGCGAC-1,IGHV1-55,IGHJ3,CARRSGSTTVTSWFAYW,IGKV4-68,IGKJ5,CQQWSSNPLTF
SRBC,NA,NA,TRUE,mouse,AGTGGGAAGCCGTCGT-1,SC24124_CTRL_AGTGGGAAGCCGTCGT-1,IGHV1-42,IGHJ4,CARRHYYGSSYTMDYW,IGKV1-117,IGKJ1,CFQGSHVPWTF
SRBC,NA,NA,TRUE,mouse,AGTGGGATCTAACTCT-1,SC24124_CTRL_AGTGGGATCTAACTCT-1,IGHV5-17,IGHJ4,CARREYYGLYYNAMDYW,IGKV5-39,IGKJ5,CQNGHSFPLTF
SRBC,NA,NA,TRUE,mouse,AGTGGGATCTTGCAAG-1,SC24124_CTRL_AGTGGGATCTTGCAAG-1,IGHV1-12,IGHJ2,CARAEDYRYFDYW,IGKV8-30,IGKJ1,CQQYYNYPWTF
SRBC,NA,NA,TRUE,mouse,AGTTGGTGTGAAGGCT-1,SC24124_CTRL_AGTTGGTGTGAAGGCT-1,IGHV1-5,IGHJ2,CTRWGVYSNYYFDYW,IGKV9-120,IGKJ4,CLQYASSPFTF
SRBC,NA,NA,TRUE,mouse,AGTTGGTGTGTATGGG-1,SC24124_CTRL_AGTTGGTGTGTATGGG-1,IGHV14-4,IGHJ3,CTTPGDYEAYW,IGKV4-59,IGKJ2,CQQWSSNPPTF
SRBC,NA,NA,TRUE,mouse,ATAACGCGTACTTAGC-1,SC24124_CTRL_ATAACGCGTACTTAGC-1,IGHV1-81,IGHJ4,CARTNYYGPDYYAMDYW,IGKV4-79,IGKJ2,CHQWSSYPYTF
SRBC,NA,NA,TRUE,mouse,ATAACGCGTAGCGTCC-1,SC24124_CTRL_ATAACGCGTAGCGTCC-1,IGHV1-12,IGHJ3,CARERYGSFAYW,IGKV14-111,IGKJ2,CLQYDEFPYTF
SRBC,NA,NA,TRUE,mouse,ATAACGCTCGAGCCCA-1,SC24124_CTRL_ATAACGCTCGAGCCCA-1,IGHV1-4,IGHJ2,CARCYRYDVYFDYW,IGKV6-14,IGKJ2,CLQHWNYPYTF
SRBC,NA,NA,TRUE,mouse,ATAAGAGAGAAACCGC-1,SC24124_CTRL_ATAAGAGAGAAACCGC-1,IGHV1-62-2,IGHJ4,CARHERPYYSKSYYAMDYW,IGKV16-104,IGKJ5,CQQHNEYPYTF
SRBC,NA,NA,TRUE,mouse,ATAAGAGCAGCTGTGC-1,SC24124_CTRL_ATAAGAGCAGCTGTGC-1,IGHV2-3,IGHJ4,CAKEGWDDYAMDYW,IGLV1,IGLJ1,CALWYSNHWVF
SRBC,NA,NA,TRUE,mouse,ATAAGAGGTTCGGCAC-1,SC24124_CTRL_ATAAGAGGTTCGGCAC-1,IGHV5-12-1,IGHJ4,CARHPWKGNAMDYW,IGKV5-43,IGKJ5,CQQSNSWPLTF
SRBC,NA,NA,TRUE,mouse,ATAAGAGTCAGTACGT-1,SC24124_CTRL_ATAAGAGTCAGTACGT-1,IGHV9-3,IGHJ1,CARKRLGDWYFDVW,IGKV13-84,IGKJ2,CQQYWSTPYTF
SRBC,NA,NA,TRUE,mouse,ATAGACCAGACAAAGG-1,SC24124_CTRL_ATAGACCAGACAAAGG-1,IGHV8-12,IGHJ4,CARRARAHYYAMDYW,IGKV10-96,IGKJ2,CQQGNTLPNTF
SRBC,NA,NA,TRUE,mouse,ATAGACCAGGGTTCCC-1,SC24124_CTRL_ATAGACCAGGGTTCCC-1,IGHV5-12-2,IGHJ3,CASLYYDYGAYW,IGKV5-43,IGKJ5,CQQSNSWPLTF
SRBC,NA,NA,TRUE,mouse,ATAGACCGTCCAGTTA-1,SC24124_CTRL_ATAGACCGTCCAGTTA-1,IGHV1-53,IGHJ2,CARMVKRYYFDYW,IGKV4-62,IGKJ2,CQQYSGYPYTF
SRBC,NA,NA,TRUE,mouse,ATAGACCTCAAACCGT-1,SC24124_CTRL_ATAGACCTCAAACCGT-1,IGHV1-39,IGHJ4,CARYDYYAMDYW,IGKV15-103,IGKJ5,CQQGQSYPLTF
SRBC,NA,NA,TRUE,mouse,ATAGACCTCACAGGCC-1,SC24124_CTRL_ATAGACCTCACAGGCC-1,IGHV9-2-1,IGHJ4,CAPFITTDSGAMDYW,IGKV3-7,IGKJ4,CQHSWEIPFTF
SRBC,NA,NA,TRUE,mouse,ATCACGAAGATGGGTC-1,SC24124_CTRL_ATCACGAAGATGGGTC-1,IGHV11-2,IGHJ1,CMRYSNYWYFDVW,IGKV14-126,IGKJ1,CLQHGESPWTF
SRBC,NA,NA,TRUE,mouse,ATCACGAAGTAAGTAC-1,SC24124_CTRL_ATCACGAAGTAAGTAC-1,IGHV1-18-65,IGHJ2,CARDYGSSLDYW,IGKV1-110,IGKJ2,CSQSTHVPYTF
SRBC,NA,NA,TRUE,mouse,ATCACGACAAGCGCTC-1,SC24124_CTRL_ATCACGACAAGCGCTC-1,IGHV14-1,IGHJ1,CTRYDYLWDVW,IGLV1,IGLJ1,CALWYSNHWVF
SRBC,NA,NA,TRUE,mouse,ATCACGACAATGGACG-1,SC24124_CTRL_ATCACGACAATGGACG-1,IGHV10-3,IGHJ1,CVRAYYSNYWYFDVW,IGKV6-17,IGKJ5,CQQHYSTPLTF
SRBC,NA,NA,TRUE,mouse,ATCACGAGTGTAAGTA-1,SC24124_CTRL_ATCACGAGTGTAAGTA-1,IGHV1-58,IGHJ2,CTRDWDYW,IGKV1-117,IGKJ1,CFQGSHLPWTF
SRBC,NA,NA,TRUE,mouse,ATCATCTAGCGATTCT-1,SC24124_CTRL_ATCATCTAGCGATTCT-1,IGHV1-42,IGHJ3,CSRRRFYDYDGPWFAYW,IGKV1-117,IGKJ4,CFQGSHVPFTF
SRBC,NA,NA,TRUE,mouse,ATCATCTCAGTCAGCC-1,SC24124_CTRL_ATCATCTCAGTCAGCC-1,IGHV2-2,IGHJ4,CARADYYGMDYW,IGKV10-96,IGKJ1,CQQGNTLPWTF
SRBC,NA,NA,TRUE,mouse,ATCATCTGTCCAAGTT-1,SC24124_CTRL_ATCATCTGTCCAAGTT-1,IGHV5-6-5,IGHJ4,CARGNPRFITTVVDDAMDYW,IGKV17-121,IGKJ5,CLQSDNLPLTF
SRBC,NA,NA,TRUE,mouse,ATCATCTGTCGACTGC-1,SC24124_CTRL_ATCATCTGTCGACTGC-1,IGHV1-42-1,IGHJ3,CARSSYYYGPFAYW,IGKV9-120,IGKJ2,CLQYASSPYTF
SRBC,NA,NA,TRUE,mouse,ATCATCTGTCGCGAAA-1,SC24124_CTRL_ATCATCTGTCGCGAAA-1,IGHV1-87,IGHJ2,CARGGYDGLYFDYW,IGKV12-46,IGKJ1,CQHFWGTPPTF
SRBC,NA,NA,TRUE,mouse,ATCATCTTCCAATGGT-1,SC24124_CTRL_ATCATCTTCCAATGGT-1,IGHV1-9,IGHJ4,CARYYYGYYAMDYW,IGKV4-72,IGKJ5,CQQWSSNPLTF
SRBC,NA,NA,TRUE,mouse,ATCATCTTCGCCTGTT-1,SC24124_CTRL_ATCATCTTCGCCTGTT-1,IGHV8-4-7,IGHJ4,CARRTLYYDYDGYYAMDYW,IGKV6-32,IGKJ5,CQQDYSSPLTF
SRBC,NA,NA,TRUE,mouse,ATCATCTTCTAACTCT-1,SC24124_CTRL_ATCATCTTCTAACTCT-1,IGHV3-2,IGHJ4,CARSGVRLYYAMDFW,IGKV6-25,IGKJ2,CQQHYSTPYTF
SRBC,NA,NA,TRUE,mouse,ATCATGGCAAAGGTGC-1,SC24124_CTRL_ATCATGGCAAAGGTGC-1,IGHV1-47-27,IGHJ4,CTRSGGSRYPHYYAMDCW,IGKV12-41,IGKJ1,CQHFWTTPPTF
SRBC,NA,NA,TRUE,mouse,ATCATGGGTCACACGC-1,SC24124_CTRL_ATCATGGGTCACACGC-1,IGHV8-12,IGHJ3,CARLYYGYDGGFAYW,IGKV17-127,IGKJ5,CLQSDNMPLTF
SRBC,NA,NA,TRUE,mouse,ATCATGGGTCAGATAA-1,SC24124_CTRL_ATCATGGGTCAGATAA-1,IGHV1-9,IGHJ4,CSRRRYYGSSHAMDYW,IGKV1-110,IGKJ4,CSQSTHVPFTF
SRBC,NA,NA,TRUE,mouse,ATCATGGTCGTTACAG-1,SC24124_CTRL_ATCATGGTCGTTACAG-1,IGHV9-3-1,IGHJ4,CARWYGSSSYYAMDYW,IGLV3,IGLJ2,CGVGDTIKEQFVYVF
SRBC,NA,NA,TRUE,mouse,ATCATGGTCTTCGGTC-1,SC24124_CTRL_ATCATGGTCTTCGGTC-1,IGHV1-9,IGHJ3,CARRGFYGNSWFAYW,IGKV1-117,IGKJ1,CFQGSHVPPTF
SRBC,NA,NA,TRUE,mouse,ATCCACCCAATGGACG-1,SC24124_CTRL_ATCCACCCAATGGACG-1,IGHV14-1,IGHJ1,CAPYGNYGRNFDVW,IGKV8-19,IGKJ4,CQNDYSYPFTF
SRBC,NA,NA,TRUE,mouse,ATCCACCCACTTAAGC-1,SC24124_CTRL_ATCCACCCACTTAAGC-1,IGHV1-75,IGHJ4,CARDGQLRLMDYW,IGKV13-84,IGKJ2,CQQYWSTPYTF
SRBC,NA,NA,TRUE,mouse,ATCCACCCATCGATTG-1,SC24124_CTRL_ATCCACCCATCGATTG-1,IGHV9-3,IGHJ2,CAKSHGPYYFDYW,IGLV1,IGLJ1,CALWYSNLWVF
SRBC,NA,NA,TRUE,mouse,ATCCACCGTCACTTCC-1,SC24124_CTRL_ATCCACCGTCACTTCC-1,IGHV1-72,IGHJ1,CARLYYGSSSYWYFDVW,IGKV9-124,IGKJ4,CLQYASYPFTF
SRBC,NA,NA,TRUE,mouse,ATCCGAAGTCCGAACC-1,SC24124_CTRL_ATCCGAAGTCCGAACC-1,IGHV1-87,IGHJ3,CARSQYGNYASFYW,IGKV8-24,IGKJ5,CQQHYSTPLTF
SRBC,NA,NA,TRUE,mouse,ATCCGAAGTGCCTTGG-1,SC24124_CTRL_ATCCGAAGTGCCTTGG-1,IGHV1-42-1,IGHJ2,CARNSYGYYFDYW,IGKV14-111,IGKJ5,CLQYDEFPLTF
SRBC,NA,NA,TRUE,mouse,ATCCGAAGTTAAGAAC-1,SC24124_CTRL_ATCCGAAGTTAAGAAC-1,IGHV1-64,IGHJ4,CARPGYGYVMDYW,IGKV2-109,IGKJ1,CAQNLELPWTF
SRBC,NA,NA,TRUE,mouse,ATCCGAATCCGTTGTC-1,SC24124_CTRL_ATCCGAATCCGTTGTC-1,IGHV1-12,IGHJ1,CARGPLYYGSSYYWYFDVW,IGKV6-13,IGKJ4,CQQFSGYPLTF
SRBC,NA,NA,TRUE,mouse,ATCGAGTAGGCTCTTA-1,SC24124_CTRL_ATCGAGTAGGCTCTTA-1,IGHV1-59,IGHJ2,CARGLRPLCYFDYW,IGKV8-27,IGKJ2,CHQYLSSYTF
SRBC,NA,NA,TRUE,mouse,ATCGAGTGTCATATGC-1,SC24124_CTRL_ATCGAGTGTCATATGC-1,IGHV2-5,IGHJ4,CATTFTAVVGMDYW,IGKV6-23,IGKJ2,CHQYSSYPYTF
SRBC,NA,NA,TRUE,mouse,ATCGAGTGTTCCAACA-1,SC24124_CTRL_ATCGAGTGTTCCAACA-1,IGHV5-12-1,IGHJ4,CARHRGPSPYYYAMDYW,IGKV14-111,IGKJ5,CLQYDEFPLTF
SRBC,NA,NA,TRUE,mouse,ATCGAGTGTTGGTAAA-1,SC24124_CTRL_ATCGAGTGTTGGTAAA-1,IGHV9-3-1,IGHJ4,CARHYRYDEDYAMDYW,IGKV1-117,IGKJ5,CFQGSHVPLTF
SRBC,NA,NA,TRUE,mouse,ATCGAGTTCGGAATCT-1,SC24124_CTRL_ATCGAGTTCGGAATCT-1,IGHV1-64,IGHJ4,CARSMYYYSKSDYSMDYW,IGKV1-110,IGKJ5,CSQSTHVPLTF
SRBC,NA,NA,TRUE,mouse,ATCTACTTCGGTCCGA-1,SC24124_CTRL_ATCTACTTCGGTCCGA-1,IGHV5-6,IGHJ2,CARHGGYDDGGYFDYW,IGKV5-39,IGKJ1,CQNGHSFPWTF
SRBC,NA,NA,TRUE,mouse,ATCTACTTCTGTCCGT-1,SC24124_CTRL_ATCTACTTCTGTCCGT-1,IGHV2-6-7,IGHJ4,CAREVYAMDYW,IGKV4-59,IGKJ5,CQQWSSNPLTF
SRBC,NA,NA,TRUE,mouse,ATCTGCCCATTGGGCC-1,SC24124_CTRL_ATCTGCCCATTGGGCC-1,IGHV1-72,IGHJ2,CARELLRSYYFDYW,IGKV1-88,IGKJ2,CLQGTHQPYTF
SRBC,NA,NA,TRUE,mouse,ATCTGCCTCTGCCCTA-1,SC24124_CTRL_ATCTGCCTCTGCCCTA-1,IGHV1-18-13,IGHJ4,CASSTYHYGSSYNYALDYW,IGKV10-96,IGKJ2,CQQGNTLPYTL
SRBC,NA,NA,TRUE,mouse,ATCTGCCTCTGTCCGT-1,SC24124_CTRL_ATCTGCCTCTGTCCGT-1,IGHV1-80,IGHJ4,CARNYGYVMDYW,IGKV16-104,IGKJ1,CQQHNEYPWTF
SRBC,NA,NA,TRUE,mouse,ATGAGGGAGATGCGAC-1,SC24124_CTRL_ATGAGGGAGATGCGAC-1,IGHV1-22,IGHJ2,CARGMVTTFDYW,IGKV1-117,IGKJ1,CFQGSHVPWTF
SRBC,NA,NA,TRUE,mouse,ATGAGGGGTGCAGTAG-1,SC24124_CTRL_ATGAGGGGTGCAGTAG-1,IGHV9-3-1,IGHJ1,CARRWDYGYYFDVW,IGKV5-48,IGKJ2,CQQSNSWPYTF
SRBC,NA,NA,TRUE,mouse,ATGCGATAGCACCGTC-1,SC24124_CTRL_ATGCGATAGCACCGTC-1,IGHV1-81,IGHJ4,CAREGGANWGYYYAMDYW,IGKV1-135,IGKJ1,CWQGTHFPQTF
SRBC,NA,NA,TRUE,mouse,ATGCGATCAAGGGTCA-1,SC24124_CTRL_ATGCGATCAAGGGTCA-1,IGHV1-4,IGHJ1,CAREKDYGSGYFDVW,IGKV14-111,IGKJ4,CLQYDEFPFTF
SRBC,NA,NA,TRUE,mouse,ATGGGAGCAAGACGTG-1,SC24124_CTRL_ATGGGAGCAAGACGTG-1,IGHV1-81,IGHJ3,CAKGSGYLFAYW,IGKV17-127,IGKJ5,CLQSDNMPLTF
SRBC,NA,NA,TRUE,mouse,ATGGGAGCAGGTCCAC-1,SC24124_CTRL_ATGGGAGCAGGTCCAC-1,IGHV1-18-65,IGHJ4,CARRPTAGAMDYW,IGKV5-43,IGKJ5,CQQSDSWPLTF
SRBC,NA,NA,TRUE,mouse,ATGGGAGCAGGTGCCT-1,SC24124_CTRL_ATGGGAGCAGGTGCCT-1,IGHV2-6-7,IGHJ2,CARDRFDYW,IGKV4-57,IGKJ2,CQQRSSYPYTF
SRBC,NA,NA,TRUE,mouse,ATGGGAGCATGGTTGT-1,SC24124_CTRL_ATGGGAGCATGGTTGT-1,IGHV14-4,IGHJ2,CNARRYDDDVYYFDYW,IGKV10-96,IGKJ1,CQQGNTLPPWTF
SRBC,NA,NA,TRUE,mouse,ATGGGAGTCCTGCAGG-1,SC24124_CTRL_ATGGGAGTCCTGCAGG-1,IGHV1-55,IGHJ1,CAIYYYGSRYGCFDVW,IGKV5-48,IGKJ4,CQQSNSWPFTF
SRBC,NA,NA,TRUE,mouse,ATGTGTGAGACCTTTG-1,SC24124_CTRL_ATGTGTGAGACCTTTG-1,IGHV2-5-1,IGHJ4,CAKRGVYYYAMDYW,IGKV1-117,IGKJ2,CFQGSHVPYTF
SRBC,NA,NA,TRUE,mouse,ATGTGTGAGATCCCAT-1,SC24124_CTRL_ATGTGTGAGATCCCAT-1,IGHV1-22,IGHJ4,CARRFHYAVDFW,IGKV17-121,IGKJ2,CLQSDNLPYTF
SRBC,NA,NA,TRUE,mouse,ATGTGTGAGTAATCCC-1,SC24124_CTRL_ATGTGTGAGTAATCCC-1,IGHV1-47-6,IGHJ4,CARHAMDYW,IGKV1-110,IGKJ4,CSQSTHVPFTF
SRBC,NA,NA,TRUE,mouse,ATGTGTGAGTAGATGT-1,SC24124_CTRL_ATGTGTGAGTAGATGT-1,IGHV2-2,IGHJ4,CARRGYAMDYW,IGKV6-23,IGKJ2,CQQYSSYPYTF
SRBC,NA,NA,TRUE,mouse,ATGTGTGGTTATCACG-1,SC24124_CTRL_ATGTGTGGTTATCACG-1,IGHV7-3,IGHJ1,CARRYFDVW,IGLV1,IGLJ1,CALWYSNHFVF
SRBC,NA,NA,TRUE,mouse,ATTACTCAGCGTGAAC-1,SC24124_CTRL_ATTACTCAGCGTGAAC-1,IGHV1-62-2,IGHJ3,CARHEDHYGNYVAFASW,IGKV1-88,IGKJ5,CLQGTHQPPTF
SRBC,NA,NA,TRUE,mouse,ATTACTCAGGACCACA-1,SC24124_CTRL_ATTACTCAGGACCACA-1,IGHV2-9,IGHJ3,CASRADYDYDWFAYW,IGKV3-7,IGKJ2,CQHSWEIPYTF
SRBC,NA,NA,TRUE,mouse,ATTACTCAGGCATGGT-1,SC24124_CTRL_ATTACTCAGGCATGGT-1,IGHV2-2,IGHJ2,CARTGTDYFDYW,IGKV2-137,IGKJ2,CMQHLEYPFTF
SRBC,NA,NA,TRUE,mouse,ATTACTCGTCACTTCC-1,SC24124_CTRL_ATTACTCGTCACTTCC-1,IGHV1-11,IGHJ2,CGRSHYGNSGYFDYW,IGKV10-96,IGKJ1,CQQGNTLPRTF
SRBC,NA,NA,TRUE,mouse,ATTACTCGTGGTGTAG-1,SC24124_CTRL_ATTACTCGTGGTGTAG-1,IGHV1-63,IGHJ3,CARDYGNSFAYW,IGKV1-88,IGKJ2,CLQGTHQPYTF
SRBC,NA,NA,TRUE,mouse,ATTACTCTCAGTTTGG-1,SC24124_CTRL_ATTACTCTCAGTTTGG-1,IGHV8-4-7,IGHJ4,CARSSGYPNYYAMDYW,IGKV10-96,IGKJ1,CQPGNTLPRTF
SRBC,NA,NA,TRUE,mouse,ATTATCCCAAAGGCGT-1,SC24124_CTRL_ATTATCCCAAAGGCGT-1,IGHV1-22,IGHJ3,CAREVIYDYDAWFAYW,IGKV3-7,IGKJ2,CQHSWEIPYTF
SRBC,NA,NA,TRUE,mouse,ATTATCCCAGCTGGCT-1,SC24124_CTRL_ATTATCCCAGCTGGCT-1,IGHV1-12,IGHJ1,CARAIYYGRFDWYFDVW,IGKV8-30,IGKJ2,CQQYYNCPYTF
SRBC,NA,NA,TRUE,mouse,ATTATCCGTTATCGGT-1,SC24124_CTRL_ATTATCCGTTATCGGT-1,IGHV1-64,IGHJ3,CARDYYGSSRAWFAYW,IGKV12-41,IGKJ1,CQHFWSTPWTF
SRBC,NA,NA,TRUE,mouse,ATTATCCTCGTCCGTT-1,SC24124_CTRL_ATTATCCTCGTCCGTT-1,IGHV1-47-27,IGHJ1,CARRDYGLEYFNVW,IGKV4-59,IGKJ2,CQQWSSHPPTF
SRBC,NA,NA,TRUE,mouse,ATTCTACAGGCGATAC-1,SC24124_CTRL_ATTCTACAGGCGATAC-1,IGHV2-9,IGHJ3,CAKEWPPFAYW,IGKV2-137,IGKJ2,CMQLLEYPYTF
SRBC,NA,NA,TRUE,mouse,ATTCTACCATCACAAC-1,SC24124_CTRL_ATTCTACCATCACAAC-1,IGHV9-3,IGHJ3,CARYYGGSPWFTYW,IGKV3-7,IGKJ1,CQHSWEIPTF
SRBC,NA,NA,TRUE,mouse,ATTCTACTCATGGTCA-1,SC24124_CTRL_ATTCTACTCATGGTCA-1,IGHV1-81,IGHJ3,CARPVYFQGFAYW,IGKV8-28,IGKJ2,CQNDHSYPFTF
SRBC,NA,NA,TRUE,mouse,ATTGGACAGACACGAC-1,SC24124_CTRL_ATTGGACAGACACGAC-1,IGHV5-6-3,IGHJ1,CASYYGSSYWYFDVW,IGLV2,IGLJ1,CALWYSTHWVF
SRBC,NA,NA,TRUE,mouse,ATTGGACAGCAATCTC-1,SC24124_CTRL_ATTGGACAGCAATCTC-1,IGHV1-7,IGHJ2,CARRGVHFDYW,IGKV14-111,IGKJ2,CLQYDEFPYTF
SRBC,NA,NA,TRUE,mouse,ATTGGACAGCTCCTCT-1,SC24124_CTRL_ATTGGACAGCTCCTCT-1,IGHV3-2,IGHJ4,CARFMIPYYYAMDYW,IGKV4-80,IGKJ1,CHQWSSWTF
SRBC,NA,NA,TRUE,mouse,ATTGGACCATCGATTG-1,SC24124_CTRL_ATTGGACCATCGATTG-1,IGHV2-2,IGHJ4,CASLPIYSMDYW,IGKV6-15,IGKJ2,CQQYNSYSYTF
SRBC,NA,NA,TRUE,mouse,ATTGGACCATGTCTCC-1,SC24124_CTRL_ATTGGACCATGTCTCC-1,IGHV6-3,IGHJ4,CTGPPGDYW,IGKV6-15,IGKJ2,CQQYNSYPLTF
SRBC,NA,NA,TRUE,mouse,ATTGGTGAGCATCATC-1,SC24124_CTRL_ATTGGTGAGCATCATC-1,IGHV5-4,IGHJ1,CARDYDYDVWYFDVW,IGKV1-110,IGKJ1,CSQSTHVFRTF
SRBC,NA,NA,TRUE,mouse,ATTGGTGCATTGGTAC-1,SC24124_CTRL_ATTGGTGCATTGGTAC-1,IGHV1-55,IGHJ3,CAREGILLPAWFAYW,IGKV1-117,IGKJ1,CFQGSHVPWTF
SRBC,NA,NA,TRUE,mouse,ATTGGTGGTAGCGATG-1,SC24124_CTRL_ATTGGTGGTAGCGATG-1,IGHV1-62-2,IGHJ2,CVRLEDYYGSDYW,IGKV2-137,IGKJ2,CMQHLEYPYTF
SRBC,NA,NA,TRUE,mouse,ATTGGTGGTCTAGCCG-1,SC24124_CTRL_ATTGGTGGTCTAGCCG-1,IGHV1-58,IGHJ2,CASWEMDFW,IGKV1-135,IGKJ2,CWQGTHFPYTF
SRBC,NA,NA,TRUE,mouse,ATTGGTGGTTTGTTTC-1,SC24124_CTRL_ATTGGTGGTTTGTTTC-1,IGHV1-72,IGHJ2,CARGYYGPDYW,IGKV1-135,IGKJ1,CWQGTHFPWTF
SRBC,NA,NA,TRUE,mouse,ATTTCTGAGACAAGCC-1,SC24124_CTRL_ATTTCTGAGACAAGCC-1,IGHV7-3,IGHJ4,CARWRVTTYAMDYW,IGKV10-96,IGKJ1,CQQGNTLPWTF
SRBC,NA,NA,TRUE,mouse,ATTTCTGAGCTAGGCA-1,SC24124_CTRL_ATTTCTGAGCTAGGCA-1,IGHV1-64,IGHJ2,CARRGVLYVFDYW,IGKV12-44,IGKJ4,CQHHYGTPFTF
SRBC,NA,NA,TRUE,mouse,ATTTCTGGTTTAGCTG-1,SC24124_CTRL_ATTTCTGGTTTAGCTG-1,IGHV1-63,IGHJ2,CARGNAYLDYW,IGKV8-30,IGKJ1,CQQYYSYPRTF
SRBC,NA,NA,TRUE,mouse,ATTTCTGTCTATCCCG-1,SC24124_CTRL_ATTTCTGTCTATCCCG-1,IGHV5-17,IGHJ3,CTRGAYGNYWFAYW,IGKV6-23,IGKJ5,CQQYSSYPLTF
SRBC,NA,NA,TRUE,mouse,CAACCAACACGAGGTA-1,SC24124_CTRL_CAACCAACACGAGGTA-1,IGHV1-47-36,IGHJ4,CARSLGYAMDYW,IGKV8-24,IGKJ5,CQQHYSTFTF
SRBC,NA,NA,TRUE,mouse,CAACCAAGTAGAGGAA-1,SC24124_CTRL_CAACCAAGTAGAGGAA-1,IGHV1-62-2,IGHJ3,CARHEEYYGSTYVEFAFW,IGKV2-137,IGKJ2,CMQHLEYPYTF
SRBC,NA,NA,TRUE,mouse,CAACCAAGTTAAAGAC-1,SC24124_CTRL_CAACCAAGTTAAAGAC-1,IGHV1-71-4,IGHJ3,CAREWTYW,IGKV14-111,IGKJ4,CLQYNEFPFTF
SRBC,NA,NA,TRUE,mouse,CAACCTCCAATGGAAT-1,SC24124_CTRL_CAACCTCCAATGGAAT-1,IGHV1-47-14,IGHJ4,CTRGNYYDYDDYSMDYW,IGKV2-109,IGKJ1,CAQNLELPPTF
SRBC,NA,NA,TRUE,mouse,CAACCTCGTATTACCG-1,SC24124_CTRL_CAACCTCGTATTACCG-1,IGHV1-74,IGHJ1,CSPHYYSSGVWFFDVW,IGKV3-2,IGKJ2,CQQSKEVPYTF
SRBC,NA,NA,TRUE,mouse,CAACCTCTCACGACTA-1,SC24124_CTRL_CAACCTCTCACGACTA-1,IGHV1-9,IGHJ1,CARRRYYGSDWYFDVW,IGKV1-110,IGKJ5,CSQSTHVPLTF
SRBC,NA,NA,TRUE,mouse,CAACCTCTCAGTTGAC-1,SC24124_CTRL_CAACCTCTCAGTTGAC-1,IGHV1-80,IGHJ2,CARGLGYYFDYW,IGKV4-91,IGKJ4,CQQGSSIPFTF
SRBC,NA,NA,TRUE,mouse,CAACTAGAGCGCCTCA-1,SC24124_CTRL_CAACTAGAGCGCCTCA-1,IGHV1-39,IGHJ4,CARSGWLLRGDYAMDYW,IGKV1-110,IGKJ5,CSQSTHVPLTF
SRBC,NA,NA,TRUE,mouse,CAACTAGCACGCATCG-1,SC24124_CTRL_CAACTAGCACGCATCG-1,IGHV1-81,IGHJ2,CARRADGDYW,IGKV10-94,IGKJ2,CQQYSKLPYTF
SRBC,NA,NA,TRUE,mouse,CAAGAAAAGTAACCCT-1,SC24124_CTRL_CAAGAAAAGTAACCCT-1,IGHV1-55,IGHJ2,CARGDYGSSWDYW,IGKV14-111,IGKJ1,CLQYDEFPRTF
SRBC,NA,NA,TRUE,mouse,CAAGAAACACAAGACG-1,SC24124_CTRL_CAAGAAACACAAGACG-1,IGHV1-26,IGHJ4,CGACRWDGAMDYW,IGKV12-44,IGKJ2,CQHHYGTPYTF
SRBC,NA,NA,TRUE,mouse,CAAGAAAGTTGACGTT-1,SC24124_CTRL_CAAGAAAGTTGACGTT-1,IGHV1-9,IGHJ4,CAYGGSMDYW,IGKV17-127,IGKJ5,CLQSDNMPLTF
SRBC,NA,NA,TRUE,mouse,CAAGAAATCACGCGGT-1,SC24124_CTRL_CAAGAAATCACGCGGT-1,IGHV14-3,IGHJ2,CARPYYDYSYFDYW,IGKV3-5,IGKJ2,CQQSNEDPTF
SRBC,NA,NA,TRUE,mouse,CAAGAAATCTCTTGAT-1,SC24124_CTRL_CAAGAAATCTCTTGAT-1,IGHV1-47-1,IGHJ2,CARFRLRGDYFDYW,IGKV8-24,IGKJ5,CQQHYSTPLTF
SRBC,NA,NA,TRUE,mouse,CAAGATCGTGCCTGCA-1,SC24124_CTRL_CAAGATCGTGCCTGCA-1,IGHV1-4,IGHJ4,CAKDYRYDGAMDYW,IGKV6-17,IGKJ1,CQQHYSTPWTF
SRBC,NA,NA,TRUE,mouse,CAAGATCTCCGATATG-1,SC24124_CTRL_CAAGATCTCCGATATG-1,IGHV5-15,IGHJ2,CARHAPNWYYFDYW,IGKV4-68,IGKJ5,CQQWSTNPPTF
SRBC,NA,NA,TRUE,mouse,CAAGGCCAGGACGAAA-1,SC24124_CTRL_CAAGGCCAGGACGAAA-1,IGHV1-7,IGHJ2,CARRTTVVPYCFDYW,IGKV2-137,IGKJ5,CMQHLEYPLTF
SRBC,NA,NA,TRUE,mouse,CAAGGCCGTCGAACAG-1,SC24124_CTRL_CAAGGCCGTCGAACAG-1,IGHV1-9,IGHJ4,CASRAYYGNYGAMDYW,IGKV1-110,IGKJ1,CSQSTHVPWTF
SRBC,NA,NA,TRUE,mouse,CAAGGCCGTGCAGGTA-1,SC24124_CTRL_CAAGGCCGTGCAGGTA-1,IGHV1-81,IGHJ2,CAGNYGSSYSYYFDYW,IGKV12-44,IGKJ2,CQHHYGIPYTF
SRBC,NA,NA,TRUE,mouse,CAAGGCCTCAAACAAG-1,SC24124_CTRL_CAAGGCCTCAAACAAG-1,IGHV1-9,IGHJ3,CARRPYYDYDGTFAYW,IGKV1-110,IGKJ5,CSQSTHVPPTF
SRBC,NA,NA,TRUE,mouse,CAAGGCCTCTGTCAAG-1,SC24124_CTRL_CAAGGCCTCTGTCAAG-1,IGHV9-3,IGHJ3,CASGGLLLPTWFAYW,IGKV1-117,IGKJ1,CFQGSRVPRTF
SRBC,NA,NA,TRUE,mouse,CAAGTTGCAAGTTCTG-1,SC24124_CTRL_CAAGTTGCAAGTTCTG-1,IGHV1-63,IGHJ1,CARQGYGSTNSYFDVW,IGKV5-39,IGKJ1,CQNGHSFPWTF
SRBC,NA,NA,TRUE,mouse,CAAGTTGTCTTGTTTG-1,SC24124_CTRL_CAAGTTGTCTTGTTTG-1,IGHV5-6-3,IGHJ4,CARDNYDYAMDYW,IGKV3-12,IGKJ5,CQHSREFPLTF
SRBC,NA,NA,TRUE,mouse,CACAAACCAACTGCGC-1,SC24124_CTRL_CACAAACCAACTGCGC-1,IGHV9-2-1,IGHJ1,CASPLVPVKGYWYFDVW,IGKV12-41,IGKJ1,CQHFWSTPWTF
SRBC,NA,NA,TRUE,mouse,CACAAACCATCGATGT-1,SC24124_CTRL_CACAAACCATCGATGT-1,IGHV1-82,IGHJ2,CARDSSGYPDYW,IGKV6-23,IGKJ4,CQQYSSYPFTF
SRBC,NA,NA,TRUE,mouse,CACACAAAGGCCCTTG-1,SC24124_CTRL_CACACAAAGGCCCTTG-1,IGHV1-59,IGHJ1,CARALSLRWGYFDVW,IGKV8-27,IGKJ1,CHQYLSSWTF
SRBC,NA,NA,TRUE,mouse,CACACAACAGCTATTG-1,SC24124_CTRL_CACACAACAGCTATTG-1,IGHV1-52,IGHJ2,CAREGLLRYFDYW,IGKV12-44,IGKJ1,CQHHYGTPPEWTF
SRBC,NA,NA,TRUE,mouse,CACACAAGTAAAGTCA-1,SC24124_CTRL_CACACAAGTAAAGTCA-1,IGHV5-9,IGHJ4,CARHGYYGSYAMDYW,IGKV5-43,IGKJ1,CQQSDSWPRTF
SRBC,NA,NA,TRUE,mouse,CACACCTAGGTGCAAC-1,SC24124_CTRL_CACACCTAGGTGCAAC-1,IGHV9-3,IGHJ2,CARGSLGLGYW,IGKV17-127,IGKJ2,CLQSDNMPYTF
SRBC,NA,NA,TRUE,mouse,CACACCTCAATGAATG-1,SC24124_CTRL_CACACCTCAATGAATG-1,IGHV1-69,IGHJ3,CARFAYGSREFAYW,IGKV6-25,IGKJ1,CQQHYSTPWTF
SRBC,NA,NA,TRUE,mouse,CACACCTGTCCTCTTG-1,SC24124_CTRL_CACACCTGTCCTCTTG-1,IGHV8-4-6,IGHJ2,CARITYYGRFDYW,IGKV2-109,IGKJ1,CAQNLELPWTF
SRBC,NA,NA,TRUE,mouse,CACACTCCACCATGTA-1,SC24124_CTRL_CACACTCCACCATGTA-1,IGHV1-86,IGHJ1,CARKGFDGSNYVGWYFDVW,IGKV12-46,IGKJ2,CQHFWGTPYTF
SRBC,NA,NA,TRUE,mouse,CACACTCCATTAACCG-1,SC24124_CTRL_CACACTCCATTAACCG-1,IGHV1-64,IGHJ2,CARGDSLRRDFDYW,IGKV1-135,IGKJ1,CWQGIHLPQTF
SRBC,NA,NA,TRUE,mouse,CACACTCTCACGCGGT-1,SC24124_CTRL_CACACTCTCACGCGGT-1,IGHV1-84,IGHJ3,CARREDGISWFPYW,IGKV1-117,IGKJ1,CFQGSHVPWTF
SRBC,NA,NA,TRUE,mouse,CACACTCTCCGTAGTA-1,SC24124_CTRL_CACACTCTCCGTAGTA-1,IGHV2-2,IGHJ4,CARKGYVMDYW,IGKV6-23,IGKJ5,CQQYSSYPLTF
SRBC,NA,NA,TRUE,mouse,CACACTCTCCTTGCCA-1,SC24124_CTRL_CACACTCTCCTTGCCA-1,IGHV1-42-1,IGHJ4,CARRGISLFTTTVVDVMDYW,IGKV1-110,IGKJ2,CSQSTHVPYTF
SRBC,NA,NA,TRUE,mouse,CACAGGCAGAGTGACC-1,SC24124_CTRL_CACAGGCAGAGTGACC-1,IGHV1-71-1,IGHJ4,CARGGYPVRYYAMDYW,IGKV16-104,IGKJ1,CQQHNEYPWTF
SRBC,NA,NA,TRUE,mouse,CACAGTAAGCCGCCTA-1,SC24124_CTRL_CACAGTAAGCCGCCTA-1,IGHV1-7,IGHJ4,CARSVYYRYEYYYAMDYW,IGKV1-117,IGKJ2,CFQGSHVPYTF
SRBC,NA,NA,TRUE,mouse,CACATAGAGGTGTTAA-1,SC24124_CTRL_CACATAGAGGTGTTAA-1,IGHV2-2,IGHJ4,CARKGYGMDYW,IGKV6-23,IGKJ2,CQQYSRYPYTF
SRBC,NA,NA,TRUE,mouse,CACATAGCATCCAACA-1,SC24124_CTRL_CACATAGCATCCAACA-1,IGHV1-64,IGHJ2,CASLTTVVAMDYW,IGKV6-15,IGKJ2,CQQYNSYPYTF
SRBC,NA,NA,TRUE,mouse,CACATAGTCAGAGACG-1,SC24124_CTRL_CACATAGTCAGAGACG-1,IGHV1-7,IGHJ4,CATGANWYAMDYW,IGKV5-43,IGKJ2,CQQSNNWPYTF
SRBC,NA,NA,TRUE,mouse,CACATAGTCATCTGTT-1,SC24124_CTRL_CACATAGTCATCTGTT-1,IGHV1-66,IGHJ3,CARGDGQLRGFAYW,IGKV15-103,IGKJ1,CQQGQSYPWTF
SRBC,NA,NA,TRUE,mouse,CACATTTAGGATGCGT-1,SC24124_CTRL_CACATTTAGGATGCGT-1,IGHV1-80,IGHJ3,CARKDGYWFADW,IGKV6-23,IGKJ5,CQQYSSYPLTF
SRBC,NA,NA,TRUE,mouse,CACATTTAGTCCAGGA-1,SC24124_CTRL_CACATTTAGTCCAGGA-1,IGHV8-12,IGHJ4,CARRAGQLGPLYAMDYW,IGKV4-72,IGKJ1,CQQWSSNPPTF
SRBC,NA,NA,TRUE,mouse,CACATTTAGTGTTGAA-1,SC24124_CTRL_CACATTTAGTGTTGAA-1,IGHV1-9,IGHJ3,CARRPYYDYDGTFTYW,IGKV1-110,IGKJ5,CSQSTHVPPTF
SRBC,NA,NA,TRUE,mouse,CACATTTCAAGCGCTC-1,SC24124_CTRL_CACATTTCAAGCGCTC-1,IGHV14-3,IGHJ1,CARGDDYGGWYFDVW,IGKV5-48,IGKJ4,CQQSNSWPFTF
SRBC,NA,NA,TRUE,mouse,CACATTTTCGGATGTT-1,SC24124_CTRL_CACATTTTCGGATGTT-1,IGHV1-9,IGHJ1,CARRNYYGSRGAWWFDVW,IGKV1-117,IGKJ1,CFQGSLVPWTF
SRBC,NA,NA,TRUE,mouse,CACATTTTCTCTAGGA-1,SC24124_CTRL_CACATTTTCTCTAGGA-1,IGHV1-7,IGHJ4,CARRGNYDYAMDYW,IGKV5-48,IGKJ4,CQQSNNWPFTF
SRBC,NA,NA,TRUE,mouse,CACCACTAGACTAGGC-1,SC24124_CTRL_CACCACTAGACTAGGC-1,IGHV1-4,IGHJ4,CAKDYRYDGAMDYW,IGKV6-17,IGKJ1,CHQHYSSPWTF
SRBC,NA,NA,TRUE,mouse,CACCACTCAATCACAC-1,SC24124_CTRL_CACCACTCAATCACAC-1,IGHV1-72,IGHJ2,CARGNYYAVFDYW,IGKV8-28,IGKJ2,CQNDHSYPYTF
SRBC,NA,NA,TRUE,mouse,CACCACTGTCCAGTTA-1,SC24124_CTRL_CACCACTGTCCAGTTA-1,IGHV9-2-1,IGHJ4,CARRGLPKDAMDYW,IGKV3-5,IGKJ5,CQQSNEDPLTF
SRBC,NA,NA,TRUE,mouse,CACCAGGAGCTGTTCA-1,SC24124_CTRL_CACCAGGAGCTGTTCA-1,IGHV2-9,IGHJ3,CARDRGDYDGAWFAYW,IGKV14-111,IGKJ5,CLQYDEFPLTF
SRBC,NA,NA,TRUE,mouse,CACCAGGCATGACATC-1,SC24124_CTRL_CACCAGGCATGACATC-1,IGHV9-3,IGHJ2,CARRGEVYYGNGGTLDYW,IGKV1-117,IGKJ5,CFQGSHVPLTF
SRBC,NA,NA,TRUE,mouse,CACCTTGAGACTAAGT-1,SC24124_CTRL_CACCTTGAGACTAAGT-1,IGHV1-42,IGHJ2,CARRYYYGSSHFDYW,IGKV1-117,IGKJ5,CFQGSHVPLTF
SRBC,NA,NA,TRUE,mouse,CACCTTGCACAAGTAA-1,SC24124_CTRL_CACCTTGCACAAGTAA-1,IGHV1-55,IGHJ4,CARLRRGIYYGNYAMDYW,IGKV6-15,IGKJ5,CQQYNSYPLTF
SRBC,NA,NA,TRUE,mouse,CACTCCACATGCGCAC-1,SC24124_CTRL_CACTCCACATGCGCAC-1,IGHV1-87,IGHJ1,CANYDGWYFDVW,IGKV14-111,IGKJ5,CLQYDEFPLTF
SRBC,NA,NA,TRUE,mouse,CACTCCAGTTCACGGC-1,SC24124_CTRL_CACTCCAGTTCACGGC-1,IGHV9-2-1,IGHJ3,CAPYYGYDPFAYW,IGKV2-137,IGKJ2,CMQHLEYPYTF
SRBC,NA,NA,TRUE,mouse,CAGAATCGTACCGCTG-1,SC24124_CTRL_CAGAATCGTACCGCTG-1,IGHV1-26,IGHJ4,CATTTVVALYAMDYW,IGKV4-61,IGKJ1,CQQYHSYPRTF
SRBC,NA,NA,TRUE,mouse,CAGAGAGAGCGAGAAA-1,SC24124_CTRL_CAGAGAGAGCGAGAAA-1,IGHV9-3,IGHJ1,CARAPYWYFDVW,IGKV6-17,IGKJ2,CQQHYSTPYTF
SRBC,NA,NA,TRUE,mouse,CAGAGAGGTACGACCC-1,SC24124_CTRL_CAGAGAGGTACGACCC-1,IGHV5-6,IGHJ2,CARHGGYDDGGYFDYW,IGKV5-39,IGKJ1,CQNGHSFPWTF
SRBC,NA,NA,TRUE,mouse,CAGAGAGGTACTTGAC-1,SC24124_CTRL_CAGAGAGGTACTTGAC-1,IGHV1-18,IGHJ2,CARRASSGSYFDYW,IGKV12-46,IGKJ1,CQHFWVSPPTF
SRBC,NA,NA,TRUE,mouse,CAGATCAGTTACCGAT-1,SC24124_CTRL_CAGATCAGTTACCGAT-1,IGHV6-3,IGHJ3,CTGRDYDWFAYW,IGLV1,IGLJ1,CALWYSNHWVF
SRBC,NA,NA,TRUE,mouse,CAGATCATCCAAAGTC-1,SC24124_CTRL_CAGATCATCCAAAGTC-1,IGHV9-2-1,IGHJ4,CARWGYGSDYYVMDYW,IGKV6-32,IGKJ1,CQQDYSSPWTF
SRBC,NA,NA,TRUE,mouse,CAGATCATCCAGAGGA-1,SC24124_CTRL_CAGATCATCCAGAGGA-1,IGHV5-9,IGHJ3,CARHASLYYGRAPFAYW,IGKV9-124,IGKJ1,CLQYASYPWTF
SRBC,NA,NA,TRUE,mouse,CAGCAGCAGCGTGTCC-1,SC24124_CTRL_CAGCAGCAGCGTGTCC-1,IGHV5-12-1,IGHJ4,CASRTYYYGSNYYAMDYW,IGKV3-2,IGKJ4,CQQSKEVPFTF
SRBC,NA,NA,TRUE,mouse,CAGCAGCGTTGAGTTC-1,SC24124_CTRL_CAGCAGCGTTGAGTTC-1,IGHV1-42-1,IGHJ4,CARDYYGRAMDYW,IGKV10-94,IGKJ4,CQQYSKFPFTF
SRBC,NA,NA,TRUE,mouse,CAGCAGCTCAGTTTGG-1,SC24124_CTRL_CAGCAGCTCAGTTTGG-1,IGHV1-42,IGHJ4,CARRPFYGNPYMDYW,IGKV1-110,IGKJ4,CSQSTHVPFTF
SRBC,NA,NA,TRUE,mouse,CAGCAGCTCGCCTGTT-1,SC24124_CTRL_CAGCAGCTCGCCTGTT-1,IGHV2-9,IGHJ1,CAREGLLREYFDVW,IGKV6-15,IGKJ5,CQQYNSYPLTF
SRBC,NA,NA,TRUE,mouse,CAGCAGCTCTGGAGCC-1,SC24124_CTRL_CAGCAGCTCTGGAGCC-1,IGHV1-42,IGHJ4,CARRHYYGSSFTMDYW,IGKV1-117,IGKJ1,CFQGSHVPWTF
SRBC,NA,NA,TRUE,mouse,CAGCATAAGCGTTCCG-1,SC24124_CTRL_CAGCATAAGCGTTCCG-1,IGHV1-64,IGHJ2,CARKSFYGSTYFDYW,IGKV1-117,IGKJ5,CFQGSHVPLTF
SRBC,NA,NA,TRUE,mouse,CAGCATAAGGCTAGGT-1,SC24124_CTRL_CAGCATAAGGCTAGGT-1,IGHV2-2,IGHJ4,CARNSGLFYAMDYW,IGKV6-25,IGKJ1,CQQHYSTPWTF
SRBC,NA,NA,TRUE,mouse,CAGCATACAATCACAC-1,SC24124_CTRL_CAGCATACAATCACAC-1,IGHV1-12,IGHJ1,CARGYFDVW,IGKV1-110,IGKJ2,CSQSTHVPYTF
SRBC,NA,NA,TRUE,mouse,CAGCATACACATGTGT-1,SC24124_CTRL_CAGCATACACATGTGT-1,IGHV1-74,IGHJ4,CAIKSSPSCYAMDYW,IGKV4-74,IGKJ2,CHQFHRSPYTF
SRBC,NA,NA,TRUE,mouse,CAGCATACACTGTCGG-1,SC24124_CTRL_CAGCATACACTGTCGG-1,IGHV1-64,IGHJ4,CARWDTYYAMDYW,IGKV14-111,IGKJ1,CLQYDEFPWTF
SRBC,NA,NA,TRUE,mouse,CAGCATAGTCGGCATC-1,SC24124_CTRL_CAGCATAGTCGGCATC-1,IGHV2-2,IGHJ3,CARNHIPTAQALFAYW,IGKV12-44,IGKJ1,CQHHYGTPWTF
SRBC,NA,NA,TRUE,mouse,CAGCATATCTCCGGTT-1,SC24124_CTRL_CAGCATATCTCCGGTT-1,IGHV1-50,IGHJ3,CARMGTGTGTWFAYW,IGKV4-61,IGKJ1,CQQYHSYPRTF
SRBC,NA,NA,TRUE,mouse,CAGCCGAAGCCACGTC-1,SC24124_CTRL_CAGCCGAAGCCACGTC-1,IGHV1-75,IGHJ2,CARYPPPYYFDYW,IGKV10-96,IGKJ1,CQQGNTLPWTF
SRBC,NA,NA,TRUE,mouse,CAGCCGAAGTAGCGGT-1,SC24124_CTRL_CAGCCGAAGTAGCGGT-1,IGHV1-47-30,IGHJ4,CARHEDYYDYDGYAMDYW,IGKV2-137,IGKJ2,CMQHLEYPYTF
SRBC,NA,NA,TRUE,mouse,CAGCCGACATAGACTC-1,SC24124_CTRL_CAGCCGACATAGACTC-1,IGHV1-11,IGHJ3,CGMGYDYGISYW,IGKV5-39,IGKJ5,CQNGHSFPLTF
SRBC,NA,NA,TRUE,mouse,CAGCCGAGTAAACGCG-1,SC24124_CTRL_CAGCCGAGTAAACGCG-1,IGHV2-9,IGHJ3,CARGGNYDYDAGFAYW,IGKV12-44,IGKJ1,CQHHYGTPWTF
SRBC,NA,NA,TRUE,mouse,CAGCGACAGACAGACC-1,SC24124_CTRL_CAGCGACAGACAGACC-1,IGHV14-3,IGHJ2,CARGGDFDYW,IGKV4-57,IGKJ5,CQQRSSYPLTF
SRBC,NA,NA,TRUE,mouse,CAGCGACAGTCCCACG-1,SC24124_CTRL_CAGCGACAGTCCCACG-1,IGHV14-3,IGHJ2,CSRRYYGSSFDYW,IGKV13-84,IGKJ5,CQQYCITPLTF
SRBC,NA,NA,TRUE,mouse,CAGCGACAGTGTGGCA-1,SC24124_CTRL_CAGCGACAGTGTGGCA-1,IGHV1-47-1,IGHJ1,CASPGGYFDVW,IGKV1-110,IGKJ2,CSQSTHVPYTF
SRBC,NA,NA,TRUE,mouse,CAGCGACCAATCCGAT-1,SC24124_CTRL_CAGCGACCAATCCGAT-1,IGHV4-1,IGHJ1,CARPNSLLRLGYFDVW,IGKV12-46,IGKJ1,CQHFWGTPPTF
SRBC,NA,NA,TRUE,mouse,CAGCGACCAGTCGATT-1,SC24124_CTRL_CAGCGACCAGTCGATT-1,IGHV1-9,IGHJ2,CARNYYGSSGGNYW,IGKV8-27,IGKJ1,CHQYLSSWTF
SRBC,NA,NA,TRUE,mouse,CAGCGACCAGTTCCCT-1,SC24124_CTRL_CAGCGACCAGTTCCCT-1,IGHV1-53,IGHJ2,CARERYYYGSSEGYW,IGKV10-96,IGKJ1,CQQGKTLPWTF
SRBC,NA,NA,TRUE,mouse,CAGCTAACAGCCTATA-1,SC24124_CTRL_CAGCTAACAGCCTATA-1,IGHV1-14,IGHJ2,CARGGNYVFDYW,IGKV1-110,IGKJ1,CSQSTHVPWTF
SRBC,NA,NA,TRUE,mouse,CAGCTGGCATCAGTCA-1,SC24124_CTRL_CAGCTGGCATCAGTCA-1,IGHV6-6,IGHJ2,CTRPYLTGTYYFDYW,IGKV5-39,IGKJ5,CQNGHSFPLTF
SRBC,NA,NA,TRUE,mouse,CAGCTGGGTTCATGGT-1,SC24124_CTRL_CAGCTGGGTTCATGGT-1,IGHV1-47-17,IGHJ3,CASYYDLFAYW,IGKV14-111,IGKJ5,CLQYDEFPLTF
SRBC,NA,NA,TRUE,mouse,CAGGTGCTCCTTGACC-1,SC24124_CTRL_CAGGTGCTCCTTGACC-1,IGHV1-18-4,IGHJ1,CARGGRWYFDVW,IGKV6-15,IGKJ5,CQQYNSYPLTF
SRBC,NA,NA,TRUE,mouse,CAGTAACAGACATAAC-1,SC24124_CTRL_CAGTAACAGACATAAC-1,IGHV1-14,IGHJ4,CARSGIILRLQAMDYW,IGKV16-104,IGKJ1,CQQHNEYPWTF
SRBC,NA,NA,TRUE,mouse,CAGTAACAGGACTGGT-1,SC24124_CTRL_CAGTAACAGGACTGGT-1,IGHV1-7,IGHJ1,CARTYYYGEGYFDVW,IGKV1-110,IGKJ1,CSQSTHVPWTF
SRBC,NA,NA,TRUE,mouse,CAGTAACCATGGTTGT-1,SC24124_CTRL_CAGTAACCATGGTTGT-1,IGHV1-9,IGHJ4,CAYGNAMDYW,IGKV17-127,IGKJ2,CLQSDNMPLTF
SRBC,NA,NA,TRUE,mouse,CAGTAACGTACGCTGC-1,SC24124_CTRL_CAGTAACGTACGCTGC-1,IGHV1-12,IGHJ2,CARGGKSYYGSDFDYW,IGKV9-124,IGKJ1,CLQYASYPWTF
SRBC,NA,NA,TRUE,mouse,CAGTAACGTGACCAAG-1,SC24124_CTRL_CAGTAACGTGACCAAG-1,IGHV5-2,IGHJ1,CARRDWDGGYFDVW,IGKV19-93,IGKJ1,CLQYDNLWTF
SRBC,NA,NA,TRUE,mouse,CAGTAACGTGTCCTCT-1,SC24124_CTRL_CAGTAACGTGTCCTCT-1,IGHV5-4,IGHJ2,CARDGYDPYFDYW,IGKV12-44,IGKJ1,CQHHYGTPRTF
SRBC,NA,NA,TRUE,mouse,CAGTAACGTTATCCGA-1,SC24124_CTRL_CAGTAACGTTATCCGA-1,IGHV14-3,IGHJ3,CARGGYDLFAYW,IGKV3-5,IGKJ2,CQQSNEDPYTF
SRBC,NA,NA,TRUE,mouse,CAGTCCTAGATCACGG-1,SC24124_CTRL_CAGTCCTAGATCACGG-1,IGHV1-75,IGHJ1,CARSDYYGSSYGWYFDVW,IGKV3-5,IGKJ2,CQQSNEDPYTF
SRBC,NA,NA,TRUE,mouse,CAGTCCTCAATACGCT-1,SC24124_CTRL_CAGTCCTCAATACGCT-1,IGHV1-18-11,IGHJ4,CARWSYYDYDGYAMDYW,IGKV1-117,IGKJ1,CFQGSHVPPTF
SRBC,NA,NA,TRUE,mouse,CAGTCCTCACCACCAG-1,SC24124_CTRL_CAGTCCTCACCACCAG-1,IGHV1-7,IGHJ2,CARRSYDYDEDFDYW,IGKV14-111,IGKJ1,CLQYDEFPPWTF
SRBC,NA,NA,TRUE,mouse,CAGTCCTTCCTAGAAC-1,SC24124_CTRL_CAGTCCTTCCTAGAAC-1,IGHV1-47-23,IGHJ2,CARNVGYYFDYW,IGKV6-23,IGKJ2,CQQYSSYPLTF
SRBC,NA,NA,TRUE,mouse,CAGTCCTTCGCCCTTA-1,SC24124_CTRL_CAGTCCTTCGCCCTTA-1,IGHV9-3,IGHJ3,CASRGYGHW,IGLV1,IGLJ1,CALWYSNHWVF
SRBC,NA,NA,TRUE,mouse,CATATGGAGGTACTCT-1,SC24124_CTRL_CATATGGAGGTACTCT-1,IGHV5-6-5,IGHJ3,CARAGYYGSSFAYW,IGKV6-23,IGKJ5,CQQYSSYPLTF
SRBC,NA,NA,TRUE,mouse,CATATGGAGTCCCACG-1,SC24124_CTRL_CATATGGAGTCCCACG-1,IGHV1-47-11,IGHJ3,CARLLRQAFAYW,IGKV6-15,IGKJ5,CQQYNSYPLTF
SRBC,NA,NA,TRUE,mouse,CATATGGCACGGCTAC-1,SC24124_CTRL_CATATGGCACGGCTAC-1,IGHV1-47-30,IGHJ1,CARHEGRYFDVW,IGKV2-137,IGKJ4,CMQHLEYPFTF
SRBC,NA,NA,TRUE,mouse,CATATGGCATCACGAT-1,SC24124_CTRL_CATATGGCATCACGAT-1,IGHV11-2,IGHJ3,CMRSYYYGSSYVWFAYW,IGKV17-121,IGKJ4,CLQSDNLPFTF
SRBC,NA,NA,TRUE,mouse,CATATGGGTGTTTGTG-1,SC24124_CTRL_CATATGGGTGTTTGTG-1,IGHV1-81,IGHJ4,CARSVIYYYGSSYNAMDYW,IGKV1-135,IGKJ1,CWQGTHFPRTF
SRBC,NA,NA,TRUE,mouse,CATATGGTCCAGAGGA-1,SC24124_CTRL_CATATGGTCCAGAGGA-1,IGHV2-6-5,IGHJ3,CAKPPYW,IGKV1-117,IGKJ2,CFQGSHVPYTF
SRBC,NA,NA,TRUE,mouse,CATATTCCAATGGTCT-1,SC24124_CTRL_CATATTCCAATGGTCT-1,IGHV2-2,IGHJ4,CARNRGTFYLAMDYW,IGKV6-23,IGKJ5,CQQYSSYPLTF
SRBC,NA,NA,TRUE,mouse,CATATTCCACGGCCAT-1,SC24124_CTRL_CATATTCCACGGCCAT-1,IGHV12-1-1,IGHJ1,CSRENHGGHTPFDVW,IGKV19-93,IGKJ2,CLQYDNLLYTF
SRBC,NA,NA,TRUE,mouse,CATATTCGTGACAAAT-1,SC24124_CTRL_CATATTCGTGACAAAT-1,IGHV1-81,IGHJ1,CARFDGSSYWYFDVW,IGKV3-2,IGKJ2,CQQSKEVPYTF
SRBC,NA,NA,TRUE,mouse,CATATTCTCAGTACGT-1,SC24124_CTRL_CATATTCTCAGTACGT-1,IGHV5-6,IGHJ4,CARHKYGHYDIIYYAMDYW,IGKV6-17,IGKJ5,CQQHYSTPLTF
SRBC,NA,NA,TRUE,mouse,CATATTCTCCCATTTA-1,SC24124_CTRL_CATATTCTCCCATTTA-1,IGHV1-62-2,IGHJ3,CARHEEDYVKYVGFAYW,IGKV2-137,IGKJ2,CMQHLEYPYTF
SRBC,NA,NA,TRUE,mouse,CATATTCTCGATAGAA-1,SC24124_CTRL_CATATTCTCGATAGAA-1,IGHV1-72,IGHJ1,CARPYGSSYWYFDVW,IGKV17-121,IGKJ5,CLQSDNLPLTF
SRBC,NA,NA,TRUE,mouse,CATCAAGAGACAAGCC-1,SC24124_CTRL_CATCAAGAGACAAGCC-1,IGHV2-9,IGHJ4,CARDLYSYVMDYW,IGKV12-44,IGKJ1,CQHHYGTPWTF
SRBC,NA,NA,TRUE,mouse,CATCAAGCAAGGTTCT-1,SC24124_CTRL_CATCAAGCAAGGTTCT-1,IGHV1-62-2,IGHJ1,CARHGDWYFDVW,IGKV2-137,IGKJ2,CMQHLEYPYTF
SRBC,NA,NA,TRUE,mouse,CATCAAGGTATGAAAC-1,SC24124_CTRL_CATCAAGGTATGAAAC-1,IGHV2-9,IGHJ4,CARERWLLPYYAMDYW,IGKV1-110,IGKJ2,CSQSTHVPYTF
SRBC,NA,NA,TRUE,mouse,CATCAGAAGGCCCTTG-1,SC24124_CTRL_CATCAGAAGGCCCTTG-1,IGHV1-55,IGHJ3,CAHGYYFFAYW,IGKV1-88,IGKJ5,CLQGTHQPLTF
SRBC,NA,NA,TRUE,mouse,CATCAGAGTATTAGCC-1,SC24124_CTRL_CATCAGAGTATTAGCC-1,IGHV1-62-2,IGHJ3,CARHEEEALYGNYVGFAYW,IGKV2-137,IGKJ2,CMQHLEYPYTF
SRBC,NA,NA,TRUE,mouse,CATCAGAGTTACTGAC-1,SC24124_CTRL_CATCAGAGTTACTGAC-1,IGHV1-7,IGHJ4,CARSLYVAMDYW,IGKV16-104,IGKJ1,CQQHNEYPWTF
SRBC,NA,NA,TRUE,mouse,CATCCACAGTACCGGA-1,SC24124_CTRL_CATCCACAGTACCGGA-1,IGHV1-81,IGHJ2,CARSIITTAPDYW,IGKV1-110,IGKJ2,CSQSTHVPYTF
SRBC,NA,NA,TRUE,mouse,CATCCACCAAGTCATC-1,SC24124_CTRL_CATCCACCAAGTCATC-1,IGHV1-18-36,IGHJ4,CARSYAMDYW,IGKV1-110,IGKJ4,CSQSTHVPFTF
SRBC,NA,NA,TRUE,mouse,CATCCACTCCCATTAT-1,SC24124_CTRL_CATCCACTCCCATTAT-1,IGHV7-3,IGHJ3,CTRDNPWFAYW,IGKV10-94,IGKJ1,CQQYSKLPWTF
SRBC,NA,NA,TRUE,mouse,CATCGAACAAGGGTCA-1,SC24124_CTRL_CATCGAACAAGGGTCA-1,IGHV1-62-2,IGHJ4,CARHEDYGYDRAVDYW,IGKV2-137,IGKJ2,CMQHLEYPYTF
SRBC,NA,NA,TRUE,mouse,CATCGAACACCAGGTC-1,SC24124_CTRL_CATCGAACACCAGGTC-1,IGHV1-87,IGHJ4,CARNYGSSYYAMDYW,IGKV3-2,IGKJ2,CQQSKEVPYTF
SRBC,NA,NA,TRUE,mouse,CATCGAAGTCCGAATT-1,SC24124_CTRL_CATCGAAGTCCGAATT-1,IGHV2-5,IGHJ4,CAKKGVYYYAMDYW,IGKV1-117,IGKJ2,CFQGSHVPNTF
SRBC,NA,NA,TRUE,mouse,CATCGAATCTTTACAC-1,SC24124_CTRL_CATCGAATCTTTACAC-1,IGHV1-26,IGHJ2,CASPFYYGSSPLDYW,IGKV3-4,IGKJ1,CQQSNEDPRTF
SRBC,NA,NA,TRUE,mouse,CATCGGGAGCGTGAGT-1,SC24124_CTRL_CATCGGGAGCGTGAGT-1,IGHV8-12,IGHJ4,CARRAQYGSSPHYYAMDYW,IGKV4-72,IGKJ5,CQQWSSNPPTF
SRBC,NA,NA,TRUE,mouse,CATGACAAGATCCGAG-1,SC24124_CTRL_CATGACAAGATCCGAG-1,IGHV1-18-14,IGHJ4,CTRRPLGHAVDYW,IGKV17-127,IGKJ2,CLQSDNMPLTF
SRBC,NA,NA,TRUE,mouse,CATGACAAGGGAGTAA-1,SC24124_CTRL_CATGACAAGGGAGTAA-1,IGHV1-81,IGHJ4,CTRSGVTGTYAMDYW,IGKV1-135,IGKJ1,CWQGTHFPQTF
SRBC,NA,NA,TRUE,mouse,CATGACACAGCAGTTT-1,SC24124_CTRL_CATGACACAGCAGTTT-1,IGHV1-64,IGHJ3,CARGGLYYGSSPWFPYW,IGKV1-110,IGKJ1,CSQTTHVPWTF
SRBC,NA,NA,TRUE,mouse,CATGACACAGGGAGAG-1,SC24124_CTRL_CATGACACAGGGAGAG-1,IGHV1-19,IGHJ4,CARKRGPYSNGDYYYGMDYW,IGKV13-84,IGKJ2,CQQYWSTPYTF
SRBC,NA,NA,TRUE,mouse,CATGACAGTCTTCTCG-1,SC24124_CTRL_CATGACAGTCTTCTCG-1,IGHV1-63,IGHJ4,CARSYYGSSYDYYAMDYW,IGKV5-43,IGKJ5,CQQTNNWPLTF
SRBC,NA,NA,TRUE,mouse,CATGCCTGTCATGCAT-1,SC24124_CTRL_CATGCCTGTCATGCAT-1,IGHV1-53,IGHJ2,CASYDGYYFDYW,IGKV5-39,IGKJ4,CQNGHSFPFTF
SRBC,NA,NA,TRUE,mouse,CATGCCTGTTGTCTTT-1,SC24124_CTRL_CATGCCTGTTGTCTTT-1,IGHV1-62-2,IGHJ2,CARHGLWYLDYW,IGKV2-137,IGKJ2,CMQHLEYPYTF
SRBC,NA,NA,TRUE,mouse,CATGGCGAGGGAACGG-1,SC24124_CTRL_CATGGCGAGGGAACGG-1,IGHV5-12-1,IGHJ2,CARQYYYGRDYFDYW,IGKV8-21,IGKJ4,CEQSYNLFTF
SRBC,NA,NA,TRUE,mouse,CATGGCGGTCTACCTC-1,SC24124_CTRL_CATGGCGGTCTACCTC-1,IGHV5-9,IGHJ1,CARQGGNPWYFDVW,IGKV4-50,IGKJ1,CQQFTSSPWTF
SRBC,NA,NA,TRUE,mouse,CATGGCGGTTAAAGTG-1,SC24124_CTRL_CATGGCGGTTAAAGTG-1,IGHV1-9,IGHJ2,CARWRFYGSSYFFDYW,IGKV1-117,IGKJ1,CFQGSHVPRTF
SRBC,NA,NA,TRUE,mouse,CATTATCCACATAACC-1,SC24124_CTRL_CATTATCCACATAACC-1,IGHV1-42,IGHJ4,CARRAYYSNYGYALDYW,IGKV1-117,IGKJ1,CFQGSHVPPTF
SRBC,NA,NA,TRUE,mouse,CATTATCGTAGTAGTA-1,SC24124_CTRL_CATTATCGTAGTAGTA-1,IGHV4-1,IGHJ2,CARRYSITTVVLDYW,IGKV3-4,IGKJ4,CQQSNEDPFTF
SRBC,NA,NA,TRUE,mouse,CATTCGCCAAGTTGTC-1,SC24124_CTRL_CATTCGCCAAGTTGTC-1,IGHV9-1,IGHJ3,CARYQAFTTVVAPRTWFAYW,IGKV8-27,IGKJ5,CHQYLSSLTF
SRBC,NA,NA,TRUE,mouse,CATTCGCTCAGAAATG-1,SC24124_CTRL_CATTCGCTCAGAAATG-1,IGHV1-18-14,IGHJ2,CTRNGNSFDYW,IGKV15-103,IGKJ2,CHQGQIYPYTF
SRBC,NA,NA,TRUE,mouse,CCAATCCAGGGATCTG-1,SC24124_CTRL_CCAATCCAGGGATCTG-1,IGHV9-3,IGHJ3,CTRWDSSPAWFDYW,IGKV4-72,IGKJ4,CRQWSSNPFTF
SRBC,NA,NA,TRUE,mouse,CCAATCCCAGAAGCAC-1,SC24124_CTRL_CCAATCCCAGAAGCAC-1,IGHV4-1,IGHJ4,CARPNYYGSSYDAMDYW,IGKV4-74,IGKJ5,CHQYHRSPLTF
SRBC,NA,NA,TRUE,mouse,CCAATCCCAGACGTAG-1,SC24124_CTRL_CCAATCCCAGACGTAG-1,IGHV3-2,IGHJ4,CARYVWFYGMDYW,IGKV1-135,IGKJ1,CCQGSHFPWTF
SRBC,NA,NA,TRUE,mouse,CCAATCCGTACTTAGC-1,SC24124_CTRL_CCAATCCGTACTTAGC-1,IGHV1-61,IGHJ1,CARGGNYVDWYFDVW,IGKV1-135,IGKJ5,CWQGTHFPHTF
SRBC,NA,NA,TRUE,mouse,CCAATCCTCCGAGCCA-1,SC24124_CTRL_CCAATCCTCCGAGCCA-1,IGHV1-81,IGHJ2,CARRGGVYYDYGGGYW,IGKV1-117,IGKJ2,CFQGSHVPYTF
SRBC,NA,NA,TRUE,mouse,CCACCTAGTGCGGTAA-1,SC24124_CTRL_CCACCTAGTGCGGTAA-1,IGHV1-80,IGHJ2,CARDSNYNYFDYW,IGKV12-41,IGKJ1,CQHFWSTPWTF
SRBC,NA,NA,TRUE,mouse,CCACCTAGTGTGCGTC-1,SC24124_CTRL_CCACCTAGTGTGCGTC-1,IGHV1-9,IGHJ4,CARGRRYYGSRDGYAMDHW,IGKV6-15,IGKJ5,CQQYNSYPLTF
SRBC,NA,NA,TRUE,mouse,CCACGGAAGGTAGCTG-1,SC24124_CTRL_CCACGGAAGGTAGCTG-1,IGHV1-62-2,IGHJ1,CARHGHYSNSRWWYFDVW,IGKV6-17,IGKJ5,CQQHYSTPPTF
SRBC,NA,NA,TRUE,mouse,CCACGGACACAAGTAA-1,SC24124_CTRL_CCACGGACACAAGTAA-1,IGHV2-2,IGHJ4,CARRGYAMDYW,IGKV6-23,IGKJ2,CQQYSSYPYTF
SRBC,NA,NA,TRUE,mouse,CCACGGATCAGGCAAG-1,SC24124_CTRL_CCACGGATCAGGCAAG-1,IGHV2-5-1,IGHJ2,CAKNSYYNNYFDYW,IGKV1-110,IGKJ1,CSQSTHVPWTF
SRBC,NA,NA,TRUE,mouse,CCACGGATCATAAAGG-1,SC24124_CTRL_CCACGGATCATAAAGG-1,IGHV1-62-2,IGHJ2,CARHGIYYLDYW,IGKV2-137,IGKJ2,CMQHLEYPYTF
SRBC,NA,NA,TRUE,mouse,CCACTACGTCACAAGG-1,SC24124_CTRL_CCACTACGTCACAAGG-1,IGHV1-62-2,IGHJ3,CARHEVDGFAYW,IGKV2-137,IGKJ2,CMQHLEYPYTF
SRBC,NA,NA,TRUE,mouse,CCACTACTCACCACCT-1,SC24124_CTRL_CCACTACTCACCACCT-1,IGHV1-80,IGHJ3,CARKGGNYDWFAYW,IGKV1-117,IGKJ1,CFQGSHVPWTF
SRBC,NA,NA,TRUE,mouse,CCACTACTCCCTAATT-1,SC24124_CTRL_CCACTACTCCCTAATT-1,IGHV1-47-23,IGHJ3,CAREEDWGFAYW,IGKV5-48,IGKJ1,CQQSNSWPRTF
SRBC,NA,NA,TRUE,mouse,CCAGCGAGTTATCCGA-1,SC24124_CTRL_CCAGCGAGTTATCCGA-1,IGHV1-9,IGHJ2,CARGLKGYW,IGKV14-111,IGKJ2,CLQYDEFPYTF
SRBC,NA,NA,TRUE,mouse,CCAGCGATCGTAGGAG-1,SC24124_CTRL_CCAGCGATCGTAGGAG-1,IGHV6-3,IGHJ3,CTGGSNYWFAYW,IGKV14-111,IGKJ2,CLQYDEFPYTF
SRBC,NA,NA,TRUE,mouse,CCATGTCAGAAGGCCT-1,SC24124_CTRL_CCATGTCAGAAGGCCT-1,IGHV8-4-4,IGHJ3,CARIFITTEFAYW,IGKV1-110,IGKJ4,CSQSTHVPFTF
SRBC,NA,NA,TRUE,mouse,CCATGTCAGCTCAACT-1,SC24124_CTRL_CCATGTCAGCTCAACT-1,IGHV1-15,IGHJ2,CTRRSYYGSSYDYW,IGKV5-43,IGKJ5,CQQSNSWPLTF
SRBC,NA,NA,TRUE,mouse,CCATGTCAGTTACCCA-1,SC24124_CTRL_CCATGTCAGTTACCCA-1,IGHV10-1-2,IGHJ3,CVTGPWFAYW,IGLV1,IGLJ1,CALWYSNHWVF
SRBC,NA,NA,TRUE,mouse,CCATGTCCATGAAGTA-1,SC24124_CTRL_CCATGTCCATGAAGTA-1,IGHV1-42,IGHJ2,CARSGKRDYYYGSSSFDYW,IGKV10-96,IGKJ5,CQQGNTLPLTF
SRBC,NA,NA,TRUE,mouse,CCATGTCTCTGGGCCA-1,SC24124_CTRL_CCATGTCTCTGGGCCA-1,IGHV1-15,IGHJ3,CTRTYYGSSYDYW,IGKV5-43,IGKJ2,CQQSNSWPYTF
SRBC,NA,NA,TRUE,mouse,CCATTCGAGACTTGAA-1,SC24124_CTRL_CCATTCGAGACTTGAA-1,IGHV1-14,IGHJ4,CARPLSPYYGSRSYAMDYW,IGKV12-44,IGKJ2,CQHHYGTPYTF
SRBC,NA,NA,TRUE,mouse,CCATTCGCAAATTGCC-1,SC24124_CTRL_CCATTCGCAAATTGCC-1,IGHV1-62-2,IGHJ3,CARHEWLYDGFAYW,IGKV2-137,IGKJ2,CMQHLEYPYTF
SRBC,NA,NA,TRUE,mouse,CCATTCGGTAGCTAAA-1,SC24124_CTRL_CCATTCGGTAGCTAAA-1,IGHV14-3,IGHJ3,CAFITYW,IGKV8-27,IGKJ2,CHQYLSSYTF
SRBC,NA,NA,TRUE,mouse,CCATTCGGTGGCTCCA-1,SC24124_CTRL_CCATTCGGTGGCTCCA-1,IGHV1-31,IGHJ2,CARGTVVADYW,IGKV15-103,IGKJ4,CQQGQSYPLTF
SRBC,NA,NA,TRUE,mouse,CCATTCGGTTATGCGT-1,SC24124_CTRL_CCATTCGGTTATGCGT-1,IGHV5-6,IGHJ4,CARHGGTTVVATVYYAMDYW,IGKV1-117,IGKJ1,CFQGSHVPWTF
SRBC,NA,NA,TRUE,mouse,CCATTCGGTTGGTAAA-1,SC24124_CTRL_CCATTCGGTTGGTAAA-1,IGHV1-9,IGHJ3,CATRRYYDYDGAWFAYW,IGKV1-110,IGKJ1,CSQSTHVPWTF
SRBC,NA,NA,TRUE,mouse,CCATTCGTCTTGTACT-1,SC24124_CTRL_CCATTCGTCTTGTACT-1,IGHV1-18-11,IGHJ4,CARTHLYYGSSDYAMDYW,IGKV16-104,IGKJ1,CQQHNEYPWTF
SRBC,NA,NA,TRUE,mouse,CCCAATCAGGGCTCTC-1,SC24124_CTRL_CCCAATCAGGGCTCTC-1,IGHV1-47-24,IGHJ3,CARGGTMITLAWFAYW,IGKV3-12,IGKJ4,CQHNRELPFTF
SRBC,NA,NA,TRUE,mouse,CCCAATCCAGCCTATA-1,SC24124_CTRL_CCCAATCCAGCCTATA-1,IGHV1-72,IGHJ3,CARGYTSNSFAYW,IGKV15-103,IGKJ5,CQQGQSYPLTF
SRBC,NA,NA,TRUE,mouse,CCCAATCCATGGGACA-1,SC24124_CTRL_CCCAATCCATGGGACA-1,IGHV2-6-7,IGHJ4,CARDLYAMDYW,IGKV4-59,IGKJ5,CQQWSSNPLTF
SRBC,NA,NA,TRUE,mouse,CCCAATCGTGAACCTT-1,SC24124_CTRL_CCCAATCGTGAACCTT-1,IGHV12-1-1,IGHJ4,CSRENPLTNGNIYYTMDYW,IGKV6-20,IGKJ2,CGQSYSYPYTF
SRBC,NA,NA,TRUE,mouse,CCCAGTTAGACTTTCG-1,SC24124_CTRL_CCCAGTTAGACTTTCG-1,IGHV9-3,IGHJ4,CAPLLRKAMDYW,IGLV1,IGLJ1,CALWYSNHWVF
SRBC,NA,NA,TRUE,mouse,CCCAGTTAGGTGCTAG-1,SC24124_CTRL_CCCAGTTAGGTGCTAG-1,IGHV1-42-1,IGHJ1,CTRGGYYRYFDVW,IGKV1-99,IGKJ2,CFQSNYLYTF
SRBC,NA,NA,TRUE,mouse,CCCAGTTAGTAGCCGA-1,SC24124_CTRL_CCCAGTTAGTAGCCGA-1,IGHV1-42,IGHJ3,CVSGGAWFAYW,IGKV19-93,IGKJ1,CLQYDTLWTF
SRBC,NA,NA,TRUE,mouse,CCCAGTTCAATCCGAT-1,SC24124_CTRL_CCCAGTTCAATCCGAT-1,IGHV2-5-1,IGHJ3,CAKNGATVVPPFAYW,IGKV6-23,IGKJ4,CQQYSSYLLTF
SRBC,NA,NA,TRUE,mouse,CCCAGTTGTATATCCG-1,SC24124_CTRL_CCCAGTTGTATATCCG-1,IGHV1-69-2,IGHJ4,CARGGAITTAFYAMDYW,IGKV4-50,IGKJ4,CQQFTSSPFTF
SRBC,NA,NA,TRUE,mouse,CCCATACCACGAGGTA-1,SC24124_CTRL_CCCATACCACGAGGTA-1,IGHV9-3,IGHJ3,CTRRGFAYW,IGLV1,IGLJ1,CVLWYSNHLVF
SRBC,NA,NA,TRUE,mouse,CCCATACCAGCTGGCT-1,SC24124_CTRL_CCCATACCAGCTGGCT-1,IGHV1-18-11,IGHJ4,CATYYYGSRVYAMDYW,IGLV1,IGLJ1,CALWYSNHLVF
SRBC,NA,NA,TRUE,mouse,CCCATACTCAATCACG-1,SC24124_CTRL_CCCATACTCAATCACG-1,IGHV3-1,IGHJ2,CAGRNYGYSDYFDSW,IGKV4-72,IGKJ4,CQQWSSNPPTF
SRBC,NA,NA,TRUE,mouse,CCCATACTCGGAATCT-1,SC24124_CTRL_CCCATACTCGGAATCT-1,IGHV1-80,IGHJ2,CARREGYYFDYW,IGKV17-127,IGKJ2,CLQGDNMPYTF
SRBC,NA,NA,TRUE,mouse,CCCATACTCTGGAGCC-1,SC24124_CTRL_CCCATACTCTGGAGCC-1,IGHV9-3,IGHJ3,CARRDSWFAYW,IGKV3-5,IGKJ1,CQQSNEDPRTF
SRBC,NA,NA,TRUE,mouse,CCCTCCTAGGCAGTCA-1,SC24124_CTRL_CCCTCCTAGGCAGTCA-1,IGHV9-2-1,IGHJ3,CASYYGNYDPFTYW,IGKV2-137,IGKJ2,CMQHLEYPYTF
SRBC,NA,NA,TRUE,mouse,CCCTCCTAGTATCTCG-1,SC24124_CTRL_CCCTCCTAGTATCTCG-1,IGHV1-7,IGHJ3,CARLWGSWFAYW,IGKV3-4,IGKJ5,CQQSNEDPLTF
SRBC,NA,NA,TRUE,mouse,CCCTCCTCAGTAGAGC-1,SC24124_CTRL_CCCTCCTCAGTAGAGC-1,IGHV1-9,IGHJ4,CARGGNYYGSIYRGGMDNW,IGKV1-110,IGKJ1,CSQSTHVPWTF
SRBC,NA,NA,TRUE,mouse,CCCTCCTGTAAGTAGT-1,SC24124_CTRL_CCCTCCTGTAAGTAGT-1,IGHV2-5,IGHJ4,CAKKGVYYYAMDYW,IGKV1-117,IGKJ5,CFQGSHVPLTF
SRBC,NA,NA,TRUE,mouse,CCCTCCTGTCGTGGCT-1,SC24124_CTRL_CCCTCCTGTCGTGGCT-1,IGHV9-1,IGHJ4,CARDGYYLYAMDYW,IGKV15-103,IGKJ1,CQQGQSYPWTF
SRBC,NA,NA,TRUE,mouse,CCCTCCTTCGCTTGTC-1,SC24124_CTRL_CCCTCCTTCGCTTGTC-1,IGHV1-75,IGHJ1,CARRGYGSRGYWYFDVW,IGKV4-72,IGKJ4,CQQWSSNPQFTF
SRBC,NA,NA,TRUE,mouse,CCGGGATAGGAGCGTT-1,SC24124_CTRL_CCGGGATAGGAGCGTT-1,IGHV7-3,IGHJ4,CARKLGLYYAMDYW,IGKV12-44,IGKJ5,CQHHYGTPLTF
SRBC,NA,NA,TRUE,mouse,CCGGGATGTATCACCA-1,SC24124_CTRL_CCGGGATGTATCACCA-1,IGHV3-2,IGHJ2,CARYTSYYFDYW,IGKV5-39,IGKJ5,CQNGHSFPLTF
SRBC,NA,NA,TRUE,mouse,CCGGGATTCCGAGCCA-1,SC24124_CTRL_CCGGGATTCCGAGCCA-1,IGHV10-1,IGHJ1,CVRHGNSYWYFDVW,IGKV12-44,IGKJ1,CQHHYGTPPTF
SRBC,NA,NA,TRUE,mouse,CCGGTAGCACTCTGTC-1,SC24124_CTRL_CCGGTAGCACTCTGTC-1,IGHV1-18-11,IGHJ1,CARGGYGDWYFDVW,IGKV5-39,IGKJ1,CQNGHSFPWTF
SRBC,NA,NA,TRUE,mouse,CCGGTAGCATTGAGCT-1,SC24124_CTRL_CCGGTAGCATTGAGCT-1,IGHV1-47-20,IGHJ4,CARLGAPGYAMDYW,IGKV9-120,IGKJ5,CLQYASSPLTF
SRBC,NA,NA,TRUE,mouse,CCGGTAGGTCTCCATC-1,SC24124_CTRL_CCGGTAGGTCTCCATC-1,IGHV1-18-17,IGHJ3,CARHVGNYVWFPYW,IGKV6-15,IGKJ2,CQQYNSYPYTF
SRBC,NA,NA,TRUE,mouse,CCGGTAGTCTATCGCC-1,SC24124_CTRL_CCGGTAGTCTATCGCC-1,IGHV1-72,IGHJ1,CARSPLFLQDFDVW,IGKV2-137,IGKJ2,CMQHLEYPYTF
SRBC,NA,NA,TRUE,mouse,CCGTACTGTTGGTGGA-1,SC24124_CTRL_CCGTACTGTTGGTGGA-1,IGHV14-3,IGHJ4,CARAGSSFYSMDYW,IGKV4-59,IGKJ5,CQQWSSNPPTF
SRBC,NA,NA,TRUE,mouse,CCGTACTTCCCAGGTG-1,SC24124_CTRL_CCGTACTTCCCAGGTG-1,IGHV1-81,IGHJ4,CARGGYAMDYW,IGKV4-57,IGKJ2,CQQRSSYPYTF
SRBC,NA,NA,TRUE,mouse,CCGTGGAAGATCTGAA-1,SC24124_CTRL_CCGTGGAAGATCTGAA-1,IGHV1-62-2,IGHJ1,CARHEGRYFDVW,IGKV2-137,IGKJ4,CMQHLEYPFTF
SRBC,NA,NA,TRUE,mouse,CCGTGGACAGAGTGTG-1,SC24124_CTRL_CCGTGGACAGAGTGTG-1,IGHV1-42,IGHJ4,CARRHYYGSSYTMDYW,IGKV1-117,IGKJ1,CFQGSHVPWTF
SRBC,NA,NA,TRUE,mouse,CCGTGGACATGGGACA-1,SC24124_CTRL_CCGTGGACATGGGACA-1,IGHV1-63,IGHJ4,CARRGSNYYAMDYW,IGKV15-103,IGKJ1,CQQGQSYPWTF
SRBC,NA,NA,TRUE,mouse,CCGTGGACATGTTCCC-1,SC24124_CTRL_CCGTGGACATGTTCCC-1,IGHV1-26,IGHJ2,CARDHYYFDYW,IGKV5-39,IGKJ2,CQNGHSFPYTF
SRBC,NA,NA,TRUE,mouse,CCGTGGAGTTTGTTGG-1,SC24124_CTRL_CCGTGGAGTTTGTTGG-1,IGHV1-19,IGHJ4,CARKRGPYSNGDYYYAMDYW,IGKV13-84,IGKJ2,CQQYWSSPYTF
SRBC,NA,NA,TRUE,mouse,CCGTTCACAAGCTGTT-1,SC24124_CTRL_CCGTTCACAAGCTGTT-1,IGHV1-55,IGHJ2,CAKTGAMVTTGPLFDYW,IGKV8-30,IGKJ4,CQQYYSYPFTF
SRBC,NA,NA,TRUE,mouse,CCGTTCACACCAGGTC-1,SC24124_CTRL_CCGTTCACACCAGGTC-1,IGHV2-9-1,IGHJ1,CARTNYYGSSYWYFDVW,IGKV3-2,IGKJ1,CQQSKEVTWTF
SRBC,NA,NA,TRUE,mouse,CCGTTCAGTATAGGTA-1,SC24124_CTRL_CCGTTCAGTATAGGTA-1,IGHV9-3,IGHJ2,CARRSLDYW,IGLV1,IGLJ1,CALWYSNHWVF
SRBC,NA,NA,TRUE,mouse,CCGTTCAGTTGAGTTC-1,SC24124_CTRL_CCGTTCAGTTGAGTTC-1,IGHV8-12,IGHJ1,CARRGAGTGYFDVW,IGKV10-96,IGKJ1,CQQGNTLPWTF
SRBC,NA,NA,TRUE,mouse,CCGTTCATCATTGCCC-1,SC24124_CTRL_CCGTTCATCATTGCCC-1,IGHV9-3,IGHJ2,CASGDSSGYVGW,IGKV14-111,IGKJ2,CLQYDEFPYTF
SRBC,NA,NA,TRUE,mouse,CCTAAAGAGATGGCGT-1,SC24124_CTRL_CCTAAAGAGATGGCGT-1,IGHV1-62-2,IGHJ4,CARHEGTGTGAMDYW,IGKV6-32,IGKJ2,CQQDYSSPYTF
SRBC,NA,NA,TRUE,mouse,CCTAAAGGTCGCTTCT-1,SC24124_CTRL_CCTAAAGGTCGCTTCT-1,IGHV1-9,IGHJ3,CARGRGYYGSSTWFAYW,IGKV1-117,IGKJ4,CFQGSHVPFTF
SRBC,NA,NA,TRUE,mouse,CCTAAAGTCGCACTCT-1,SC24124_CTRL_CCTAAAGTCGCACTCT-1,IGHV5-6,IGHJ2,CARLGRFYDYDEGYYFDYW,IGKV8-30,IGKJ4,CQQYYSYPFTF
SRBC,NA,NA,TRUE,mouse,CCTACACCATCCGGGT-1,SC24124_CTRL_CCTACACCATCCGGGT-1,IGHV9-2,IGHJ1,CAREGVLLGYFDVW,IGKV19-93,IGKJ2,CLQYDNLYTF
SRBC,NA,NA,TRUE,mouse,CCTACACGTCTTGTCC-1,SC24124_CTRL_CCTACACGTCTTGTCC-1,IGHV1-62-2,IGHJ3,CARHDDGYEGGFAYW,IGKV2-137,IGKJ2,CMQHLEYPYTF
SRBC,NA,NA,TRUE,mouse,CCTACCACAGTCACTA-1,SC24124_CTRL_CCTACCACAGTCACTA-1,IGHV1-62-2,IGHJ4,CARHGDSPYFAMDYW,IGKV2-137,IGKJ2,CMQHLEYPYTF
SRBC,NA,NA,TRUE,mouse,CCTACCAGTTTGGCGC-1,SC24124_CTRL_CCTACCAGTTTGGCGC-1,IGHV1-64,IGHJ2,CARSRNDYDTPPYYW,IGKV12-41,IGKJ5,CQHFWTTPLTF
SRBC,NA,NA,TRUE,mouse,CCTAGCTAGACAAAGG-1,SC24124_CTRL_CCTAGCTAGACAAAGG-1,IGHV1-5,IGHJ4,CTRSNYYDAMDYW,IGKV4-61,IGKJ5,CQQYHSYPLTF
SRBC,NA,NA,TRUE,mouse,CCTAGCTAGATGCGAC-1,SC24124_CTRL_CCTAGCTAGATGCGAC-1,IGHV4-1,IGHJ3,CARRGGNYVRFAYW,IGLV1,IGLJ1,CALWYSNHLVF
SRBC,NA,NA,TRUE,mouse,CCTAGCTAGTGTACTC-1,SC24124_CTRL_CCTAGCTAGTGTACTC-1,IGHV1-47-23,IGHJ2,CARGIAYSFDYW,IGKV16-104,IGKJ4,CQQHNEYPFTF
SRBC,NA,NA,TRUE,mouse,CCTAGCTCAGGCAGTA-1,SC24124_CTRL_CCTAGCTCAGGCAGTA-1,IGHV9-3,IGHJ4,CARGTTSVAPGDAMDYW,IGKV1-135,IGKJ1,CWQGTHFPWTF
SRBC,NA,NA,TRUE,mouse,CCTATTAAGATAGGAG-1,SC24124_CTRL_CCTATTAAGATAGGAG-1,IGHV1-42-1,IGHJ4,CARTYYGSSYDAMDYW,IGKV10-96,IGKJ2,CQQGNTLPYTF
SRBC,NA,NA,TRUE,mouse,CCTATTAAGCGTAATA-1,SC24124_CTRL_CCTATTAAGCGTAATA-1,IGHV1-81,IGHJ2,CASLYTFDYW,IGKV1-110,IGKJ2,CSQSTHVPYTF
SRBC,NA,NA,TRUE,mouse,CCTATTACACATCTTT-1,SC24124_CTRL_CCTATTACACATCTTT-1,IGHV8-12,IGHJ4,CARRARAQYYAMDYW,IGKV10-96,IGKJ1,CQQGNTLPPTF
SRBC,NA,NA,TRUE,mouse,CCTATTAGTAAGTAGT-1,SC24124_CTRL_CCTATTAGTAAGTAGT-1,IGHV5-4,IGHJ4,CARDGYYGAMDYW,IGKV14-126,IGKJ5,CLQHGESPLTF
SRBC,NA,NA,TRUE,mouse,CCTATTAGTACTTCTT-1,SC24124_CTRL_CCTATTAGTACTTCTT-1,IGHV10-1-2,IGHJ3,CVRAMIRTTEFAYW,IGKV1-99,IGKJ5,CFQSNYLPLTF
SRBC,NA,NA,TRUE,mouse,CCTATTATCAGCGATT-1,SC24124_CTRL_CCTATTATCAGCGATT-1,IGHV2-9-1,IGHJ1,CARNPLYKGAWYFDVW,IGKV10-95,IGKJ1,CQQYTKLWTF
SRBC,NA,NA,TRUE,mouse,CCTATTATCTTCGAGA-1,SC24124_CTRL_CCTATTATCTTCGAGA-1,IGHV1-85,IGHJ4,CASKGVTTWDAMDYW,IGKV3-5,IGKJ2,CQQSNEDPYTF
SRBC,NA,NA,TRUE,mouse,CCTCAGTCACAGCCCA-1,SC24124_CTRL_CCTCAGTCACAGCCCA-1,IGHV1-71-12,IGHJ2,CTMGDYDDYW,IGKV6-17,IGKJ1,CQQHYSTPWTF
SRBC,NA,NA,TRUE,mouse,CCTCAGTGTCGCTTCT-1,SC24124_CTRL_CCTCAGTGTCGCTTCT-1,IGHV3-2,IGHJ1,CAREELLHWYFDVW,IGKV8-21,IGKJ1,CKQSYNLWTF
SRBC,NA,NA,TRUE,mouse,CCTCAGTGTGCGGTAA-1,SC24124_CTRL_CCTCAGTGTGCGGTAA-1,IGHV1-7,IGHJ2,CARNGIFPIITVVPTDYW,IGKV4-74,IGKJ5,CHQYHRSPLTF
SRBC,NA,NA,TRUE,mouse,CCTCAGTTCGGTGTCG-1,SC24124_CTRL_CCTCAGTTCGGTGTCG-1,IGHV2-2,IGHJ4,CARERKNYIALDYW,IGKV6-15,IGKJ4,CQQYNSYPFTF
SRBC,NA,NA,TRUE,mouse,CCTCAGTTCGTAGGAG-1,SC24124_CTRL_CCTCAGTTCGTAGGAG-1,IGHV3-6,IGHJ2,CAREGYYGNYFDYW,IGKV12-46,IGKJ1,CQHFWGTPWTF
SRBC,NA,NA,TRUE,mouse,CCTCTGAAGAGTACAT-1,SC24124_CTRL_CCTCTGAAGAGTACAT-1,IGHV1-71-11,IGHJ2,CATIITTAFDYW,IGKV14-111,IGKJ2,CLQYDELYTF
SRBC,NA,NA,TRUE,mouse,CCTCTGACACAAGTAA-1,SC24124_CTRL_CCTCTGACACAAGTAA-1,IGHV5-12-2,IGHJ4,CTRHQNIWYYYAMDYW,IGKV1-117,IGKJ1,CFQGSHVPWTF
SRBC,NA,NA,TRUE,mouse,CCTCTGACACGGCCAT-1,SC24124_CTRL_CCTCTGACACGGCCAT-1,IGHV10-1,IGHJ3,CVSLYRYDGFAYW,IGLV1,IGLJ3,CALWYSNHFIF
SRBC,NA,NA,TRUE,mouse,CCTCTGACAGCGTCCA-1,SC24124_CTRL_CCTCTGACAGCGTCCA-1,IGHV1-80,IGHJ2,CARSGGNYNYW,IGKV3-1,IGKJ1,CQQSRKVPWTF
SRBC,NA,NA,TRUE,mouse,CCTCTGAGTCTCTCGT-1,SC24124_CTRL_CCTCTGAGTCTCTCGT-1,IGHV10-1,IGHJ2,CVRQGGAFDYW,IGLV2,IGLJ2,CALWYSTHYVF
SRBC,NA,NA,TRUE,mouse,CCTCTGAGTGGTCCGT-1,SC24124_CTRL_CCTCTGAGTGGTCCGT-1,IGHV2-6-7,IGHJ2,CARDRFDYW,IGKV4-57,IGKJ4,CQQRSSYPFTF
SRBC,NA,NA,TRUE,mouse,CCTCTGAGTTCCACGG-1,SC24124_CTRL_CCTCTGAGTTCCACGG-1,IGHV1-47-23,IGHJ4,CAREWLLGMDFW,IGKV17-121,IGKJ2,CLQSDNLPLTF
SRBC,NA,NA,TRUE,mouse,CCTCTGAGTTGAACTC-1,SC24124_CTRL_CCTCTGAGTTGAACTC-1,IGHV2-6-5,IGHJ3,CAKRYFGAYW,IGKV8-19,IGKJ5,CQNDYSYPLTF
SRBC,NA,NA,TRUE,mouse,CCTTACGAGGGTTTCT-1,SC24124_CTRL_CCTTACGAGGGTTTCT-1,IGHV5-12,IGHJ2,CARRGDYDDYFDYW,IGKV16-104,IGKJ5,CQQHNEYPLTF
SRBC,NA,NA,TRUE,mouse,CCTTACGCAAGTTCTG-1,SC24124_CTRL_CCTTACGCAAGTTCTG-1,IGHV1-42,IGHJ4,CARRHYYGSSYTMDYW,IGKV1-117,IGKJ1,CFQGSHVPWTF
SRBC,NA,NA,TRUE,mouse,CCTTACGCAGCGTAAG-1,SC24124_CTRL_CCTTACGCAGCGTAAG-1,IGHV1-52,IGHJ4,CARQLRLTMDYW,IGLV1,IGLJ1,CALWYSNHLVF
SRBC,NA,NA,TRUE,mouse,CCTTCCCAGAAGCCCA-1,SC24124_CTRL_CCTTCCCAGAAGCCCA-1,IGHV5-2,IGHJ1,CARRDWDGGYFDVW,IGKV19-93,IGKJ1,CLQYDNLWTF
SRBC,NA,NA,TRUE,mouse,CCTTCCCAGCCAGTAG-1,SC24124_CTRL_CCTTCCCAGCCAGTAG-1,IGHV1-4,IGHJ2,CARGTYYYGSSLDYW,IGKV6-15,IGKJ2,CQQYNSYPYTF
SRBC,NA,NA,TRUE,mouse,CCTTCCCAGCTAGTGG-1,SC24124_CTRL_CCTTCCCAGCTAGTGG-1,IGHV4-1,IGHJ2,CARPYYYGSSLVFDYW,IGKV12-44,IGKJ5,CQHHYGIPLTF
SRBC,NA,NA,TRUE,mouse,CCTTCCCCATCATCCC-1,SC24124_CTRL_CCTTCCCCATCATCCC-1,IGHV1-81,IGHJ2,CARSLYYYGSSDYW,IGKV1-135,IGKJ1,CWQGTHFPRTF
SRBC,NA,NA,TRUE,mouse,CCTTCGAAGACAGACC-1,SC24124_CTRL_CCTTCGAAGACAGACC-1,IGHV2-5-1,IGHJ4,CAKNKYGVMDYW,IGKV10-96,IGKJ1,CQQGNTLPWTF
SRBC,NA,NA,TRUE,mouse,CCTTCGAAGAGTGAGA-1,SC24124_CTRL_CCTTCGAAGAGTGAGA-1,IGHV1-42,IGHJ4,CARRDFGGAMDYW,IGKV9-123,IGKJ4,CLQRNAYPLTF
SRBC,NA,NA,TRUE,mouse,CCTTCGACACCAGTTA-1,SC24124_CTRL_CCTTCGACACCAGTTA-1,IGHV1-82,IGHJ3,CATLLLYW,IGKV14-111,IGKJ2,CLQYDEFPYTF
SRBC,NA,NA,TRUE,mouse,CCTTCGAGTCCAGTTA-1,SC24124_CTRL_CCTTCGAGTCCAGTTA-1,IGHV5-12,IGHJ3,CARQAVQATSWFAYW,IGKV6-15,IGKJ5,CQQYNSYPLTF
SRBC,NA,NA,TRUE,mouse,CCTTCGATCACTATTC-1,SC24124_CTRL_CCTTCGATCACTATTC-1,IGHV6-6,IGHJ4,CTRRDGLYYFAMDYW,IGKV12-41,IGKJ4,CQHFWSSPFTF
SRBC,NA,NA,TRUE,mouse,CCTTCGATCTCGTATT-1,SC24124_CTRL_CCTTCGATCTCGTATT-1,IGHV1-64,IGHJ2,CAREAYYSNPLFDYW,IGKV1-117,IGKJ1,CFQGSHVPWTF
SRBC,NA,NA,TRUE,mouse,CCTTTCTAGTATGACA-1,SC24124_CTRL_CCTTTCTAGTATGACA-1,IGHV1-62-2,IGHJ3,CARHEDRLSGFAYW,IGKV2-137,IGKJ2,CMQHLEYPYTF
SRBC,NA,NA,TRUE,mouse,CCTTTCTCATGTAGTC-1,SC24124_CTRL_CCTTTCTCATGTAGTC-1,IGHV2-2,IGHJ4,CARRGYAMDYW,IGKV6-23,IGKJ5,CQQYSSYPLTF
SRBC,NA,NA,TRUE,mouse,CCTTTCTTCGCGCCAA-1,SC24124_CTRL_CCTTTCTTCGCGCCAA-1,IGHV8-4-19,IGHJ1,CTRRPYYYGSSPWSFDVW,IGKV13-84,IGKJ1,CQQYWSTPPTF
SRBC,NA,NA,TRUE,mouse,CGAACATGTCACTGGC-1,SC24124_CTRL_CGAACATGTCACTGGC-1,IGHV5-6,IGHJ1,CARQITTVVILWYFDVW,IGKV8-24,IGKJ5,CQQHYSTPLTF
SRBC,NA,NA,TRUE,mouse,CGAACATGTCTCAACA-1,SC24124_CTRL_CGAACATGTCTCAACA-1,IGHV1-54,IGHJ1,CARSFYYYGIPWYFDVW,IGKV2-137,IGKJ2,CMQHLEYPYTF
SRBC,NA,NA,TRUE,mouse,CGAACATTCACTATTC-1,SC24124_CTRL_CGAACATTCACTATTC-1,IGHV8-12,IGHJ4,CARSPAMDCW,IGKV14-100,IGKJ5,CVQYAQFPLTF
SRBC,NA,NA,TRUE,mouse,CGAATGTAGAGGTAGA-1,SC24124_CTRL_CGAATGTAGAGGTAGA-1,IGHV1-14,IGHJ4,CARSGQLGFMDYW,IGKV14-111,IGKJ5,CLQYDEFPPTF
SRBC,NA,NA,TRUE,mouse,CGAATGTCAAATCCGT-1,SC24124_CTRL_CGAATGTCAAATCCGT-1,IGHV1-19,IGHJ2,CARGISTVVDNFDYW,IGKV13-84,IGKJ5,CQQYWSTPLTF
SRBC,NA,NA,TRUE,mouse,CGAATGTCAGCTTCGG-1,SC24124_CTRL_CGAATGTCAGCTTCGG-1,IGHV1-9,IGHJ3,CARSRGYYGSSPWFAYW,IGKV1-110,IGKJ5,CSQSTHVPPTF
SRBC,NA,NA,TRUE,mouse,CGAATGTCATTTCACT-1,SC24124_CTRL_CGAATGTCATTTCACT-1,IGHV1-64,IGHJ1,CARWGYGSYYWYFDVW,IGKV3-12,IGKJ2,CQHSRELYTF
SRBC,NA,NA,TRUE,mouse,CGAATGTTCAAACCGT-1,SC24124_CTRL_CGAATGTTCAAACCGT-1,IGHV14-3,IGHJ3,CARPLYGPFAYW,IGKV6-25,IGKJ1,CQQHYSSPPTF
SRBC,NA,NA,TRUE,mouse,CGACCTTGTCCAGTAT-1,SC24124_CTRL_CGACCTTGTCCAGTAT-1,IGHV1-69-5,IGHJ2,CARSHYYGISYYFDFW,IGKV3-10,IGKJ4,CQQNNEDPFTF
SRBC,NA,NA,TRUE,mouse,CGACCTTTCAGCTTAG-1,SC24124_CTRL_CGACCTTTCAGCTTAG-1,IGHV1-69,IGHJ4,CARQPLITTVASYAMDYW,IGKV6-15,IGKJ5,CQQYNSYPLTF
SRBC,NA,NA,TRUE,mouse,CGACTTCAGAGTCTGG-1,SC24124_CTRL_CGACTTCAGAGTCTGG-1,IGHV1-31,IGHJ2,CARRAYYGNHYFDYW,IGKV1-117,IGKJ5,CFQGSHVPLTF
SRBC,NA,NA,TRUE,mouse,CGACTTCCAAGACGTG-1,SC24124_CTRL_CGACTTCCAAGACGTG-1,IGHV5-12-1,IGHJ3,CARHDYERFAYW,IGKV10-96,IGKJ1,CQQGNTLPWTF
SRBC,NA,NA,TRUE,mouse,CGACTTCCAGTTCATG-1,SC24124_CTRL_CGACTTCCAGTTCATG-1,IGHV1-47-46,IGHJ2,CTFITFFDYW,IGKV4-70,IGKJ1,CHQRSSYPWTF
SRBC,NA,NA,TRUE,mouse,CGACTTCGTTCCGTCT-1,SC24124_CTRL_CGACTTCGTTCCGTCT-1,IGHV1-55,IGHJ4,CASYYYGNNYVRYAMDYW,IGKV8-19,IGKJ5,CQNDYSYPLTF
SRBC,NA,NA,TRUE,mouse,CGAGAAGCACTAAGTC-1,SC24124_CTRL_CGAGAAGCACTAAGTC-1,IGHV9-3,IGHJ4,CARSHYGNLWDYW,IGKV6-17,IGKJ5,CQQHYSTPLTF
SRBC,NA,NA,TRUE,mouse,CGAGAAGGTAAGCACG-1,SC24124_CTRL_CGAGAAGGTAAGCACG-1,IGHV2-2,IGHJ4,CARKGYAMDYW,IGKV6-23,IGKJ4,CQHYSIYPLTF
SRBC,NA,NA,TRUE,mouse,CGAGAAGGTCGATTGT-1,SC24124_CTRL_CGAGAAGGTCGATTGT-1,IGHV9-1,IGHJ4,CASLSSGLSFYAMDYW,IGKV3-2,IGKJ2,CQQSKEVPYTF
SRBC,NA,NA,TRUE,mouse,CGAGAAGGTTCGCGAC-1,SC24124_CTRL_CGAGAAGGTTCGCGAC-1,IGHV10-1,IGHJ3,CVGLTWFAYW,IGLV1,IGLJ1,CALWYSNHWVF
SRBC,NA,NA,TRUE,mouse,CGAGCACAGCATCATC-1,SC24124_CTRL_CGAGCACAGCATCATC-1,IGHV1-82,IGHJ3,CARSGDYYSNYEGVGAFW,IGKV17-121,IGKJ5,CLQSDNLPLTF
SRBC,NA,NA,TRUE,mouse,CGAGCACCAAAGAATC-1,SC24124_CTRL_CGAGCACCAAAGAATC-1,IGHV1-9,IGHJ3,CARRPYYDYDGTFSYW,IGKV1-110,IGKJ5,CSQSTHVPPTF
SRBC,NA,NA,TRUE,mouse,CGAGCACCAACGATGG-1,SC24124_CTRL_CGAGCACCAACGATGG-1,IGHV1-42-1,IGHJ4,CARRGGNYPYAMVYW,IGKV8-28,IGKJ5,CQNDHSYPLTF
SRBC,NA,NA,TRUE,mouse,CGAGCACCAAGCCGTC-1,SC24124_CTRL_CGAGCACCAAGCCGTC-1,IGHV14-3,IGHJ4,CARSPGRTYYYTMDYW,IGKV17-127,IGKJ4,CLQSDNMPFTF
SRBC,NA,NA,TRUE,mouse,CGAGCACCATGCTGGC-1,SC24124_CTRL_CGAGCACCATGCTGGC-1,IGHV2-2,IGHJ4,CARPENYALDYW,IGKV10-96,IGKJ2,CQQGNPLPYTF
SRBC,NA,NA,TRUE,mouse,CGAGCACTCATAAAGG-1,SC24124_CTRL_CGAGCACTCATAAAGG-1,IGHV1-62-2,IGHJ1,CARHEVLGSSYWYFDVW,IGKV12-46,IGKJ1,CQHFWGTPWTF
SRBC,NA,NA,TRUE,mouse,CGAGCACTCTTCGAGA-1,SC24124_CTRL_CGAGCACTCTTCGAGA-1,IGHV1-53,IGHJ2,CARGMVTVYFDYW,IGKV1-117,IGKJ1,CFQGSHVPWTF
SRBC,NA,NA,TRUE,mouse,CGAGCCAAGATGCCTT-1,SC24124_CTRL_CGAGCCAAGATGCCTT-1,IGHV1-47-23,IGHJ4,CARDFGWAMDYW,IGKV16-104,IGKJ2,CQQHNEYPYTF
SRBC,NA,NA,TRUE,mouse,CGAGCCAGTACTCGCG-1,SC24124_CTRL_CGAGCCAGTACTCGCG-1,IGHV1-80,IGHJ2,CARYLGYFFDYW,IGKV6-23,IGKJ5,CHQYSSYPLTF
SRBC,NA,NA,TRUE,mouse,CGAGCCAGTTACCAGT-1,SC24124_CTRL_CGAGCCAGTTACCAGT-1,IGHV1-42-1,IGHJ2,CARRGFYYDYEDYW,IGKV1-110,IGKJ1,CSQNTHVPWTF
SRBC,NA,NA,TRUE,mouse,CGAGCCAGTTCCATGA-1,SC24124_CTRL_CGAGCCAGTTCCATGA-1,IGHV9-2-1,IGHJ3,CGRVGLWYPFAYW,IGKV2-137,IGKJ2,CMQHLEYPYTF
SRBC,NA,NA,TRUE,mouse,CGAGCCATCTGAAAGA-1,SC24124_CTRL_CGAGCCATCTGAAAGA-1,IGHV2-2,IGHJ4,CARLGDYGSSSYYYAMDYW,IGKV12-46,IGKJ2,CQHFWGTPYTF
SRBC,NA,NA,TRUE,mouse,CGATCGGCACATTTCT-1,SC24124_CTRL_CGATCGGCACATTTCT-1,IGHV2-5-1,IGHJ2,CAKNYGSGYYYFDYW,IGKV1-110,IGKJ2,CSQSTHVPPYTF
SRBC,NA,NA,TRUE,mouse,CGATCGGGTGTTGGGA-1,SC24124_CTRL_CGATCGGGTGTTGGGA-1,IGHV14-1,IGHJ3,CTTRFAYW,IGKV11-125,IGKJ4,CLQHSYLPFTF
SRBC,NA,NA,TRUE,mouse,CGATCGGTCATTGCGA-1,SC24124_CTRL_CGATCGGTCATTGCGA-1,IGHV2-2,IGHJ4,CARRGYALDYW,IGKV6-23,IGKJ2,CQQYSSYPLTF
SRBC,NA,NA,TRUE,mouse,CGATCGGTCGGACAAG-1,SC24124_CTRL_CGATCGGTCGGACAAG-1,IGHV1-59,IGHJ3,CARESDSSGSWFAYW,IGKV10-96,IGKJ1,CQQGNTLPRTF
SRBC,NA,NA,TRUE,mouse,CGATGGCAGGGAGTAA-1,SC24124_CTRL_CGATGGCAGGGAGTAA-1,IGHV1-47-14,IGHJ4,CTRGNYCDYDDYAMDYW,IGKV2-109,IGKJ1,CAQNLELPPTF
SRBC,NA,NA,TRUE,mouse,CGATGGCCAGCATACT-1,SC24124_CTRL_CGATGGCCAGCATACT-1,IGHV1-81,IGHJ2,CARSGGLYYYGRDYW,IGKV1-135,IGKJ4,CWQGTHFPFTF
SRBC,NA,NA,TRUE,mouse,CGATGGCTCAATCACG-1,SC24124_CTRL_CGATGGCTCAATCACG-1,IGHV1-42-1,IGHJ2,CASSYFDYW,IGKV5-39,IGKJ4,CQNGHSFPFTF
SRBC,NA,NA,TRUE,mouse,CGATGGCTCACATACG-1,SC24124_CTRL_CGATGGCTCACATACG-1,IGHV1-76,IGHJ2,CARGTYFDYW,IGKV14-100,IGKJ1,CVQYAQFPRTF
SRBC,NA,NA,TRUE,mouse,CGATGGCTCCTCAATT-1,SC24124_CTRL_CGATGGCTCCTCAATT-1,IGHV1-50,IGHJ4,CSRSYGNYAMDYW,IGKV4-61,IGKJ1,CQQYHSYPRTF
SRBC,NA,NA,TRUE,mouse,CGATGGCTCGTTTGCC-1,SC24124_CTRL_CGATGGCTCGTTTGCC-1,IGHV1-47-14,IGHJ4,CTRSVWYYYAMDYW,IGKV4-53,IGKJ5,CQQWSSYPLTF
SRBC,NA,NA,TRUE,mouse,CGATGGCTCTCACATT-1,SC24124_CTRL_CGATGGCTCTCACATT-1,IGHV9-1,IGHJ2,CVRRWILLLDYW,IGKV14-111,IGKJ2,CLQYDEFPYTF
SRBC,NA,NA,TRUE,mouse,CGATGTACAATGGATA-1,SC24124_CTRL_CGATGTACAATGGATA-1,IGHV1-76,IGHJ2,CVYSNYLDYW,IGKV14-100,IGKJ1,CVQYAQFPRTF
SRBC,NA,NA,TRUE,mouse,CGATGTACATCCCACT-1,SC24124_CTRL_CGATGTACATCCCACT-1,IGHV1-14,IGHJ3,CARKKDYDGGAYW,IGKV1-117,IGKJ1,CFQGSHVPWTF
SRBC,NA,NA,TRUE,mouse,CGATGTAGTCACAAGG-1,SC24124_CTRL_CGATGTAGTCACAAGG-1,IGHV1-81,IGHJ1,CAYRPPPYWYFDVW,IGKV15-103,IGKJ1,CQQGQSYPLTF
SRBC,NA,NA,TRUE,mouse,CGATGTAGTTAAGATG-1,SC24124_CTRL_CGATGTAGTTAAGATG-1,IGHV14-3,IGHJ3,CATGGGFAYW,IGLV1,IGLJ3,CALWYSNHFIF
SRBC,NA,NA,TRUE,mouse,CGATTGAAGTTCCACA-1,SC24124_CTRL_CGATTGAAGTTCCACA-1,IGHV1-18-26,IGHJ4,CARWWLGAMDYW,IGKV9-124,IGKJ5,CLQYASYPLTF
SRBC,NA,NA,TRUE,mouse,CGATTGACAATCACAC-1,SC24124_CTRL_CGATTGACAATCACAC-1,IGHV9-3,IGHJ1,CARHYGSSSYWYFAVW,IGKV4-53,IGKJ4,CQQWSSYPLTF
SRBC,NA,NA,TRUE,mouse,CGATTGACATCTCCCA-1,SC24124_CTRL_CGATTGACATCTCCCA-1,IGHV1-39,IGHJ4,CAREGWLRLRNYYAMDYW,IGKV10-96,IGKJ1,CQQGNTLPWTF
SRBC,NA,NA,TRUE,mouse,CGCCAAGCAAGCCGCT-1,SC24124_CTRL_CGCCAAGCAAGCCGCT-1,IGHV1-69-6,IGHJ2,CARLRDGNW,IGLV1,IGLJ3,CALWYSNHFIF
SRBC,NA,NA,TRUE,mouse,CGCCAAGGTATTACCG-1,SC24124_CTRL_CGCCAAGGTATTACCG-1,IGHV14-2,IGHJ1,CARSHYYGSSYVAWYFDVW,IGKV8-21,IGKJ5,CKQSYNLLTF
SRBC,NA,NA,TRUE,mouse,CGCCAAGGTGATGTCT-1,SC24124_CTRL_CGCCAAGGTGATGTCT-1,IGHV1-9,IGHJ3,CATRRYYDYDGAWFAYW,IGKV1-110,IGKJ1,CSQSTHVPWTF
SRBC,NA,NA,TRUE,mouse,CGCCAAGGTTAAAGAC-1,SC24124_CTRL_CGCCAAGGTTAAAGAC-1,IGHV1-82,IGHJ2,CARSHYEVYYFDYW,IGKV13-85,IGKJ5,CQQYWSTPPTF
SRBC,NA,NA,TRUE,mouse,CGCCAAGGTTCCATGA-1,SC24124_CTRL_CGCCAAGGTTCCATGA-1,IGHV1-64,IGHJ2,CARRGPYGIFDYW,IGKV12-44,IGKJ1,CQHHYGTPWTF
SRBC,NA,NA,TRUE,mouse,CGCCAAGTCGTACGGC-1,SC24124_CTRL_CGCCAAGTCGTACGGC-1,IGHV8-12,IGHJ4,CARRAEDSYYAMDYW,IGKV1-135,IGKJ1,CWQGTHFPRTF
SRBC,NA,NA,TRUE,mouse,CGCGGTAAGGTGACCA-1,SC24124_CTRL_CGCGGTAAGGTGACCA-1,IGHV1-64,IGHJ3,CAREGGYSNYVFLFAYW,IGKV6-17,IGKJ4,CQQHYSIPFTF
SRBC,NA,NA,TRUE,mouse,CGCGGTAAGTACGACG-1,SC24124_CTRL_CGCGGTAAGTACGACG-1,IGHV5-17,IGHJ4,CARLGDGYYGAMDYW,IGLV3,IGLJ2,CGVGDTIKEQFVYVF
SRBC,NA,NA,TRUE,mouse,CGCGGTACAGACGTAG-1,SC24124_CTRL_CGCGGTACAGACGTAG-1,IGHV14-3,IGHJ4,CARGDYDVYYAMDYW,IGKV12-44,IGKJ4,CQHHYGTPFTF
SRBC,NA,NA,TRUE,mouse,CGCGGTACATATGGTC-1,SC24124_CTRL_CGCGGTACATATGGTC-1,IGHV1-80,IGHJ4,CARDYGYAMDYW,IGKV16-104,IGKJ1,CQQHNEYPWTF
SRBC,NA,NA,TRUE,mouse,CGCGGTACATCCTTGC-1,SC24124_CTRL_CGCGGTACATCCTTGC-1,IGHV1-26,IGHJ1,CARGRLLRGYFDVW,IGKV8-19,IGKJ2,CQNDYSYPYTF
SRBC,NA,NA,TRUE,mouse,CGCGGTAGTGACTCAT-1,SC24124_CTRL_CGCGGTAGTGACTCAT-1,IGHV4-1,IGHJ4,CARPYYASRGAMDYW,IGKV4-57-1,IGKJ5,CQQYSGYPLTF
SRBC,NA,NA,TRUE,mouse,CGCGTTTGTTTGACTG-1,SC24124_CTRL_CGCGTTTGTTTGACTG-1,IGHV8-13-3,IGHJ2,CARIGYYGSNPDYW,IGKV1-110,IGKJ2,CSQSTHVPYTF
SRBC,NA,NA,TRUE,mouse,CGCGTTTTCACATGCA-1,SC24124_CTRL_CGCGTTTTCACATGCA-1,IGHV1-9,IGHJ4,CARRTLYYYAMDYW,IGKV1-135,IGKJ1,CWQGTHFPWTF
SRBC,NA,NA,TRUE,mouse,CGCGTTTTCGTTGACA-1,SC24124_CTRL_CGCGTTTTCGTTGACA-1,IGHV4-1,IGHJ3,CARLEYGNSEGFAYW,IGKV13-85,IGKJ5,CQQYWSTPLTF
SRBC,NA,NA,TRUE,mouse,CGCTATCTCGAGCCCA-1,SC24124_CTRL_CGCTATCTCGAGCCCA-1,IGHV1-9,IGHJ1,CARRRYYGRGDYWFFDVW,IGKV1-117,IGKJ4,CFQGSHVPFTF
SRBC,NA,NA,TRUE,mouse,CGCTATCTCGGCATCG-1,SC24124_CTRL_CGCTATCTCGGCATCG-1,IGHV1-9,IGHJ4,CARRTRQVRAMDYW,IGKV12-44,IGKJ5,CQHHYGTPLTF
SRBC,NA,NA,TRUE,mouse,CGCTGGAAGAAACGAG-1,SC24124_CTRL_CGCTGGAAGAAACGAG-1,IGHV1-62-2,IGHJ3,CARHEDDYDGFAYW,IGKV2-137,IGKJ2,CMQHLEYPYTF
SRBC,NA,NA,TRUE,mouse,CGCTGGAGTAAAGGAG-1,SC24124_CTRL_CGCTGGAGTAAAGGAG-1,IGHV1-62-2,IGHJ3,CTRHEEDYGNYVGFAYW,IGKV2-137,IGKJ2,CMQHLEYPYTF
SRBC,NA,NA,TRUE,mouse,CGCTTCAAGGCAGGTT-1,SC24124_CTRL_CGCTTCAAGGCAGGTT-1,IGHV12-1-1,IGHJ1,CSRENIYGPPYFDVW,IGKV6-20,IGKJ2,CGQSYSYPYTF
SRBC,NA,NA,TRUE,mouse,CGCTTCAAGTAAGTAC-1,SC24124_CTRL_CGCTTCAAGTAAGTAC-1,IGHV1-55,IGHJ2,CARNVYVYYFDYW,IGKV10-96,IGKJ1,CQQGNTLPRTF
SRBC,NA,NA,TRUE,mouse,CGCTTCAGTCTCTTTA-1,SC24124_CTRL_CGCTTCAGTCTCTTTA-1,IGHV1-81,IGHJ2,CARRINWDGHFDYW,IGKV1-117,IGKJ2,CFQGSHVPYTF
SRBC,NA,NA,TRUE,mouse,CGCTTCATCGGTGTTA-1,SC24124_CTRL_CGCTTCATCGGTGTTA-1,IGHV1-85,IGHJ2,CATKASYYYGSSSRRYFFDYW,IGKV16-104,IGKJ5,CQQHNEYPLTF
SRBC,NA,NA,TRUE,mouse,CGCTTCATCTAGAGTC-1,SC24124_CTRL_CGCTTCATCTAGAGTC-1,IGHV1-42-1,IGHJ2,CARPSTMITTVFDYW,IGKV5-43,IGKJ5,CQQSNSWPLTF
SRBC,NA,NA,TRUE,mouse,CGCTTCATCTCCGGTT-1,SC24124_CTRL_CGCTTCATCTCCGGTT-1,IGHV1-15,IGHJ2,CTGVWGYYW,IGKV6-17,IGKJ1,CQQHYSTPWTF
SRBC,NA,NA,TRUE,mouse,CGGACACAGAAACCTA-1,SC24124_CTRL_CGGACACAGAAACCTA-1,IGHV1-74,IGHJ3,CASYYSLAYW,IGKV1-117,IGKJ1,CFQGSHVPWTF
SRBC,NA,NA,TRUE,mouse,CGGACACGTCTAGTCA-1,SC24124_CTRL_CGGACACGTCTAGTCA-1,IGHV1-9,IGHJ1,CARGGGYWYFDVW,IGKV5-48,IGKJ5,CQQSNSWPLTF
SRBC,NA,NA,TRUE,mouse,CGGACGTAGCTCCTTC-1,SC24124_CTRL_CGGACGTAGCTCCTTC-1,IGHV1-64,IGHJ4,CARLRYYYSNSDYSMDYW,IGKV1-110,IGKJ5,CSQSTHVPLTF
SRBC,NA,NA,TRUE,mouse,CGGACGTAGGTAGCCA-1,SC24124_CTRL_CGGACGTAGGTAGCCA-1,IGHV2-2,IGHJ3,CARNGYYGSSLWFAYW,IGKV9-120,IGKJ2,CLQYASSPYTF
SRBC,NA,NA,TRUE,mouse,CGGACGTCACCATCCT-1,SC24124_CTRL_CGGACGTCACCATCCT-1,IGHV1-81,IGHJ4,CARDYDYDGGYALDYW,IGKV12-44,IGKJ1,CQHHYGTPRTF
SRBC,NA,NA,TRUE,mouse,CGGACGTCATAGGATA-1,SC24124_CTRL_CGGACGTCATAGGATA-1,IGHV1-52,IGHJ3,CARFYSNYLAWFAYW,IGKV1-110,IGKJ4,CSQSTHVPFTF
SRBC,NA,NA,TRUE,mouse,CGGACGTGTCTTTCAT-1,SC24124_CTRL_CGGACGTGTCTTTCAT-1,IGHV1-9,IGHJ4,CARVAYYSKNYAMDYW,IGKV12-89,IGKJ5,CQNVLSTPLTF
SRBC,NA,NA,TRUE,mouse,CGGACGTTCCAATGGT-1,SC24124_CTRL_CGGACGTTCCAATGGT-1,IGHV1-47-36,IGHJ2,CARDWYYGSTYFDYW,IGKV1-110,IGKJ1,CSQSTYVPPTF
SRBC,NA,NA,TRUE,mouse,CGGACTGCAAGGACTG-1,SC24124_CTRL_CGGACTGCAAGGACTG-1,IGHV1-18,IGHJ4,CAKIYFWSAMDYW,IGKV16-104,IGKJ5,CQQHNEYPLTF
SRBC,NA,NA,TRUE,mouse,CGGACTGGTCACAAGG-1,SC24124_CTRL_CGGACTGGTCACAAGG-1,IGHV1-72,IGHJ2,CARSDYGSSLDYW,IGKV6-32,IGKJ5,CQQDYSSPLTF
SRBC,NA,NA,TRUE,mouse,CGGACTGTCTCCGGTT-1,SC24124_CTRL_CGGACTGTCTCCGGTT-1,IGHV1-18-14,IGHJ1,CTRDRLLRYDFDVW,IGKV3-12,IGKJ1,CQHSRELPRTF
SRBC,NA,NA,TRUE,mouse,CGGAGCTTCAGCGACC-1,SC24124_CTRL_CGGAGCTTCAGCGACC-1,IGHV1-18-65,IGHJ4,CARERDYYGSSPYYAMDYW,IGKV1-88,IGKJ2,CLQGTHQPYTF
SRBC,NA,NA,TRUE,mouse,CGGAGTCGTAGAGTGC-1,SC24124_CTRL_CGGAGTCGTAGAGTGC-1,IGHV5-12-1,IGHJ1,CARRSYYRVFDVW,IGKV6-17,IGKJ2,CQQHYSTPPYTF
SRBC,NA,NA,TRUE,mouse,CGGAGTCTCAGGTAAA-1,SC24124_CTRL_CGGAGTCTCAGGTAAA-1,IGHV1-74,IGHJ4,CAIEKRVYAMDYW,IGKV10-96,IGKJ1,CQQGNTLRTF
SRBC,NA,NA,TRUE,mouse,CGGAGTCTCCGAACGC-1,SC24124_CTRL_CGGAGTCTCCGAACGC-1,IGHV2-9-1,IGHJ3,CARIYYYGSSGISFAYW,IGKV3-12,IGKJ5,CQHSRELPLTF
SRBC,NA,NA,TRUE,mouse,CGGAGTCTCTGTTTGT-1,SC24124_CTRL_CGGAGTCTCTGTTTGT-1,IGHV1-80,IGHJ2,CARIPGYYFDYW,IGKV16-104,IGKJ5,CQQHNEYPFTF
SRBC,NA,NA,TRUE,mouse,CGGCTAGCAGAAGCAC-1,SC24124_CTRL_CGGCTAGCAGAAGCAC-1,IGHV14-4,IGHJ4,CNAGLRDAMDYW,IGKV1-117,IGKJ1,CFQGSHVPRTF
SRBC,NA,NA,TRUE,mouse,CGGCTAGCATCCCATC-1,SC24124_CTRL_CGGCTAGCATCCCATC-1,IGHV1-12,IGHJ3,CARSDDFFAWFAYW,IGKV8-30,IGKJ1,CQQYYSYPWTF
SRBC,NA,NA,TRUE,mouse,CGGCTAGTCAGGATCT-1,SC24124_CTRL_CGGCTAGTCAGGATCT-1,IGHV1-47-46,IGHJ4,CTRLRDYAMDYW,IGKV10-96,IGKJ2,CQQGNTLPYTF
SRBC,NA,NA,TRUE,mouse,CGGGTCACAAAGTGCG-1,SC24124_CTRL_CGGGTCACAAAGTGCG-1,IGHV9-3,IGHJ4,CARSYAMDYW,IGKV1-135,IGKJ2,CWQGTHFPYTF
SRBC,NA,NA,TRUE,mouse,CGGTTAAAGACAATAC-1,SC24124_CTRL_CGGTTAAAGACAATAC-1,IGHV1-9,IGHJ2,CARRRYYGSSWFFDYW,IGKV1-117,IGKJ1,CFQGSHVPWTF
SRBC,NA,NA,TRUE,mouse,CGGTTAACACAGACAG-1,SC24124_CTRL_CGGTTAACACAGACAG-1,IGHV14-2,IGHJ3,CANWDTYW,IGLV1,IGLJ1,CALWYSNHFVF
SRBC,NA,NA,TRUE,mouse,CGGTTAAGTCTCTCGT-1,SC24124_CTRL_CGGTTAAGTCTCTCGT-1,IGHV14-1,IGHJ3,CARGGNYGWFAYW,IGKV6-15,IGKJ5,CQQYNSYPLTF
SRBC,NA,NA,TRUE,mouse,CGGTTAAGTTCCTCCA-1,SC24124_CTRL_CGGTTAAGTTCCTCCA-1,IGHV14-3,IGHJ2,CARGDGNYFDYW,IGKV8-30,IGKJ4,CQQYYSYPTF
SRBC,NA,NA,TRUE,mouse,CGGTTAATCCCGGATG-1,SC24124_CTRL_CGGTTAATCCCGGATG-1,IGHV14-1,IGHJ1,CARWRITTVVANFDVW,IGKV10-96,IGKJ1,CQQGNTLPWTF
SRBC,NA,NA,TRUE,mouse,CGGTTAATCTACTCAT-1,SC24124_CTRL_CGGTTAATCTACTCAT-1,IGHV1-55,IGHJ2,CAREAVALDYW,IGKV2-109,IGKJ2,CAQNLELPYTF
SRBC,NA,NA,TRUE,mouse,CGTAGCGAGACTTGAA-1,SC24124_CTRL_CGTAGCGAGACTTGAA-1,IGHV8-12,IGHJ4,CARRARSHYYAMDYW,IGKV10-96,IGKJ2,CQQGNTLPCTF
SRBC,NA,NA,TRUE,mouse,CGTAGCGGTAGGCATG-1,SC24124_CTRL_CGTAGCGGTAGGCATG-1,IGHV1-59,IGHJ2,CARGLRPLSYFDYW,IGKV8-27,IGKJ2,CHQYLSSYTF
SRBC,NA,NA,TRUE,mouse,CGTAGCGGTCACACGC-1,SC24124_CTRL_CGTAGCGGTCACACGC-1,IGHV1-52,IGHJ1,CARGDYGSSHWYFDVW,IGKV6-15,IGKJ2,CQQYNSYPYTF
SRBC,NA,NA,TRUE,mouse,CGTAGGCAGTGGGTTG-1,SC24124_CTRL_CGTAGGCAGTGGGTTG-1,IGHV8-4-13,IGHJ3,CARMEKVRPWFAYW,IGKV1-110,IGKJ4,CSQSTHVPFTF
SRBC,NA,NA,TRUE,mouse,CGTCACTCAGGCTCAC-1,SC24124_CTRL_CGTCACTCAGGCTCAC-1,IGHV1-18,IGHJ2,CARGRLGRYFDYW,IGKV12-38,IGKJ5,CKQVYDVPPTF
SRBC,NA,NA,TRUE,mouse,CGTCACTCATTGAGCT-1,SC24124_CTRL_CGTCACTCATTGAGCT-1,IGHV5-12,IGHJ1,CARYYYGSSGYFDVW,IGKV6-23,IGKJ4,CQQYSSYPLTF
SRBC,NA,NA,TRUE,mouse,CGTCACTGTAAATGAC-1,SC24124_CTRL_CGTCACTGTAAATGAC-1,IGHV1-42,IGHJ4,CARSYYGYGMDYW,IGKV10-96,IGKJ1,CQQGNTLWTF
SRBC,NA,NA,TRUE,mouse,CGTCACTGTTCAGCGC-1,SC24124_CTRL_CGTCACTGTTCAGCGC-1,IGHV1-50,IGHJ3,CARSAYYSNYVFAYW,IGKV4-90,IGKJ2,CQQRSSYPPTF
SRBC,NA,NA,TRUE,mouse,CGTCACTTCAGAGCTT-1,SC24124_CTRL_CGTCACTTCAGAGCTT-1,IGHV1-18,IGHJ1,CAISGARYFDVW,IGKV12-38,IGKJ1,CKQAYDVPPTF
SRBC,NA,NA,TRUE,mouse,CGTCACTTCATCGATG-1,SC24124_CTRL_CGTCACTTCATCGATG-1,IGHV1-42,IGHJ3,CARLGYDDSFAYW,IGKV4-61,IGKJ2,CQQYHSYPPTF
SRBC,NA,NA,TRUE,mouse,CGTCACTTCCACTCCA-1,SC24124_CTRL_CGTCACTTCCACTCCA-1,IGHV1-64,IGHJ4,CARHGRSTLYSMDYW,IGKV13-85,IGKJ4,CQQYWSIPFTF
SRBC,NA,NA,TRUE,mouse,CGTCACTTCTGCAAGT-1,SC24124_CTRL_CGTCACTTCTGCAAGT-1,IGHV1-84,IGHJ1,CARHYYGSRWWYFDVW,IGKV15-103,IGKJ2,CQQGQSYPLTF
SRBC,NA,NA,TRUE,mouse,CGTCAGGAGGAGTTGC-1,SC24124_CTRL_CGTCAGGAGGAGTTGC-1,IGHV1-47-14,IGHJ4,CTQIGVRRGMDYW,IGLV1,IGLJ1,CALWYSNHWVF
SRBC,NA,NA,TRUE,mouse,CGTCAGGCAAGCCGTC-1,SC24124_CTRL_CGTCAGGCAAGCCGTC-1,IGHV1-71-12,IGHJ3,CASSYDPWFAYW,IGKV6-17,IGKJ1,CQQHYSTPWTF
SRBC,NA,NA,TRUE,mouse,CGTCCATAGCGATGAC-1,SC24124_CTRL_CGTCCATAGCGATGAC-1,IGHV1-9,IGHJ4,CARGWDDYAMDYW,IGKV4-57-1,IGKJ5,CQQYSGYPLTF
SRBC,NA,NA,TRUE,mouse,CGTCCATAGTCAAGGC-1,SC24124_CTRL_CGTCCATAGTCAAGGC-1,IGHV5-12-1,IGHJ2,CARVYGYFDYW,IGKV6-17,IGKJ1,CQQHYSTPRTF
SRBC,NA,NA,TRUE,mouse,CGTCCATCATGTAAGA-1,SC24124_CTRL_CGTCCATCATGTAAGA-1,IGHV2-9-1,IGHJ4,CARKRGITTVVGEDYAMDYW,IGKV14-111,IGKJ5,CLQYDEFPTF
SRBC,NA,NA,TRUE,mouse,CGTCCATGTCCGTTAA-1,SC24124_CTRL_CGTCCATGTCCGTTAA-1,IGHV2-2,IGHJ3,CARNLGGFAYW,IGLV1,IGLJ1,CALWYSNHFWVF
SRBC,NA,NA,TRUE,mouse,CGTCTACTCATCGGAT-1,SC24124_CTRL_CGTCTACTCATCGGAT-1,IGHV1-72,IGHJ2,CARDYYGSSYDYFDYW,IGKV6-23,IGKJ1,CQQYSSYPWTF
SRBC,NA,NA,TRUE,mouse,CGTCTACTCGGAATCT-1,SC24124_CTRL_CGTCTACTCGGAATCT-1,IGHV1-87,IGHJ2,CARDYGSSFDYW,IGKV10-94,IGKJ1,CQQYSKLPRTF
SRBC,NA,NA,TRUE,mouse,CGTGTAACACAAGACG-1,SC24124_CTRL_CGTGTAACACAAGACG-1,IGHV1-47-11,IGHJ3,CARLLRQAFAYW,IGKV4-74,IGKJ2,CHQYHRSPHTF
SRBC,NA,NA,TRUE,mouse,CGTGTAATCCCAACGG-1,SC24124_CTRL_CGTGTAATCCCAACGG-1,IGHV10-1,IGHJ4,CVRRGYGNGAMDYW,IGKV8-30,IGKJ4,CQQYYSYPFTF
SRBC,NA,NA,TRUE,mouse,CGTGTCTCATCCTTGC-1,SC24124_CTRL_CGTGTCTCATCCTTGC-1,IGHV1-42,IGHJ4,CARRHYYGSSYTMDYW,IGKV1-117,IGKJ1,CFQGSHVPWAF
SRBC,NA,NA,TRUE,mouse,CGTGTCTTCTAACTTC-1,SC24124_CTRL_CGTGTCTTCTAACTTC-1,IGHV1-9,IGHJ1,CATTGDYYHGSSYGYFDVW,IGKV2-112,IGKJ5,CQQLVEYPLTF
SRBC,NA,NA,TRUE,mouse,CGTTAGACAGCCAGAA-1,SC24124_CTRL_CGTTAGACAGCCAGAA-1,IGHV9-4,IGHJ3,CASPSYYSNYVFAYW,IGKV1-110,IGKJ2,CSQSTHVPYTF
SRBC,NA,NA,TRUE,mouse,CGTTCTGCAAGGTGTG-1,SC24124_CTRL_CGTTCTGCAAGGTGTG-1,IGHV1-81,IGHJ2,CARSKGIYYYGRDYW,IGKV1-135,IGKJ2,CWQGTHFPYTF
SRBC,NA,NA,TRUE,mouse,CGTTCTGCAATGTAAG-1,SC24124_CTRL_CGTTCTGCAATGTAAG-1,IGHV2-2,IGHJ4,CARVTLGAMDYW,IGLV1,IGLJ1,CALWYSNHWVF
SRBC,NA,NA,TRUE,mouse,CGTTCTGGTCTAACGT-1,SC24124_CTRL_CGTTCTGGTCTAACGT-1,IGHV1-81,IGHJ2,CAIATVVATDFDYW,IGKV6-15,IGKJ2,CQQYNSYPYTF
SRBC,NA,NA,TRUE,mouse,CGTTGGGAGGCTCATT-1,SC24124_CTRL_CGTTGGGAGGCTCATT-1,IGHV1-47-3,IGHJ1,CTRYYGWYFDVW,IGKV3-3,IGKJ2,CQQSFEDPYTF
SRBC,NA,NA,TRUE,mouse,CGTTGGGAGTGCCAGA-1,SC24124_CTRL_CGTTGGGAGTGCCAGA-1,IGHV1-4,IGHJ4,CARWSPLYAMDYW,IGKV19-93,IGKJ2,CLQYDNLLYTF
SRBC,NA,NA,TRUE,mouse,CGTTGGGCAGGGTATG-1,SC24124_CTRL_CGTTGGGCAGGGTATG-1,IGHV1-9,IGHJ4,CTRRGYYYGSSWNYAMDYW,IGKV2-137,IGKJ5,CMQHLEYPLTF
SRBC,NA,NA,TRUE,mouse,CGTTGGGGTGGGTCAA-1,SC24124_CTRL_CGTTGGGGTGGGTCAA-1,IGHV1-42-1,IGHJ2,CARFYYGYYFDYW,IGKV14-111,IGKJ2,CLQYDEFPYTF
SRBC,NA,NA,TRUE,mouse,CGTTGGGTCAAGATCC-1,SC24124_CTRL_CGTTGGGTCAAGATCC-1,IGHV14-3,IGHJ2,CARSPEEYYFDYW,IGKV5-48,IGKJ5,CQQSNSWPTLTF
SRBC,NA,NA,TRUE,mouse,CTAACTTAGCGCTTAT-1,SC24124_CTRL_CTAACTTAGCGCTTAT-1,IGHV1-77,IGHJ4,CARVTSMDYW,IGKV9-120,IGKJ2,CLQYASSPYTF
SRBC,NA,NA,TRUE,mouse,CTAACTTAGTGGTAGC-1,SC24124_CTRL_CTAACTTAGTGGTAGC-1,IGHV9-2-1,IGHJ4,CARGYGLFYYAMDYW,IGKV1-117,IGKJ2,CFQGSHVPYTF
SRBC,NA,NA,TRUE,mouse,CTAACTTAGTTCCACA-1,SC24124_CTRL_CTAACTTAGTTCCACA-1,IGHV1-76,IGHJ4,CARRLAMDYW,IGKV6-15,IGKJ2,CQQYNSYPYTF
SRBC,NA,NA,TRUE,mouse,CTAACTTCACCAGTTA-1,SC24124_CTRL_CTAACTTCACCAGTTA-1,IGHV1S56,IGHJ3,CAREGYSHEGFAYW,IGKV4-59,IGKJ4,CQQWSSNPPTF
SRBC,NA,NA,TRUE,mouse,CTAACTTGTGGGTATG-1,SC24124_CTRL_CTAACTTGTGGGTATG-1,IGHV1-18,IGHJ3,CARRVFYYDYDVPFAYW,IGKV4-61,IGKJ1,CQQYHSYPPTF
SRBC,NA,NA,TRUE,mouse,CTAACTTTCATATCGG-1,SC24124_CTRL_CTAACTTTCATATCGG-1,IGHV8-12,IGHJ4,CARRAITTYCAMDYW,IGKV10-96,IGKJ2,CQQGNTLPPTF
SRBC,NA,NA,TRUE,mouse,CTAACTTTCATTGCGA-1,SC24124_CTRL_CTAACTTTCATTGCGA-1,IGHV14-3,IGHJ1,CARGDGYGGWYFDVW,IGKV5-48,IGKJ4,CQQSNSWPFTF
SRBC,NA,NA,TRUE,mouse,CTAAGACAGACCGGAT-1,SC24124_CTRL_CTAAGACAGACCGGAT-1,IGHV14-4,IGHJ3,CTTWLLAWFAYW,IGKV2-137,IGKJ2,CMQHLEFPYTF
SRBC,NA,NA,TRUE,mouse,CTAAGACAGAGTGACC-1,SC24124_CTRL_CTAAGACAGAGTGACC-1,IGHV1-42-1,IGHJ2,CARLYYDYYFDYW,IGKV14-111,IGKJ2,CLQYDEFPYTF
SRBC,NA,NA,TRUE,mouse,CTAAGACAGGACAGAA-1,SC24124_CTRL_CTAAGACAGGACAGAA-1,IGHV5-17,IGHJ3,CARGYGSSYVWFAYW,IGLV1,IGLJ1,CALWYSNHLVF
SRBC,NA,NA,TRUE,mouse,CTAAGACAGTATCTCG-1,SC24124_CTRL_CTAAGACAGTATCTCG-1,IGHV2-9,IGHJ4,CARGKTARATYYYYAMDYW,IGKV8-24,IGKJ5,CQQHYSTPLTF
SRBC,NA,NA,TRUE,mouse,CTAAGACCACTTCGAA-1,SC24124_CTRL_CTAAGACCACTTCGAA-1,IGHV5-17,IGHJ3,CAREYFAYW,IGKV9-124,IGKJ2,CLQYASYPYTF
SRBC,NA,NA,TRUE,mouse,CTAATGGCACAAGTAA-1,SC24124_CTRL_CTAATGGCACAAGTAA-1,IGHV3-2,IGHJ4,CARSRSTMITTGAMDYW,IGKV5-48,IGKJ2,CQQNNSWPTTF
SRBC,NA,NA,TRUE,mouse,CTAATGGTCACCATAG-1,SC24124_CTRL_CTAATGGTCACCATAG-1,IGHV5-12-1,IGHJ3,CARREGGIYYDHDWFAYW,IGKV6-15,IGKJ5,CQQYNSYPLTF
SRBC,NA,NA,TRUE,mouse,CTACACCAGGCAGGTT-1,SC24124_CTRL_CTACACCAGGCAGGTT-1,IGHV6-6,IGHJ4,CTRTGAMDYW,IGKV10-96,IGKJ1,CQQGNTLPWTF
SRBC,NA,NA,TRUE,mouse,CTACACCGTGTTTGGT-1,SC24124_CTRL_CTACACCGTGTTTGGT-1,IGHV1-47-11,IGHJ4,CARRNGNFLYAMDYW,IGKV1-110,IGKJ1,CSQSTHVPPWTF
SRBC,NA,NA,TRUE,mouse,CTACACCTCACTTATC-1,SC24124_CTRL_CTACACCTCACTTATC-1,IGHV1-39,IGHJ2,CAGSAGHYNTGSYSFDYW,IGKV6-13,IGKJ4,CQQYSSYPFTF
SRBC,NA,NA,TRUE,mouse,CTACACCTCCTTGGTC-1,SC24124_CTRL_CTACACCTCCTTGGTC-1,IGHV7-3,IGHJ3,CARDAGSSSPFAYW,IGKV4-91,IGKJ5,CQQGSSIPLTF
SRBC,NA,NA,TRUE,mouse,CTACATTAGATCGATA-1,SC24124_CTRL_CTACATTAGATCGATA-1,IGHV8-8,IGHJ4,CARIVYGSSLYSYAMDYW,IGKV3-2,IGKJ1,CQQNKEVPWTF
SRBC,NA,NA,TRUE,mouse,CTACATTAGATGTGGC-1,SC24124_CTRL_CTACATTAGATGTGGC-1,IGHV1-53,IGHJ2,CASNYHYW,IGKV10-94,IGKJ4,CQQYSKLPFTF
SRBC,NA,NA,TRUE,mouse,CTACATTTCGATGAGG-1,SC24124_CTRL_CTACATTTCGATGAGG-1,IGHV1-47-8,IGHJ2,CARGLLRSSYYFDYW,IGKV5-39,IGKJ2,CQNGHSFPYTF
SRBC,NA,NA,TRUE,mouse,CTACCCAAGGTGGGTT-1,SC24124_CTRL_CTACCCAAGGTGGGTT-1,IGHV8-4-7,IGHJ4,CARRARSHYYTMDYW,IGKV10-96,IGKJ2,CQQDNTLPYTF
SRBC,NA,NA,TRUE,mouse,CTACGTCAGTGCCATT-1,SC24124_CTRL_CTACGTCAGTGCCATT-1,IGHV2-5,IGHJ4,CAKGNITTGYAMDYW,IGKV3-5,IGKJ2,CQQSNEDPYTF
SRBC,NA,NA,TRUE,mouse,CTACGTCGTAGCCTCG-1,SC24124_CTRL_CTACGTCGTAGCCTCG-1,IGHV1-15,IGHJ3,CTTYYSNYVRFAYW,IGKV12-41,IGKJ2,CQHFWSTPYTF
SRBC,NA,NA,TRUE,mouse,CTACGTCTCCGTTGTC-1,SC24124_CTRL_CTACGTCTCCGTTGTC-1,IGHV1-69-1,IGHJ4,CARKSPFNWDEDYYAMDYW,IGKV4-74,IGKJ2,CHQYHRSPYTF
SRBC,NA,NA,TRUE,mouse,CTAGAGTAGTCTCGGC-1,SC24124_CTRL_CTAGAGTAGTCTCGGC-1,IGHV6-6,IGHJ3,CTRGEAPWFAYW,IGKV8-30,IGKJ5,CQQYYNYPLTF
SRBC,NA,NA,TRUE,mouse,CTAGAGTCAGCGATCC-1,SC24124_CTRL_CTAGAGTCAGCGATCC-1,IGHV1-50,IGHJ2,CARSPNYYGSRGYFDYW,IGKV1-135,IGKJ1,CWQGTHFPRTF
SRBC,NA,NA,TRUE,mouse,CTAGCCTAGAACAACT-1,SC24124_CTRL_CTAGCCTAGAACAACT-1,IGHV2-2,IGHJ4,CARNWGGPYAMDYW,IGKV8-27,IGKJ5,CHQYLSSLTF
SRBC,NA,NA,TRUE,mouse,CTAGCCTAGCTGAACG-1,SC24124_CTRL_CTAGCCTAGCTGAACG-1,IGHV1-64,IGHJ2,CARHSGNYVYFDYW,IGKV6-15,IGKJ2,CQQYNRCPLYTF
SRBC,NA,NA,TRUE,mouse,CTAGCCTAGGCCCTTG-1,SC24124_CTRL_CTAGCCTAGGCCCTTG-1,IGHV9-2-1,IGHJ3,CARGSDGYYAAYW,IGKV2-137,IGKJ2,CMQHLEYPYTF
SRBC,NA,NA,TRUE,mouse,CTAGCCTCAAATTGCC-1,SC24124_CTRL_CTAGCCTCAAATTGCC-1,IGHV1-82,IGHJ2,CARHDYYGKDYW,IGKV17-121,IGKJ2,CLQSDNLPYTF
SRBC,NA,NA,TRUE,mouse,CTAGCCTCAGAAGCAC-1,SC24124_CTRL_CTAGCCTCAGAAGCAC-1,IGHV1-26,IGHJ2,CARKDRGNYGDYW,IGKV6-23,IGKJ4,CQQYSSYPLTF
SRBC,NA,NA,TRUE,mouse,CTAGCCTCATTTCACT-1,SC24124_CTRL_CTAGCCTCATTTCACT-1,IGHV8-4-19,IGHJ4,CARNVYYYGSSYLYAMDYW,IGKV3-2,IGKJ1,CQQSKEVPWTF
SRBC,NA,NA,TRUE,mouse,CTAGCCTTCAGGTAAA-1,SC24124_CTRL_CTAGCCTTCAGGTAAA-1,IGHV1-47-14,IGHJ2,CTITTVVVTDYFDYW,IGKV8-30,IGKJ5,CQQYYSYPLTF
SRBC,NA,NA,TRUE,mouse,CTAGCCTTCCGGCACA-1,SC24124_CTRL_CTAGCCTTCCGGCACA-1,IGHV1-52,IGHJ1,CARGGIYYGDYWYFDVW,IGKV6-15,IGKJ2,CQQYNNYPYTF
SRBC,NA,NA,TRUE,mouse,CTAGTGACACACTGCG-1,SC24124_CTRL_CTAGTGACACACTGCG-1,IGHV1-47-11,IGHJ4,CARWSFGYYYAMDYW,IGLV1,IGLJ1,CALWYSNHWVF
SRBC,NA,NA,TRUE,mouse,CTAGTGACACGAAATA-1,SC24124_CTRL_CTAGTGACACGAAATA-1,IGHV10-1,IGHJ3,CVRGYGSSPGFAYW,IGLV2,IGLJ2,CALWYSTHYVF
SRBC,NA,NA,TRUE,mouse,CTAGTGACACTTAAGC-1,SC24124_CTRL_CTAGTGACACTTAAGC-1,IGHV1-15,IGHJ4,CTREGGDGGYAMDYW,IGKV6-23,IGKJ4,CQQYSSYPFTF
SRBC,NA,NA,TRUE,mouse,CTAGTGATCCGCATAA-1,SC24124_CTRL_CTAGTGATCCGCATAA-1,IGHV5-4,IGHJ3,CARDPTARATAWFAYW,IGKV6-32,IGKJ5,CQQDYSSPLTF
SRBC,NA,NA,TRUE,mouse,CTCACACCAACACCTA-1,SC24124_CTRL_CTCACACCAACACCTA-1,IGHV1-74,IGHJ3,CAIKGAAYW,IGKV1-135,IGKJ1,CWQGTHFPWTF
SRBC,NA,NA,TRUE,mouse,CTCACACCAATCGGTT-1,SC24124_CTRL_CTCACACCAATCGGTT-1,IGHV5-12-1,IGHJ4,CARHPFPYGYVHAMDYW,IGKV17-127,IGKJ4,CLQSDNMPFTF
SRBC,NA,NA,TRUE,mouse,CTCACACGTACACCGC-1,SC24124_CTRL_CTCACACGTACACCGC-1,IGHV1-7,IGHJ4,CARWDVWLRAMDYW,IGKV4-68,IGKJ4,CQQWSSNPFTF
SRBC,NA,NA,TRUE,mouse,CTCAGAATCAGCTGGC-1,SC24124_CTRL_CTCAGAATCAGCTGGC-1,IGHV2-5-1,IGHJ4,CAKDGYYVYYAMDYW,IGKV4-57,IGKJ4,CQQRSSYPFTF
SRBC,NA,NA,TRUE,mouse,CTCATTAGTGTGCCTG-1,SC24124_CTRL_CTCATTAGTGTGCCTG-1,IGHV7-3,IGHJ3,CARFGGSSFTYW,IGKV4-91,IGKJ5,CQQYSSIPLTF
SRBC,NA,NA,TRUE,mouse,CTCCTAGCACACCGAC-1,SC24124_CTRL_CTCCTAGCACACCGAC-1,IGHV1-9,IGHJ1,CARRRYYGSPWYFDVW,IGKV1-117,IGKJ4,CFQGSHVPFTF
SRBC,NA,NA,TRUE,mouse,CTCCTAGCACCACCAG-1,SC24124_CTRL_CTCCTAGCACCACCAG-1,IGHV8-4-15,IGHJ1,CARILRSYYGWYFDVW,IGKV6-15,IGKJ5,CQQYNSYPLTF
SRBC,NA,NA,TRUE,mouse,CTCCTAGCAGGGTACA-1,SC24124_CTRL_CTCCTAGCAGGGTACA-1,IGHV1-80,IGHJ3,CARWNWDEAYW,IGKV5-48,IGKJ4,CQQSNSWPFTF
SRBC,NA,NA,TRUE,mouse,CTCGAAAAGAACTCGG-1,SC24124_CTRL_CTCGAAAAGAACTCGG-1,IGHV1-47-46,IGHJ3,CTRGGRGAYW,IGKV8-19,IGKJ1,CQNDYTYPWTF
SRBC,NA,NA,TRUE,mouse,CTCGAAAAGACGCAAC-1,SC24124_CTRL_CTCGAAAAGACGCAAC-1,IGHV1-80,IGHJ1,CARSVGQWYFDVW,IGKV16-104,IGKJ1,CQQHNEYPWTF
SRBC,NA,NA,TRUE,mouse,CTCGAAAGTACGACCC-1,SC24124_CTRL_CTCGAAAGTACGACCC-1,IGHV5-4,IGHJ4,CARNGILSIYYYAGRAYAMDYW,IGKV8-30,IGKJ2,CQQYYSYPYTF
SRBC,NA,NA,TRUE,mouse,CTCGAAAGTCTAGGTT-1,SC24124_CTRL_CTCGAAAGTCTAGGTT-1,IGHV1-47-1,IGHJ3,CASRGGYDEGFAYW,IGKV4-58,IGKJ4,CQQWSGYPFTF
SRBC,NA,NA,TRUE,mouse,CTCGAAATCACGACTA-1,SC24124_CTRL_CTCGAAATCACGACTA-1,IGHV1-9,IGHJ3,CARWFAYW,IGKV1-135,IGKJ2,CWQGTHFPYTF
SRBC,NA,NA,TRUE,mouse,CTCGAAATCGTCACGG-1,SC24124_CTRL_CTCGAAATCGTCACGG-1,IGHV1-9,IGHJ3,CARSGYYGSTYKFAYW,IGKV6-17,IGKJ5,CQQHFSTPLTF
SRBC,NA,NA,TRUE,mouse,CTCGGAGCAGGCAGTA-1,SC24124_CTRL_CTCGGAGCAGGCAGTA-1,IGHV1-63,IGHJ3,CAIYYYVSSHWFTYW,IGKV15-103,IGKJ5,CQQGQSYPLTF
SRBC,NA,NA,TRUE,mouse,CTCGGAGCATCAGTCA-1,SC24124_CTRL_CTCGGAGCATCAGTCA-1,IGHV1-53,IGHJ1,CARSIYYYGSSHWYFDVW,IGKV12-41,IGKJ2,CQHFWNPPYTF
SRBC,NA,NA,TRUE,mouse,CTCGGAGGTCAGAGGT-1,SC24124_CTRL_CTCGGAGGTCAGAGGT-1,IGHV1-62-2,IGHJ4,CGRHEDYGYDRAMDYW,IGKV2-137,IGKJ2,CMQHLEYPYTF
SRBC,NA,NA,TRUE,mouse,CTCGGGACAAGTCATC-1,SC24124_CTRL_CTCGGGACAAGTCATC-1,IGHV2-4,IGHJ1,CARNSDYYWYFDVW,IGLV3,IGLJ2,CGVGDTIKEQFVYVF
SRBC,NA,NA,TRUE,mouse,CTCGGGATCATCACCC-1,SC24124_CTRL_CTCGGGATCATCACCC-1,IGHV1-53,IGHJ2,CARSYFDYW,IGKV9-124,IGKJ1,CLQYASYPWTF
SRBC,NA,NA,TRUE,mouse,CTCGTACAGACGCAAC-1,SC24124_CTRL_CTCGTACAGACGCAAC-1,IGHV9-2-1,IGHJ3,CASSFYDPFAYW,IGKV2-137,IGKJ2,CVQHLEYPYTF
SRBC,NA,NA,TRUE,mouse,CTCGTACAGCGTTTAC-1,SC24124_CTRL_CTCGTACAGCGTTTAC-1,IGHV1-9,IGHJ1,CARRRFYGNDRFFDVW,IGKV1-117,IGKJ1,CFQGSHVPWTF
SRBC,NA,NA,TRUE,mouse,CTCGTACGTACCAGTT-1,SC24124_CTRL_CTCGTACGTACCAGTT-1,IGHV10-3,IGHJ4,CVREGVYYGNYAWDYYYAMDYW,IGLV2,IGLJ2,CALWYSTHYVF
SRBC,NA,NA,TRUE,mouse,CTCGTCAAGACTCGGA-1,SC24124_CTRL_CTCGTCAAGACTCGGA-1,IGHV9-1,IGHJ4,CARQQTGWATHYGMDYW,IGKV15-103,IGKJ1,CQQGQSYPWTF
SRBC,NA,NA,TRUE,mouse,CTCGTCAAGAGGGCTT-1,SC24124_CTRL_CTCGTCAAGAGGGCTT-1,IGHV9-3,IGHJ2,CARRGLDYW,IGLV1,IGLJ1,CVLWNSNHWVF
SRBC,NA,NA,TRUE,mouse,CTCGTCACAAGCGATG-1,SC24124_CTRL_CTCGTCACAAGCGATG-1,IGHV1-72,IGHJ3,CARFDYDVGAYW,IGKV8-19,IGKJ2,CQNDYSYPYTF
SRBC,NA,NA,TRUE,mouse,CTCGTCATCTTGTACT-1,SC24124_CTRL_CTCGTCATCTTGTACT-1,IGHV1-54,IGHJ3,CARGGGWLPFAYW,IGLV1,IGLJ3,CALWYSNHFIF
SRBC,NA,NA,TRUE,mouse,CTCTAATAGCCCGAAA-1,SC24124_CTRL_CTCTAATAGCCCGAAA-1,IGHV1-42-1,IGHJ4,CARRGLQRPHYYSMDYW,IGKV6-32,IGKJ4,CQQDYSSPFTF
SRBC,NA,NA,TRUE,mouse,CTCTAATCACACCGAC-1,SC24124_CTRL_CTCTAATCACACCGAC-1,IGHV1-55,IGHJ2,CARGGLRRDFDYW,IGKV15-103,IGKJ4,CQQGQSYPFTF
SRBC,NA,NA,TRUE,mouse,CTCTAATTCCTGCAGG-1,SC24124_CTRL_CTCTAATTCCTGCAGG-1,IGHV9-1,IGHJ3,CARIYYYGSSYTWFAYW,IGKV10-94,IGKJ1,CQQYSKLPWTF
SRBC,NA,NA,TRUE,mouse,CTCTAATTCGACGGAA-1,SC24124_CTRL_CTCTAATTCGACGGAA-1,IGHV9-1,IGHJ1,CARRGVSNWYFDVW,IGKV12-46,IGKJ2,CQHFWGTPYTF
SRBC,NA,NA,TRUE,mouse,CTCTAATTCGTACGGC-1,SC24124_CTRL_CTCTAATTCGTACGGC-1,IGHV1-74,IGHJ1,CSSHYYSSGVWYFDVW,IGKV3-2,IGKJ2,CQQSKEVPYTF
SRBC,NA,NA,TRUE,mouse,CTCTAATTCTGGCGTG-1,SC24124_CTRL_CTCTAATTCTGGCGTG-1,IGHV1-64,IGHJ1,CSRSGGYYLSYWYFDVW,IGKV5-43,IGKJ5,CQQSNSWPLTF
SRBC,NA,NA,TRUE,mouse,CTCTACGAGGCTAGAC-1,SC24124_CTRL_CTCTACGAGGCTAGAC-1,IGHV14-4,IGHJ2,CTTRYDYW,IGKV12-41,IGKJ1,CQHFWSTPRTF
SRBC,NA,NA,TRUE,mouse,CTCTACGAGTGCGTGA-1,SC24124_CTRL_CTCTACGAGTGCGTGA-1,IGHV1-82,IGHJ1,CARGGSSYPWYFDVW,IGKV3-4,IGKJ5,CQQSNEDPPTF
SRBC,NA,NA,TRUE,mouse,CTCTACGCACCAGGTC-1,SC24124_CTRL_CTCTACGCACCAGGTC-1,IGHV10-1,IGHJ3,CVRHDSSGYVAWFAYW,IGKV12-46,IGKJ1,CQHFWGTPWTF
SRBC,NA,NA,TRUE,mouse,CTCTACGGTGATGATA-1,SC24124_CTRL_CTCTACGGTGATGATA-1,IGHV1-18,IGHJ1,CARIRAASYWYFDVW,IGKV9-120,IGKJ4,CLQYASSPFTF
SRBC,NA,NA,TRUE,mouse,CTCTACGTCGCCAAAT-1,SC24124_CTRL_CTCTACGTCGCCAAAT-1,IGHV1-42-1,IGHJ2,CARRGFYYDYEDYW,IGKV1-110,IGKJ1,CSQNTHVPWTF
SRBC,NA,NA,TRUE,mouse,CTCTGGTAGCTGATAA-1,SC24124_CTRL_CTCTGGTAGCTGATAA-1,IGHV1-81,IGHJ2,CARKSYYSNSYFDYW,IGKV10-94,IGKJ2,CQQYSKLPYTF
SRBC,NA,NA,TRUE,mouse,CTCTGGTGTCTAGTCA-1,SC24124_CTRL_CTCTGGTGTCTAGTCA-1,IGHV5-17,IGHJ1,CAGGDGTRRYWYFDVW,IGKV4-68,IGKJ5,CQQWSSNPLTF
SRBC,NA,NA,TRUE,mouse,CTCTGGTTCACCGTAA-1,SC24124_CTRL_CTCTGGTTCACCGTAA-1,IGHV1-26,IGHJ2,CARRKISYYVNHFDYW,IGKV1-110,IGKJ1,CSQSTHVPWTF
SRBC,NA,NA,TRUE,mouse,CTCTGGTTCTCCCTGA-1,SC24124_CTRL_CTCTGGTTCTCCCTGA-1,IGHV5-17,IGHJ4,CARIYGYAMDYW,IGKV4-86,IGKJ4,CQQWNYPLITF
SRBC,NA,NA,TRUE,mouse,CTCTGGTTCTGAAAGA-1,SC24124_CTRL_CTCTGGTTCTGAAAGA-1,IGHV2-2,IGHJ4,CARGDYYGMDYW,IGKV10-96,IGKJ1,CQQGNTLPWTF
SRBC,NA,NA,TRUE,mouse,CTGAAACCATGTAAGA-1,SC24124_CTRL_CTGAAACCATGTAAGA-1,IGHV8-12,IGHJ3,CARRRYDVAWFAYW,IGKV6-15,IGKJ5,CQQYNSYPLTF
SRBC,NA,NA,TRUE,mouse,CTGAAACGTACAGTTC-1,SC24124_CTRL_CTGAAACGTACAGTTC-1,IGHV1-52,IGHJ2,CSRSYDYDGFDYW,IGKV6-23,IGKJ4,CQQYSSYPFTF
SRBC,NA,NA,TRUE,mouse,CTGAAACGTCTGATTG-1,SC24124_CTRL_CTGAAACGTCTGATTG-1,IGHV1-87,IGHJ1,CARWNYGYWYFDVW,IGLV1,IGLJ1,CALWYSNHWVF
SRBC,NA,NA,TRUE,mouse,CTGAAACTCGCCCTTA-1,SC24124_CTRL_CTGAAACTCGCCCTTA-1,IGHV9-2-1,IGHJ2,CARTATSDYW,IGKV6-17,IGKJ1,CQQHYNTPRTF
SRBC,NA,NA,TRUE,mouse,CTGAAGTCATACTACG-1,SC24124_CTRL_CTGAAGTCATACTACG-1,IGHV2-6-5,IGHJ1,CAKHGTAVRYFDVW,IGKV6-15,IGKJ5,CQQYNSYLTF
SRBC,NA,NA,TRUE,mouse,CTGAAGTGTCCATGAT-1,SC24124_CTRL_CTGAAGTGTCCATGAT-1,IGHV1-26,IGHJ2,CARRYYGSSYEDYW,IGKV3-10,IGKJ2,CQQNNEDPYTF
SRBC,NA,NA,TRUE,mouse,CTGAAGTTCGCCATAA-1,SC24124_CTRL_CTGAAGTTCGCCATAA-1,IGHV2-5,IGHJ4,CAKNRRSNSEAMDYW,IGKV17-121,IGKJ5,CLQSDNLPLTF
SRBC,NA,NA,TRUE,mouse,CTGATAGAGTAGCGGT-1,SC24124_CTRL_CTGATAGAGTAGCGGT-1,IGHV1-18,IGHJ1,CARGNFDWYFDVW,IGKV4-59,IGKJ4,CQQWSSHPPTF
SRBC,NA,NA,TRUE,mouse,CTGATAGAGTCAAGCG-1,SC24124_CTRL_CTGATAGAGTCAAGCG-1,IGHV1-87,IGHJ4,CARWASTHWAMDYW,IGKV1-122,IGKJ5,CLQVTHVPPTF
SRBC,NA,NA,TRUE,mouse,CTGATAGCATATGAGA-1,SC24124_CTRL_CTGATAGCATATGAGA-1,IGHV1-9,IGHJ3,CARWFAYW,IGKV1-135,IGKJ5,CWQGTHFPLTF
SRBC,NA,NA,TRUE,mouse,CTGATAGGTATAGGTA-1,SC24124_CTRL_CTGATAGGTATAGGTA-1,IGHV1-62-2,IGHJ2,CARHGYDYFDYW,IGKV2-137,IGKJ2,CMQHLEYPYTF
SRBC,NA,NA,TRUE,mouse,CTGATAGGTTAAGATG-1,SC24124_CTRL_CTGATAGGTTAAGATG-1,IGHV2-9-1,IGHJ2,CARNSDYDYFFDYW,IGKV6-17,IGKJ2,CQQHYSTPYTF
SRBC,NA,NA,TRUE,mouse,CTGATAGTCTGATTCT-1,SC24124_CTRL_CTGATAGTCTGATTCT-1,IGHV1-9,IGHJ3,CARRPYYDYDGTFAYW,IGKV1-110,IGKJ5,CSQSTHVPPTF
SRBC,NA,NA,TRUE,mouse,CTGATCCAGATGTTAG-1,SC24124_CTRL_CTGATCCAGATGTTAG-1,IGHV1-53,IGHJ2,CVRSYFDYW,IGKV9-124,IGKJ1,CLQCASYPWTF
SRBC,NA,NA,TRUE,mouse,CTGATCCCAAGGTTTC-1,SC24124_CTRL_CTGATCCCAAGGTTTC-1,IGHV1-26,IGHJ2,CARRRTTVVATPYYFDYW,IGKV6-25,IGKJ5,CQQHYSTPLTF
SRBC,NA,NA,TRUE,mouse,CTGATCCGTACCGAGA-1,SC24124_CTRL_CTGATCCGTACCGAGA-1,IGHV1-62-2,IGHJ2,CARHKDYYGSSNVDYW,IGKV2-137,IGKJ2,CMQHLEYPYTF
SRBC,NA,NA,TRUE,mouse,CTGATCCGTGACGCCT-1,SC24124_CTRL_CTGATCCGTGACGCCT-1,IGHV3-2,IGHJ2,CAGNYDGYHYGDYW,IGKV5-39,IGKJ1,CQNGHSFPWTF
SRBC,NA,NA,TRUE,mouse,CTGATCCTCACTTACT-1,SC24124_CTRL_CTGATCCTCACTTACT-1,IGHV1-55,IGHJ4,CARWDFITTVVSRGMDYW,IGKV8-21,IGKJ2,CKQSYNLYTF
SRBC,NA,NA,TRUE,mouse,CTGCCTACAAGGTGTG-1,SC24124_CTRL_CTGCCTACAAGGTGTG-1,IGHV1-42,IGHJ4,CARRRYYAPYAMDYW,IGKV1-117,IGKJ4,CFQGSHVPFTF
SRBC,NA,NA,TRUE,mouse,CTGCCTAGTCGACTGC-1,SC24124_CTRL_CTGCCTAGTCGACTGC-1,IGHV1-62-2,IGHJ3,CARHGLYSGFTYW,IGKV8-19,IGKJ4,CQNDYSYPFTF
SRBC,NA,NA,TRUE,mouse,CTGCGGAAGGACAGAA-1,SC24124_CTRL_CTGCGGAAGGACAGAA-1,IGHV1-31,IGHJ4,CARRVVPGAMDYW,IGKV16-104,IGKJ1,CQQHNEYPWTF
SRBC,NA,NA,TRUE,mouse,CTGCGGACAAGCCATT-1,SC24124_CTRL_CTGCGGACAAGCCATT-1,IGHV1-81,IGHJ2,CARGYDGYYYW,IGKV4-80,IGKJ2,CHQWSSYPYTF
SRBC,NA,NA,TRUE,mouse,CTGCGGACACCTTGTC-1,SC24124_CTRL_CTGCGGACACCTTGTC-1,IGHV2-9-1,IGHJ2,CARNHYYGSSYFDYW,IGKV6-32,IGKJ2,CQQDYSSPYTF
SRBC,NA,NA,TRUE,mouse,CTGCGGACATTCCTGC-1,SC24124_CTRL_CTGCGGACATTCCTGC-1,IGHV1-63,IGHJ4,CARCVRGAMDYW,IGKV8-30,IGKJ1,CQQYYSYPRTF
SRBC,NA,NA,TRUE,mouse,CTGCGGAGTCAGAGGT-1,SC24124_CTRL_CTGCGGAGTCAGAGGT-1,IGHV9-2-1,IGHJ2,CARNYKDFDYW,IGKV12-41,IGKJ4,CQHFWSTPFTF
SRBC,NA,NA,TRUE,mouse,CTGCTGTAGGGCACTA-1,SC24124_CTRL_CTGCTGTAGGGCACTA-1,IGHV1-14,IGHJ4,CARYYYGSSYYAMDYW,IGKV1-117,IGKJ1,CFQGSHVPWTF
SRBC,NA,NA,TRUE,mouse,CTGCTGTAGTTCGCAT-1,SC24124_CTRL_CTGCTGTAGTTCGCAT-1,IGHV1-26,IGHJ1,CARCYYGSSYWYFDVW,IGKV6-20,IGKJ2,CGQSYRYPYTF
SRBC,NA,NA,TRUE,mouse,CTGCTGTGTCACTTCC-1,SC24124_CTRL_CTGCTGTGTCACTTCC-1,IGHV5-17,IGHJ3,CAGGLGAWFAYW,IGKV4-59,IGKJ5,CQQWSSNPLTF
SRBC,NA,NA,TRUE,mouse,CTGCTGTGTCTGGAGA-1,SC24124_CTRL_CTGCTGTGTCTGGAGA-1,IGHV1-53,IGHJ4,CASQLRLPSYAMDYW,IGKV8-19,IGKJ2,CQNDYSYPYTF
SRBC,NA,NA,TRUE,mouse,CTGCTGTTCATGCAAC-1,SC24124_CTRL_CTGCTGTTCATGCAAC-1,IGHV1-14,IGHJ4,CARAFYYKVDYW,IGKV3-4,IGKJ2,CQQNNEDPYTF
SRBC,NA,NA,TRUE,mouse,CTGCTGTTCGAACGGA-1,SC24124_CTRL_CTGCTGTTCGAACGGA-1,IGHV1-19,IGHJ1,CARSSITTVADVW,IGKV13-84,IGKJ2,CQQYWTTPYTF
SRBC,NA,NA,TRUE,mouse,CTGGTCTAGGAGTACC-1,SC24124_CTRL_CTGGTCTAGGAGTACC-1,IGHV1-54,IGHJ3,CARSRDYEGFAYW,IGKV1-117,IGKJ4,CFQGSHVPFTF
SRBC,NA,NA,TRUE,mouse,CTGGTCTGTGATAAAC-1,SC24124_CTRL_CTGGTCTGTGATAAAC-1,IGHV14-2,IGHJ1,CARNYYGSSYDWYFDVW,IGKV17-127,IGKJ5,CLQSDNMPLTF
SRBC,NA,NA,TRUE,mouse,CTGGTCTTCGCGGATC-1,SC24124_CTRL_CTGGTCTTCGCGGATC-1,IGHV1-53,IGHJ3,CARGYGAYW,IGKV9-124,IGKJ1,CLQYATYPWTF
SRBC,NA,NA,TRUE,mouse,CTGTGCTCACCAGGTC-1,SC24124_CTRL_CTGTGCTCACCAGGTC-1,IGHV1-74,IGHJ3,CAIGYDYDGVAYW,IGKV6-23,IGKJ1,CQQYSSYPLTF
SRBC,NA,NA,TRUE,mouse,CTGTGCTCAGCCAATT-1,SC24124_CTRL_CTGTGCTCAGCCAATT-1,IGHV1-84,IGHJ3,CARSEGYYGPWFAYW,IGKV4-80,IGKJ5,CHQWSSYPTF
SRBC,NA,NA,TRUE,mouse,CTGTGCTGTAATAGCA-1,SC24124_CTRL_CTGTGCTGTAATAGCA-1,IGHV1-55,IGHJ3,CASHYYGRAYW,IGKV1-117,IGKJ1,CFQGSHVPRTF
SRBC,NA,NA,TRUE,mouse,CTGTGCTGTGCCTGGT-1,SC24124_CTRL_CTGTGCTGTGCCTGGT-1,IGHV1-53,IGHJ3,CARSCDYDGPGLWFAYW,IGKV13-84,IGKJ4,CQQYWSTPFTF
SRBC,NA,NA,TRUE,mouse,CTGTGCTGTGGTCTCG-1,SC24124_CTRL_CTGTGCTGTGGTCTCG-1,IGHV8-12,IGHJ4,CARQIYFGSSSYTMDYW,IGKV12-98,IGKJ2,CQQLYSTPLTF
SRBC,NA,NA,TRUE,mouse,CTGTTTAAGAAGGCCT-1,SC24124_CTRL_CTGTTTAAGAAGGCCT-1,IGHV14-2,IGHJ4,CARWLRRRGCALDYW,IGKV2-137,IGKJ4,CMQHLEYPFTF
SRBC,NA,NA,TRUE,mouse,CTGTTTACAATCAGAA-1,SC24124_CTRL_CTGTTTACAATCAGAA-1,IGHV4-1,IGHJ4,CARPLHYAMDYW,IGKV2-112,IGKJ5,CQQLVEYPLTF
SRBC,NA,NA,TRUE,mouse,CTGTTTACAGTGGAGT-1,SC24124_CTRL_CTGTTTACAGTGGAGT-1,IGHV1-85,IGHJ2,CARELLRYYFDYW,IGKV10-94,IGKJ2,CQQYSKLPYTF
SRBC,NA,NA,TRUE,mouse,CTGTTTACATGTCGAT-1,SC24124_CTRL_CTGTTTACATGTCGAT-1,IGHV1-62-2,IGHJ4,CARHEDYDAYPGDAMDYW,IGKV2-137,IGKJ2,CMQHLEYPYTF
SRBC,NA,NA,TRUE,mouse,CTGTTTAGTGCAGGTA-1,SC24124_CTRL_CTGTTTAGTGCAGGTA-1,IGHV2-6-7,IGHJ2,CARETYGLDYW,IGKV4-59,IGKJ5,CQQWSSHPLTF
SRBC,NA,NA,TRUE,mouse,CTTAACTCACCATGTA-1,SC24124_CTRL_CTTAACTCACCATGTA-1,IGHV1-85,IGHJ1,CARRTTVVARGGWYFAVW,IGKV15-103,IGKJ5,CQQGHSYPLTF
SRBC,NA,NA,TRUE,mouse,CTTAACTCATATGAGA-1,SC24124_CTRL_CTTAACTCATATGAGA-1,IGHV2-6-7,IGHJ2,CARSYCGLDYW,IGKV4-59,IGKJ5,CQQWSSNPLTF
SRBC,NA,NA,TRUE,mouse,CTTAACTCATCACCCT-1,SC24124_CTRL_CTTAACTCATCACCCT-1,IGHV9-3,IGHJ1,CARRYGKGLDWYFDVW,IGKV5-43,IGKJ5,CQQSNSWPLTF
SRBC,NA,NA,TRUE,mouse,CTTAACTGTCCAGTAT-1,SC24124_CTRL_CTTAACTGTCCAGTAT-1,IGHV8-4-7,IGHJ4,CARRARPYYYSMDYW,IGKV10-96,IGKJ2,CQQGNTLPYTF
SRBC,NA,NA,TRUE,mouse,CTTAACTTCTTGTTTG-1,SC24124_CTRL_CTTAACTTCTTGTTTG-1,IGHV8-12,IGHJ4,CARRRSTGGYYYAMDYW,IGKV10-96,IGKJ5,CQQGNTLPLTF
SRBC,NA,NA,TRUE,mouse,CTTACCGAGGGAAACA-1,SC24124_CTRL_CTTACCGAGGGAAACA-1,IGHV1-43,IGHJ1,CAIYYGSSHWYFDVW,IGKV1-117,IGKJ4,CFQGSHVPFTF
SRBC,NA,NA,TRUE,mouse,CTTACCGGTCCGTCAG-1,SC24124_CTRL_CTTACCGGTCCGTCAG-1,IGHV1-80,IGHJ2,CARLLGYYFDYW,IGKV17-127,IGKJ2,CLQSDNMPFTF
SRBC,NA,NA,TRUE,mouse,CTTACCGGTGCGGTAA-1,SC24124_CTRL_CTTACCGGTGCGGTAA-1,IGHV1-47-36,IGHJ2,CARRDYYGSSPYFDYW,IGKV17-127,IGKJ2,CLQSDNMPLTF
SRBC,NA,NA,TRUE,mouse,CTTACCGTCGAACTGT-1,SC24124_CTRL_CTTACCGTCGAACTGT-1,IGHV3-2,IGHJ3,CARDDGYYS,IGKV4-57,IGKJ2,CQQRSSYPYTF
SRBC,NA,NA,TRUE,mouse,CTTACCGTCTCGATGA-1,SC24124_CTRL_CTTACCGTCTCGATGA-1,IGHV1-47-6,IGHJ4,CAREFGYAMDYW,IGKV6-23,IGKJ2,CQLYSSYPYTF
SRBC,NA,NA,TRUE,mouse,CTTAGGAAGGACACCA-1,SC24124_CTRL_CTTAGGAAGGACACCA-1,IGHV2-9,IGHJ4,CARIYYRYDEGGAMDYW,IGKV3-12,IGKJ4,CQHSRELPFTF
SRBC,NA,NA,TRUE,mouse,CTTAGGACATGACATC-1,SC24124_CTRL_CTTAGGACATGACATC-1,IGHV4-1,IGHJ4,CARREGYYALPYW,IGKV12-89,IGKJ1,CQNVLSTPRTF
SRBC,NA,NA,TRUE,mouse,CTTAGGAGTTCCGTCT-1,SC24124_CTRL_CTTAGGAGTTCCGTCT-1,IGHV1-75,IGHJ2,CARCCGGYEDFDYW,IGKV17-127,IGKJ4,CLQSDNMPLTF
SRBC,NA,NA,TRUE,mouse,CTTAGGATCAACACTG-1,SC24124_CTRL_CTTAGGATCAACACTG-1,IGHV1-78,IGHJ3,CARFGSYYYGSFYGFAYW,IGKV14-111,IGKJ2,CLQYDEFPYTF
SRBC,NA,NA,TRUE,mouse,CTTGGCTAGTACGACG-1,SC24124_CTRL_CTTGGCTAGTACGACG-1,IGHV5-6,IGHJ4,CARHYRITTVVVRDYYAMDYW,IGKV13-84,IGKJ2,CQQYWSTPYTF
SRBC,NA,NA,TRUE,mouse,CTTGGCTCAGATTGCT-1,SC24124_CTRL_CTTGGCTCAGATTGCT-1,IGHV1-82,IGHJ3,CARSAYDSAWFAYW,IGKV12-44,IGKJ5,CQHHYGTPLTF
SRBC,NA,NA,TRUE,mouse,CTTGGCTGTGACTACT-1,SC24124_CTRL_CTTGGCTGTGACTACT-1,IGHV8-4-4,IGHJ1,CARGAHYYGYWYFDVW,IGKV6-13,IGKJ5,CQQYSSYLTF
SRBC,NA,NA,TRUE,mouse,CTTGGCTTCTGCCAGG-1,SC24124_CTRL_CTTGGCTTCTGCCAGG-1,IGHV9-3,IGHJ1,CAGGTYGSSPWYFDVW,IGKV5-39,IGKJ5,CQNGHSFPPTF
SRBC,NA,NA,TRUE,mouse,CTTTGCGAGACAATAC-1,SC24124_CTRL_CTTTGCGAGACAATAC-1,IGHV5-9,IGHJ4,CARHNYGYAMDYW,IGKV1-110,IGKJ2,CSQSSHVPYTF
SRBC,NA,NA,TRUE,mouse,CTTTGCGGTCACTGGC-1,SC24124_CTRL_CTTTGCGGTCACTGGC-1,IGHV1-42-1,IGHJ4,CARRRRYDYDYYDMDYW,IGKV1-110,IGKJ4,CSQSTHVPFTF
SRBC,NA,NA,TRUE,mouse,CTTTGCGGTTTAAGCC-1,SC24124_CTRL_CTTTGCGGTTTAAGCC-1,IGHV1-19,IGHJ4,CARGHYGSSGGAMDYW,IGKV13-84,IGKJ2,CQQYWSTPYTF
SRBC,NA,NA,TRUE,mouse,CTTTGCGTCACGCATA-1,SC24124_CTRL_CTTTGCGTCACGCATA-1,IGHV9-3,IGHJ3,CARNGNYVGFAYW,IGKV8-30,IGKJ1,CQQYYSYPPTF
SRBC,NA,NA,TRUE,mouse,CTTTGCGTCCTTTCTC-1,SC24124_CTRL_CTTTGCGTCCTTTCTC-1,IGHV1-87,IGHJ4,CARITTLVATYYTMDFW,IGLV2,IGLJ2,CALWYSTHFVF
SRBC,NA,NA,TRUE,mouse,GAAACTCCACGAAACG-1,SC24124_CTRL_GAAACTCCACGAAACG-1,IGHV2-6-7,IGHJ4,CARGGYYGSRPYAMDYW,IGKV1-110,IGKJ5,CSQSTHVPPLTF
SRBC,NA,NA,TRUE,mouse,GAAACTCCATGTAAGA-1,SC24124_CTRL_GAAACTCCATGTAAGA-1,IGHV8-12,IGHJ4,CARSGGSNLHFAMDYW,IGKV13-84,IGKJ5,CQQYWSTPPTF
SRBC,NA,NA,TRUE,mouse,GAAACTCGTCCGAAGA-1,SC24124_CTRL_GAAACTCGTCCGAAGA-1,IGHV2-2,IGHJ4,CARNSYPYYAMDYW,IGKV6-23,IGKJ1,CQQYSIYPWTF
SRBC,NA,NA,TRUE,mouse,GAAACTCGTCTTGCGG-1,SC24124_CTRL_GAAACTCGTCTTGCGG-1,IGHV1-52,IGHJ2,CARDYYGYDLDYW,IGKV1-135,IGKJ1,CWQGTHFPRTF
SRBC,NA,NA,TRUE,mouse,GAAACTCTCCTAGAAC-1,SC24124_CTRL_GAAACTCTCCTAGAAC-1,IGHV8-8,IGHJ1,CARIRGSLYWYFDVW,IGKV1-110,IGKJ4,CSQSTHVPFTF
SRBC,NA,NA,TRUE,mouse,GAAATGAAGGAGTAGA-1,SC24124_CTRL_GAAATGAAGGAGTAGA-1,IGHV1-9,IGHJ4,CARKKYGNYDYAMDYW,IGKV5-39,IGKJ2,CQNGHSFPYTF
SRBC,NA,NA,TRUE,mouse,GAAATGAAGTTACGGG-1,SC24124_CTRL_GAAATGAAGTTACGGG-1,IGHV1-78,IGHJ3,CARKGYDSNFWFAYW,IGKV1-117,IGKJ5,CFQGSHVPLTF
SRBC,NA,NA,TRUE,mouse,GAACATCAGCCGCCTA-1,SC24124_CTRL_GAACATCAGCCGCCTA-1,IGHV1-9,IGHJ4,CARGGDPYAMDYW,IGKV1-117,IGKJ4,CFQGSHVPFTF
SRBC,NA,NA,TRUE,mouse,GAACCTAAGCAATATG-1,SC24124_CTRL_GAACCTAAGCAATATG-1,IGHV1-14,IGHJ1,CARGYHGYPYGYFDVW,IGKV4-72,IGKJ1,CQQWISNPRTF
SRBC,NA,NA,TRUE,mouse,GAACCTAAGGTAGCCA-1,SC24124_CTRL_GAACCTAAGGTAGCCA-1,IGHV1-18-26,IGHJ4,CARPKTHPSNYDYAMDYW,IGKV6-23,IGKJ5,CQQYGSYPLTF
SRBC,NA,NA,TRUE,mouse,GAACCTAAGTACGTTC-1,SC24124_CTRL_GAACCTAAGTACGTTC-1,IGHV2-2,IGHJ4,CARQEGYAMDYW,IGKV10-96,IGKJ2,CQQGNTLPYTF
SRBC,NA,NA,TRUE,mouse,GAACCTAAGTCGATAA-1,SC24124_CTRL_GAACCTAAGTCGATAA-1,IGHV1-12,IGHJ4,CARSEVSYGMDYW,IGKV8-27,IGKJ1,CHQYLSSWTF
SRBC,NA,NA,TRUE,mouse,GAACCTACATCGGTTA-1,SC24124_CTRL_GAACCTACATCGGTTA-1,IGHV3-2,IGHJ4,CAKKRDYGYGRHYYAMDYW,IGKV12-41,IGKJ2,CQHFWTIPYTF
SRBC,NA,NA,TRUE,mouse,GAACCTAGTCGGCTCA-1,SC24124_CTRL_GAACCTAGTCGGCTCA-1,IGHV8-8,IGHJ3,CARMADGYYPPGFAYW,IGKV4-80,IGKJ2,CHQWSSYPTF
SRBC,NA,NA,TRUE,mouse,GAACCTATCGTACCGG-1,SC24124_CTRL_GAACCTATCGTACCGG-1,IGHV3-2,IGHJ2,CARSNYFGSSLDSW,IGKV10-96,IGKJ1,CQQDKTLPRTF
SRBC,NA,NA,TRUE,mouse,GAACGGAAGCAAATCA-1,SC24124_CTRL_GAACGGAAGCAAATCA-1,IGHV1-69-5,IGHJ4,CANDGYYAMDYW,IGKV4-57,IGKJ2,CQQRSSYPPITF
SRBC,NA,NA,TRUE,mouse,GAACGGACAATGCCAT-1,SC24124_CTRL_GAACGGACAATGCCAT-1,IGHV1-62-2,IGHJ2,CARHGLLAFDYW,IGKV2-137,IGKJ2,CMQHLEYPYTF
SRBC,NA,NA,TRUE,mouse,GAACGGAGTTCAGACT-1,SC24124_CTRL_GAACGGAGTTCAGACT-1,IGHV1-81,IGHJ3,CARSVRGYDYDGAYW,IGKV6-15,IGKJ2,CQQYNSYPYTF
SRBC,NA,NA,TRUE,mouse,GAACGGAGTTCCGGCA-1,SC24124_CTRL_GAACGGAGTTCCGGCA-1,IGHV1-26,IGHJ3,CARPLTTPFAYW,IGKV1-110,IGKJ1,CSQSTHVPWTF
SRBC,NA,NA,TRUE,mouse,GAAGCAGCATTAGGCT-1,SC24124_CTRL_GAAGCAGCATTAGGCT-1,IGHV2-5-1,IGHJ4,CAKRSPSLAAMDYW,IGKV10-96,IGKJ1,CQQGNTLPRTF
SRBC,NA,NA,TRUE,mouse,GAAGCAGGTGGACGAT-1,SC24124_CTRL_GAAGCAGGTGGACGAT-1,IGHV5-12,IGHJ3,CARRDDYDFFAYW,IGLV1,IGLJ1,CALWYSNLWVF
SRBC,NA,NA,TRUE,mouse,GAATAAGAGTACGCCC-1,SC24124_CTRL_GAATAAGAGTACGCCC-1,IGHV9-3,IGHJ2,CARSWELGPYYFDYW,IGKV12-44,IGKJ5,CQHHYGTPLTF
SRBC,NA,NA,TRUE,mouse,GAATAAGAGTTAACGA-1,SC24124_CTRL_GAATAAGAGTTAACGA-1,IGHV1-26,IGHJ4,CARDYGSSYDAMDYW,IGKV17-127,IGKJ1,CLQSDNMPWTF
SRBC,NA,NA,TRUE,mouse,GAATAAGCAAGCTGAG-1,SC24124_CTRL_GAATAAGCAAGCTGAG-1,IGHV2-4,IGHJ3,CARMSYGYSWFAYW,IGKV8-24,IGKJ5,CQQHYSTPPTF
SRBC,NA,NA,TRUE,mouse,GAATAAGGTTGTTTGG-1,SC24124_CTRL_GAATAAGGTTGTTTGG-1,IGHV1-80,IGHJ3,CARDDGYFFAYW,IGKV10-94,IGKJ1,CQQYSKLPPTF
SRBC,NA,NA,TRUE,mouse,GAATAAGTCCGAAGAG-1,SC24124_CTRL_GAATAAGTCCGAAGAG-1,IGHV1-9,IGHJ2,CARGRGYYYPFNFFDYW,IGKV1-117,IGKJ4,CFQGSHVPFTF
SRBC,NA,NA,TRUE,mouse,GAATGAAAGATAGCAT-1,SC24124_CTRL_GAATGAAAGATAGCAT-1,IGHV1-12,IGHJ4,CARGIVSFYAMDYW,IGKV8-30,IGKJ1,CQQYCDYPWTF
SRBC,NA,NA,TRUE,mouse,GAATGAAAGTGACATA-1,SC24124_CTRL_GAATGAAAGTGACATA-1,IGHV1-42,IGHJ2,CARWDYAFDYW,IGKV3-12,IGKJ1,CQHSRELPWTF
SRBC,NA,NA,TRUE,mouse,GAATGAACATCATCCC-1,SC24124_CTRL_GAATGAACATCATCCC-1,IGHV1-80,IGHJ2,CARSFYSHYFDYW,IGKV6-32,IGKJ4,CQQDYSSPFTF
SRBC,NA,NA,TRUE,mouse,GAATGAATCCACGACG-1,SC24124_CTRL_GAATGAATCCACGACG-1,IGHV1-62-2,IGHJ4,CARHLHDGYWRGYAMDYW,IGKV16-104,IGKJ1,CQQHNEYPWTF
SRBC,NA,NA,TRUE,mouse,GACACGCAGCGCCTCA-1,SC24124_CTRL_GACACGCAGCGCCTCA-1,IGHV1-47-24,IGHJ2,CARGDYGYLFDYW,IGKV6-13,IGKJ4,CQQYSSYPLTF
SRBC,NA,NA,TRUE,mouse,GACACGCAGTTAGCGG-1,SC24124_CTRL_GACACGCAGTTAGCGG-1,IGHV1-81,IGHJ3,CARGQGFYYDYDGGFAYW,IGKV1-88,IGKJ1,CLQGTHQPPTF
SRBC,NA,NA,TRUE,mouse,GACACGCGTACCTACA-1,SC24124_CTRL_GACACGCGTACCTACA-1,IGHV2-3,IGHJ3,CAKPEGNYGGFAYW,IGKV17-121,IGKJ4,CLQSDNLPLTF
SRBC,NA,NA,TRUE,mouse,GACACGCTCCCACTTG-1,SC24124_CTRL_GACACGCTCCCACTTG-1,IGHV14-3,IGHJ4,CTRLPAMDYW,IGKV4-57,IGKJ5,CQQRSSYPLTF
SRBC,NA,NA,TRUE,mouse,GACACGCTCCCTAACC-1,SC24124_CTRL_GACACGCTCCCTAACC-1,IGHV1-22,IGHJ4,CARRYYDYAMDYW,IGKV17-121,IGKJ2,CLQSDNLPYTF
SRBC,NA,NA,TRUE,mouse,GACAGAGAGCAAATCA-1,SC24124_CTRL_GACAGAGAGCAAATCA-1,IGHV1-47-30,IGHJ2,CARHGLLAFDYW,IGKV2-137,IGKJ2,CMQHLEYPYTF
SRBC,NA,NA,TRUE,mouse,GACAGAGGTGTGACGA-1,SC24124_CTRL_GACAGAGGTGTGACGA-1,IGHV1-20,IGHJ3,CARTPTVGGFGYW,IGKV13-84,IGKJ1,CQQYWSTPPTF
SRBC,NA,NA,TRUE,mouse,GACCAATAGGACTGGT-1,SC24124_CTRL_GACCAATAGGACTGGT-1,IGHV1-58,IGHJ4,CARDYGNLYYAMDYW,IGKV10-96,IGKJ1,CQQGNSLPRTF
SRBC,NA,NA,TRUE,mouse,GACCAATTCCTTTCGG-1,SC24124_CTRL_GACCAATTCCTTTCGG-1,IGHV1-59,IGHJ1,CASSLYYSNYWYFDVW,IGKV1-110,IGKJ5,CSQSTHVPLTF
SRBC,NA,NA,TRUE,mouse,GACCTGGGTTCCGGCA-1,SC24124_CTRL_GACCTGGGTTCCGGCA-1,IGHV1-62-2,IGHJ3,CARHEDDHVYDGFAYW,IGKV2-137,IGKJ2,CMQHLEYPYTF
SRBC,NA,NA,TRUE,mouse,GACGCGTGTATAAACG-1,SC24124_CTRL_GACGCGTGTATAAACG-1,IGHV3-2,IGHJ3,CARDGYDDVSFAYW,IGKV12-41,IGKJ2,CQHFWTTPYTF
SRBC,NA,NA,TRUE,mouse,GACGCGTTCAGGCGAA-1,SC24124_CTRL_GACGCGTTCAGGCGAA-1,IGHV1-9,IGHJ4,CARGVSLRAMDYW,IGKV4-50,IGKJ5,CQQFTSSPSTLTF
SRBC,NA,NA,TRUE,mouse,GACGCGTTCTGCTGCT-1,SC24124_CTRL_GACGCGTTCTGCTGCT-1,IGHV2-9,IGHJ2,CARDAVVADYW,IGKV6-17,IGKJ1,CQQHYSTPRTF
SRBC,NA,NA,TRUE,mouse,GACGGCTCACGTAAGG-1,SC24124_CTRL_GACGGCTCACGTAAGG-1,IGHV3-2,IGHJ4,CARWITTVVAGAMDYW,IGKV5-39,IGKJ5,CQNGHSFPLTF
SRBC,NA,NA,TRUE,mouse,GACGGCTCAGCATACT-1,SC24124_CTRL_GACGGCTCAGCATACT-1,IGHV8-8,IGHJ2,CTRFIISYYGCDYW,IGKV1-117,IGKJ5,CFQGSHVPLIF
SRBC,NA,NA,TRUE,mouse,GACGGCTGTGAGGGAG-1,SC24124_CTRL_GACGGCTGTGAGGGAG-1,IGHV1-12,IGHJ2,CARGGLLPFDYW,IGKV8-28,IGKJ4,CQNDHSYPFTF
SRBC,NA,NA,TRUE,mouse,GACGGCTTCAGTCAGT-1,SC24124_CTRL_GACGGCTTCAGTCAGT-1,IGHV7-3,IGHJ2,CARVTTVVEGLGFDYW,IGLV1,IGLJ1,CALWYSNHWVF
SRBC,NA,NA,TRUE,mouse,GACGGCTTCCGCATAA-1,SC24124_CTRL_GACGGCTTCCGCATAA-1,IGHV1-19,IGHJ4,CARYYGYAMDYW,IGLV1,IGLJ1,CALWYSNHWVF
SRBC,NA,NA,TRUE,mouse,GACGGCTTCGCCGTGA-1,SC24124_CTRL_GACGGCTTCGCCGTGA-1,IGHV1-42-1,IGHJ2,CARYYYDYAFDYW,IGKV10-96,IGKJ2,CQQGNTLPYTF
SRBC,NA,NA,TRUE,mouse,GACGTGCCACACATGT-1,SC24124_CTRL_GACGTGCCACACATGT-1,IGHV2-6-4,IGHJ4,CARTLYNYYAMDYW,IGKV6-17,IGKJ1,CQQHYSTPWTF
SRBC,NA,NA,TRUE,mouse,GACGTGCCATGTAAGA-1,SC24124_CTRL_GACGTGCCATGTAAGA-1,IGHV5-17,IGHJ4,CARHGYNAVDYW,IGKV14-126,IGKJ5,CLQHGESPLTF
SRBC,NA,NA,TRUE,mouse,GACGTGCGTTCGAATC-1,SC24124_CTRL_GACGTGCGTTCGAATC-1,IGHV9-2-1,IGHJ2,CARNYGHW,IGKV6-13,IGKJ2,CQQYSSYPYTF
SRBC,NA,NA,TRUE,mouse,GACGTTAGTAGATTAG-1,SC24124_CTRL_GACGTTAGTAGATTAG-1,IGHV1-9,IGHJ3,CARGRGYYRNYSAWFAYW,IGKV1-117,IGKJ4,CFQGSHVPFTF
SRBC,NA,NA,TRUE,mouse,GACGTTAGTATCACCA-1,SC24124_CTRL_GACGTTAGTATCACCA-1,IGHV1-19,IGHJ4,CARHYYAYAMDYW,IGKV1-135,IGKJ1,CWQGTHFPQTF
SRBC,NA,NA,TRUE,mouse,GACGTTAGTTGGTTTG-1,SC24124_CTRL_GACGTTAGTTGGTTTG-1,IGHV9-4,IGHJ4,CARSPYDGNFLMDYW,IGKV4-57-1,IGKJ4,CQQYSAYPFTF
SRBC,NA,NA,TRUE,mouse,GACTAACAGTAGATGT-1,SC24124_CTRL_GACTAACAGTAGATGT-1,IGHV1-55,IGHJ2,CARNVYVYYFDYW,IGKV10-96,IGKJ1,CQQGNTLPRTF
SRBC,NA,NA,TRUE,mouse,GACTAACCACGCGAAA-1,SC24124_CTRL_GACTAACCACGCGAAA-1,IGHV1-18,IGHJ3,CAVYGLFAYW,IGKV5-39,IGKJ1,CQNGHSFPRTF
SRBC,NA,NA,TRUE,mouse,GACTAACTCCCTAACC-1,SC24124_CTRL_GACTAACTCCCTAACC-1,IGHV3-2,IGHJ2,CARWDGYYLDYW,IGKV6-17,IGKJ1,CQQHYSTPWTF
SRBC,NA,NA,TRUE,mouse,GACTAACTCCTCAACC-1,SC24124_CTRL_GACTAACTCCTCAACC-1,IGHV9-4,IGHJ2,CARFNEYYSFDFW,IGKV14-111,IGKJ4,CLQYDEFPFTF
SRBC,NA,NA,TRUE,mouse,GACTAACTCGGTGTTA-1,SC24124_CTRL_GACTAACTCGGTGTTA-1,IGHV1-55,IGHJ2,CARRGDYFDYW,IGKV12-44,IGKJ5,CQNYYGSPLTF
SRBC,NA,NA,TRUE,mouse,GACTACAAGTACGTTC-1,SC24124_CTRL_GACTACAAGTACGTTC-1,IGHV1-63,IGHJ1,CARYRDYDVWYFDVW,IGKV1-117,IGKJ2,CFQGSHVPYTF
SRBC,NA,NA,TRUE,mouse,GACTACAAGTAGGTGC-1,SC24124_CTRL_GACTACAAGTAGGTGC-1,IGHV1-42,IGHJ4,CARRHYYGSSYTMDYW,IGKV1-117,IGKJ1,CFQGSHVPWTF
SRBC,NA,NA,TRUE,mouse,GACTACACACGTTGGC-1,SC24124_CTRL_GACTACACACGTTGGC-1,IGHV9-3,IGHJ3,CARKPLFSNGGFAYW,IGKV3-10,IGKJ4,CQQNNEDPFTF
SRBC,NA,NA,TRUE,mouse,GACTACACATCAGTAC-1,SC24124_CTRL_GACTACACATCAGTAC-1,IGHV8-8,IGHJ1,CARMRPYFDVW,IGKV1-110,IGKJ1,CSQSTHVFPTF
SRBC,NA,NA,TRUE,mouse,GACTACATCACTTACT-1,SC24124_CTRL_GACTACATCACTTACT-1,IGHV1-71-3,IGHJ3,CARSYDYTWFAYW,IGKV1-117,IGKJ4,CFQGSHVPPTF
SRBC,NA,NA,TRUE,mouse,GACTACATCCCAGGTG-1,SC24124_CTRL_GACTACATCCCAGGTG-1,IGHV5-6-3,IGHJ3,CARGDFYYGRPFAYW,IGKV5-43,IGKJ5,CQQNNSWLTF
SRBC,NA,NA,TRUE,mouse,GACTGCGAGGTGCTTT-1,SC24124_CTRL_GACTGCGAGGTGCTTT-1,IGHV1-80,IGHJ2,CTRDYGSRFDYW,IGLV1,IGLJ1,CALWYSNHWVF
SRBC,NA,NA,TRUE,mouse,GACTGCGCACCAGGCT-1,SC24124_CTRL_GACTGCGCACCAGGCT-1,IGHV1-62-2,IGHJ3,CARHEEGAYYSNYVGFAYW,IGKV2-137,IGKJ2,CMQHLEYPYTF
SRBC,NA,NA,TRUE,mouse,GACTGCGGTTGGTGGA-1,SC24124_CTRL_GACTGCGGTTGGTGGA-1,IGHV2-9,IGHJ2,CARVDYYGSDYW,IGKV10-96,IGKJ1,CQQGNTLPWTF
SRBC,NA,NA,TRUE,mouse,GACTGCGTCACATAGC-1,SC24124_CTRL_GACTGCGTCACATAGC-1,IGHV1-9,IGHJ3,CAVYAYW,IGKV4-69,IGKJ1,CHQRSSYPWTF
SRBC,NA,NA,TRUE,mouse,GACTGCGTCAGCATGT-1,SC24124_CTRL_GACTGCGTCAGCATGT-1,IGHV1-71-6,IGHJ2,CARSPSYYCYFDYW,IGKV17-127,IGKJ4,CLQSDNMTFTF
SRBC,NA,NA,TRUE,mouse,GACTGCGTCAGGTAAA-1,SC24124_CTRL_GACTGCGTCAGGTAAA-1,IGHV1-72,IGHJ4,CAPSHGYDRGYYAMDYW,IGKV17-121,IGKJ4,CLQSDNLPFTF
SRBC,NA,NA,TRUE,mouse,GAGCAGAAGTTACCCA-1,SC24124_CTRL_GAGCAGAAGTTACCCA-1,IGHV5-6,IGHJ3,CARHGDYSWFAYW,IGKV1-135,IGKJ2,CWQGTHFPYTF
SRBC,NA,NA,TRUE,mouse,GAGGTGAAGAGTACCG-1,SC24124_CTRL_GAGGTGAAGAGTACCG-1,IGHV1-77,IGHJ1,CARWRIYYGNYEDWYFDVW,IGKV14-111,IGKJ2,CLQYDEFPYTF
SRBC,NA,NA,TRUE,mouse,GAGGTGACAGTTAACC-1,SC24124_CTRL_GAGGTGACAGTTAACC-1,IGHV1-47-3,IGHJ2,CTRSGGDYW,IGKV9-124,IGKJ1,CLQYATYPWTF
SRBC,NA,NA,TRUE,mouse,GAGGTGAGTTTAAGCC-1,SC24124_CTRL_GAGGTGAGTTTAAGCC-1,IGHV1-62-2,IGHJ1,CARHEGRYFDVW,IGKV2-137,IGKJ2,CMQHLEYPFTF
SRBC,NA,NA,TRUE,mouse,GAGGTGATCAGTTAGC-1,SC24124_CTRL_GAGGTGATCAGTTAGC-1,IGHV1-18,IGHJ4,CARLTYYDYDYSAMDYW,IGKV4-72,IGKJ5,CQQWSSDPLTF
SRBC,NA,NA,TRUE,mouse,GAGGTGATCCATTCTA-1,SC24124_CTRL_GAGGTGATCCATTCTA-1,IGHV1-80,IGHJ2,CARFDGYYFDYW,IGKV6-23,IGKJ5,CQQYSSYPLTF
SRBC,NA,NA,TRUE,mouse,GAGGTGATCTTGTATC-1,SC24124_CTRL_GAGGTGATCTTGTATC-1,IGHV2-2,IGHJ4,CARKGYAMDYW,IGKV6-23,IGKJ5,CQQYSSYPLTF
SRBC,NA,NA,TRUE,mouse,GAGTCCGAGTATCTCG-1,SC24124_CTRL_GAGTCCGAGTATCTCG-1,IGHV3-2,IGHJ2,CARREATYRYYFDYW,IGKV3-1,IGKJ1,CQQSRKVPWTF
SRBC,NA,NA,TRUE,mouse,GAGTCCGCACACTGCG-1,SC24124_CTRL_GAGTCCGCACACTGCG-1,IGHV7-3,IGHJ2,CAREDYRYDGYYFDYW,IGLV1,IGLJ1,CALWYSNHWVF
SRBC,NA,NA,TRUE,mouse,GAGTCCGCAGCTCCGA-1,SC24124_CTRL_GAGTCCGCAGCTCCGA-1,IGHV1-78,IGHJ1,CARVDGYYDWYFDVW,IGKV1-110,IGKJ4,CSQSTHVPPFTF
SRBC,NA,NA,TRUE,mouse,GATCAGTAGCCACGCT-1,SC24124_CTRL_GATCAGTAGCCACGCT-1,IGHV1-12,IGHJ4,CAREGGWDVYYAMDYW,IGKV8-30,IGKJ2,CQQYYSYPYTF
SRBC,NA,NA,TRUE,mouse,GATCAGTCACACATGT-1,SC24124_CTRL_GATCAGTCACACATGT-1,IGHV1-64,IGHJ3,CARELEMGLRGFAYW,IGKV4-57,IGKJ4,CQQRSSYPFTF
SRBC,NA,NA,TRUE,mouse,GATCAGTGTTTGACAC-1,SC24124_CTRL_GATCAGTGTTTGACAC-1,IGHV5-9,IGHJ2,CARQRFDYW,IGLV1,IGLJ1,CALWYSNHWVF
SRBC,NA,NA,TRUE,mouse,GATCGATAGACGCAAC-1,SC24124_CTRL_GATCGATAGACGCAAC-1,IGHV9-3,IGHJ2,CARSRITAVVADYFDYW,IGKV3-7,IGKJ2,CQHSWEIPYTF
SRBC,NA,NA,TRUE,mouse,GATCGATGTTCCGTCT-1,SC24124_CTRL_GATCGATGTTCCGTCT-1,IGHV1-64,IGHJ1,CAKMKGYSWYFDVW,IGKV6-15,IGKJ2,CQQYNSYPYTF
SRBC,NA,NA,TRUE,mouse,GATCGATGTTGATTGC-1,SC24124_CTRL_GATCGATGTTGATTGC-1,IGHV9-3-1,IGHJ3,CARRDTTIVAPFAYW,IGKV3-4,IGKJ5,CQQSNEDPLTF
SRBC,NA,NA,TRUE,mouse,GATCGATGTTTGGGCC-1,SC24124_CTRL_GATCGATGTTTGGGCC-1,IGHV2-2,IGHJ4,CARGLGRGAMDYW,IGKV10-94,IGKJ5,CQQYSKLPLTF
SRBC,NA,NA,TRUE,mouse,GATCGATTCAGAGGTG-1,SC24124_CTRL_GATCGATTCAGAGGTG-1,IGHV10-3,IGHJ4,CVRDLDYGYDGYAMDYW,IGKV4-55,IGKJ2,CQQWSSYPYTF
SRBC,NA,NA,TRUE,mouse,GATCGATTCCCAAGAT-1,SC24124_CTRL_GATCGATTCCCAAGAT-1,IGHV5-6-5,IGHJ2,CAREEGYGYDGGDFDYW,IGKV17-127,IGKJ4,CLQSDNMPFTF
SRBC,NA,NA,TRUE,mouse,GATCGCGAGACTAGAT-1,SC24124_CTRL_GATCGCGAGACTAGAT-1,IGHV5-12-2,IGHJ3,CARHASLYYGRAPFAYW,IGKV9-124,IGKJ1,CLQYTSYPWTF
SRBC,NA,NA,TRUE,mouse,GATCGCGGTACAGCAG-1,SC24124_CTRL_GATCGCGGTACAGCAG-1,IGHV1-64,IGHJ3,CARGGDGYYAAWFAYW,IGKV10-96,IGKJ1,CQQGNTLPWTF
SRBC,NA,NA,TRUE,mouse,GATCGCGGTACTCAAC-1,SC24124_CTRL_GATCGCGGTACTCAAC-1,IGHV14-3,IGHJ2,CALRGGYDYW,IGKV8-19,IGKJ2,CQNDYSYPYTF
SRBC,NA,NA,TRUE,mouse,GATCGTAAGAAGGGTA-1,SC24124_CTRL_GATCGTAAGAAGGGTA-1,IGHV1-18,IGHJ2,CARKSIYDGYPDYW,IGKV5-43,IGKJ2,CQQSNSWPYTF
SRBC,NA,NA,TRUE,mouse,GATCGTAAGATCGATA-1,SC24124_CTRL_GATCGTAAGATCGATA-1,IGHV1-78,IGHJ3,CASANWDVGFAYW,IGKV6-15,IGKJ2,CQQYNSYPYTF
SRBC,NA,NA,TRUE,mouse,GATCGTACACTAAGTC-1,SC24124_CTRL_GATCGTACACTAAGTC-1,IGHV1-22,IGHJ1,CARPIYYGYYDWYFDVW,IGKV8-30,IGKJ1,CQQYYSYPWTF
SRBC,NA,NA,TRUE,mouse,GATCGTAGTATATGGA-1,SC24124_CTRL_GATCGTAGTATATGGA-1,IGHV1-53,IGHJ4,CARNSLWGNDGRYVMDYW,IGKV10-96,IGKJ1,CQQGNTLPWTF
SRBC,NA,NA,TRUE,mouse,GATCGTAGTCTCCATC-1,SC24124_CTRL_GATCGTAGTCTCCATC-1,IGHV8-12,IGHJ4,CARRADYDAMDYW,IGKV6-32,IGKJ5,CQQDYSSPLTF
SRBC,NA,NA,TRUE,mouse,GATCGTATCCGGGTGT-1,SC24124_CTRL_GATCGTATCCGGGTGT-1,IGHV1-4,IGHJ4,CAKDYRYDGALDYW,IGKV6-17,IGKJ1,CHQHYSTPWTF
SRBC,NA,NA,TRUE,mouse,GATCGTATCTTGTATC-1,SC24124_CTRL_GATCGTATCTTGTATC-1,IGHV1-42-1,IGHJ4,CARDWYYYAMDYW,IGKV9-120,IGKJ1,CLQYASSPWTF
SRBC,NA,NA,TRUE,mouse,GATCTAGTCTGGCGTG-1,SC24124_CTRL_GATCTAGTCTGGCGTG-1,IGHV1-47-14,IGHJ3,CTSSYDYGFAYW,IGKV6-17,IGKJ2,CQQHYSTPYTF
SRBC,NA,NA,TRUE,mouse,GATGAAAGTTCAGGCC-1,SC24124_CTRL_GATGAAAGTTCAGGCC-1,IGHV1-19,IGHJ4,CARGTTVVALYYYAMDYW,IGKV6-23,IGKJ2,CQQYSSYPYTF
SRBC,NA,NA,TRUE,mouse,GATGAGGAGATATGGT-1,SC24124_CTRL_GATGAGGAGATATGGT-1,IGHV1-81,IGHJ2,CARSVTTVASDYW,IGKV1-110,IGKJ2,CSQSTHVPYTF
SRBC,NA,NA,TRUE,mouse,GATGAGGAGGTGTGGT-1,SC24124_CTRL_GATGAGGAGGTGTGGT-1,IGHV1-14,IGHJ3,CARPPTMITPWFAYW,IGKV4-91,IGKJ4,CQQGSNIPFTF
SRBC,NA,NA,TRUE,mouse,GATGAGGCACCAGGCT-1,SC24124_CTRL_GATGAGGCACCAGGCT-1,IGHV6-7-4,IGHJ4,CTRVWYYAMDYW,IGKV14-111,IGKJ4,CLQYDEFPFTF
SRBC,NA,NA,TRUE,mouse,GATGAGGCAGTGACAG-1,SC24124_CTRL_GATGAGGCAGTGACAG-1,IGHV1-47-46,IGHJ2,CTRRSYW,IGKV9-120,IGKJ5,CLQYASSPLTF
SRBC,NA,NA,TRUE,mouse,GATGAGGCATATGCTG-1,SC24124_CTRL_GATGAGGCATATGCTG-1,IGHV8-4-13,IGHJ3,CARIRDGNYAWFTYW,IGKV1-117,IGKJ1,CFQGSHVPWTF
SRBC,NA,NA,TRUE,mouse,GATGAGGCATGTCCTC-1,SC24124_CTRL_GATGAGGCATGTCCTC-1,IGHV9-1,IGHJ1,CARGGVRLYFDVW,IGKV6-32,IGKJ5,CQQDYSSPLTF
SRBC,NA,NA,TRUE,mouse,GATGAGGCATGTTGAC-1,SC24124_CTRL_GATGAGGCATGTTGAC-1,IGHV1-69,IGHJ3,CARALYDGYPAWFAYW,IGKV1-88,IGKJ2,CLQGTHQYTF
SRBC,NA,NA,TRUE,mouse,GATGAGGTCAAACAAG-1,SC24124_CTRL_GATGAGGTCAAACAAG-1,IGHV1-52,IGHJ2,CARHYGSLPYYFDYW,IGKV6-15,IGKJ2,CQQYNSYPYTF
SRBC,NA,NA,TRUE,mouse,GATGCTAAGTAGCCGA-1,SC24124_CTRL_GATGCTAAGTAGCCGA-1,IGHV1-18,IGHJ3,CTRRGDYGTNYGFAYW,IGKV6-23,IGKJ1,CQQYSSYRTF
SRBC,NA,NA,TRUE,mouse,GATTCAGCACCTATCC-1,SC24124_CTRL_GATTCAGCACCTATCC-1,IGHV9-3-1,IGHJ4,CARKDYYAMDYW,IGKV6-15,IGKJ2,CQQYNSYPYTF
SRBC,NA,NA,TRUE,mouse,GATTCAGCATCGGGTC-1,SC24124_CTRL_GATTCAGCATCGGGTC-1,IGHV9-3,IGHJ3,CARDIYINYPALFAYW,IGKV1-117,IGKJ1,CFQGSHVPPTF
SRBC,NA,NA,TRUE,mouse,GATTCAGGTACCGAGA-1,SC24124_CTRL_GATTCAGGTACCGAGA-1,IGHV1-26,IGHJ1,CARGEIYYDYDWYFDVW,IGKV4-68,IGKJ5,CQQWSSNPPTF
SRBC,NA,NA,TRUE,mouse,GATTCAGGTCTAGGTT-1,SC24124_CTRL_GATTCAGGTCTAGGTT-1,IGHV1-82,IGHJ2,CARLGYYGSSYLYYFDYW,IGKV12-46,IGKJ2,CQHFWGTPYTF
SRBC,NA,NA,TRUE,mouse,GATTCAGGTTCCACTC-1,SC24124_CTRL_GATTCAGGTTCCACTC-1,IGHV3-2,IGHJ2,CARDNYDGNYFDYW,IGKV4-70,IGKJ1,CHQRSSYPWTF
SRBC,NA,NA,TRUE,mouse,GATTCAGTCTTTACAC-1,SC24124_CTRL_GATTCAGTCTTTACAC-1,IGHV9-2-1,IGHJ3,CARGYYDYVFAYW,IGKV2-137,IGKJ2,CMQHLEYPYTF
SRBC,NA,NA,TRUE,mouse,GCAAACTAGTACGCGA-1,SC24124_CTRL_GCAAACTAGTACGCGA-1,IGHV1-58,IGHJ2,CARADYYDNYLDYW,IGKV6-32,IGKJ4,CQQDYSSPFTF
SRBC,NA,NA,TRUE,mouse,GCAAACTCAGGCTGAA-1,SC24124_CTRL_GCAAACTCAGGCTGAA-1,IGHV1-71-6,IGHJ1,CARDYYGTSYWYFDVW,IGKV8-24,IGKJ5,CQQHYSTPLTF
SRBC,NA,NA,TRUE,mouse,GCAAACTGTCAGTGGA-1,SC24124_CTRL_GCAAACTGTCAGTGGA-1,IGHV1-72,IGHJ2,CARLGWLVDSW,IGKV6-15,IGKJ5,CQQYNSYPLTF
SRBC,NA,NA,TRUE,mouse,GCAAACTGTTCATGGT-1,SC24124_CTRL_GCAAACTGTTCATGGT-1,IGHV1-26,IGHJ4,CARNDGYYPLYAMDYW,IGKV12-89,IGKJ1,CQNVLSTPWTF
SRBC,NA,NA,TRUE,mouse,GCAATCAAGACAGGCT-1,SC24124_CTRL_GCAATCAAGACAGGCT-1,IGHV1-47-23,IGHJ2,CARGIAYYFDYW,IGKV16-104,IGKJ4,CQQHNEYPFTF
SRBC,NA,NA,TRUE,mouse,GCAATCACAACGCACC-1,SC24124_CTRL_GCAATCACAACGCACC-1,IGHV9-3,IGHJ4,CANWERDPDYW,IGKV1-117,IGKJ1,CFQGSHVPRTF
SRBC,NA,NA,TRUE,mouse,GCAATCATCATGCTCC-1,SC24124_CTRL_GCAATCATCATGCTCC-1,IGHV9-3,IGHJ3,CAGMTARATTWFPYW,IGKV4-59,IGKJ2,CQQWSSNPPTF
SRBC,NA,NA,TRUE,mouse,GCACATAGTAGAGTGC-1,SC24124_CTRL_GCACATAGTAGAGTGC-1,IGHV14-4,IGHJ4,CNAWLRGRYAMDYW,IGKV15-103,IGKJ1,CQQGQSYPLTF
SRBC,NA,NA,TRUE,mouse,GCACATAGTATAGGTA-1,SC24124_CTRL_GCACATAGTATAGGTA-1,IGHV4-1,IGHJ2,CARGHYYGYGYW,IGKV3-12,IGKJ5,CQHSRELPPTF
SRBC,NA,NA,TRUE,mouse,GCACATATCCCTAATT-1,SC24124_CTRL_GCACATATCCCTAATT-1,IGHV1-62-2,IGHJ2,CARHEGRYFDYW,IGKV2-137,IGKJ5,CMQHLEYPFTF
SRBC,NA,NA,TRUE,mouse,GCACATATCTTACCTA-1,SC24124_CTRL_GCACATATCTTACCTA-1,IGHV9-3-1,IGHJ4,CARYADSDYW,IGKV14-111,IGKJ5,CLQYDKFPLTF
SRBC,NA,NA,TRUE,mouse,GCACTCTAGACAGACC-1,SC24124_CTRL_GCACTCTAGACAGACC-1,IGHV1-50,IGHJ3,CARVEGASW,IGKV12-44,IGKJ1,CQHHYGAPRTF
SRBC,NA,NA,TRUE,mouse,GCACTCTAGGACAGCT-1,SC24124_CTRL_GCACTCTAGGACAGCT-1,IGHV1-80,IGHJ4,CATLWLYYYAMDYW,IGKV1-135,IGKJ1,CWQGTHFPRTF
SRBC,NA,NA,TRUE,mouse,GCACTCTCATCCGCGA-1,SC24124_CTRL_GCACTCTCATCCGCGA-1,IGHV1-81,IGHJ1,CAYRPPPYWYFDVW,IGKV4-59,IGKJ5,CQQWSSNPPITF
SRBC,NA,NA,TRUE,mouse,GCACTCTGTGATGCCC-1,SC24124_CTRL_GCACTCTGTGATGCCC-1,IGHV1-53,IGHJ1,CARGGFYWYFDVW,IGKV14-111,IGKJ2,CLQYDEFPYTF
SRBC,NA,NA,TRUE,mouse,GCACTCTTCGGAGGTA-1,SC24124_CTRL_GCACTCTTCGGAGGTA-1,IGHV1-9,IGHJ4,CARRRYYGSSYAMDYW,IGKV6-15,IGKJ4,CQQYNSYPLTF
SRBC,NA,NA,TRUE,mouse,GCAGCCAAGCGTCAAG-1,SC24124_CTRL_GCAGCCAAGCGTCAAG-1,IGHV1-26,IGHJ4,CARRWLRRFAMDYW,IGKV6-15,IGKJ1,CQQYNSYPLTF
SRBC,NA,NA,TRUE,mouse,GCAGCCACACGAGAGT-1,SC24124_CTRL_GCAGCCACACGAGAGT-1,IGHV8-4-19,IGHJ2,CARRADYYDYDGDYFDYW,IGKV4-91,IGKJ4,CQQGSRIPFTF
SRBC,NA,NA,TRUE,mouse,GCAGCCAGTAGCTGCC-1,SC24124_CTRL_GCAGCCAGTAGCTGCC-1,IGHV5-9,IGHJ1,CARQGGNSWYFDVW,IGKV4-50,IGKJ1,CQQFTSSPWTF
SRBC,NA,NA,TRUE,mouse,GCAGTTAAGAACAATC-1,SC24124_CTRL_GCAGTTAAGAACAATC-1,IGHV1-9,IGHJ1,CARRRYYGSDWYFDVW,IGKV1-110,IGKJ5,CSQSTHVPLTF
SRBC,NA,NA,TRUE,mouse,GCAGTTAAGACGACGT-1,SC24124_CTRL_GCAGTTAAGACGACGT-1,IGHV8-4-7,IGHJ2,CARGYPRPLYFDYW,IGKV4-55,IGKJ5,CQQWRIYPPITF
SRBC,NA,NA,TRUE,mouse,GCAGTTAAGTGCAAGC-1,SC24124_CTRL_GCAGTTAAGTGCAAGC-1,IGHV1-47-27,IGHJ2,CARDYGFYYFDYW,IGKV16-104,IGKJ5,CQQHNEYPLTF
SRBC,NA,NA,TRUE,mouse,GCAGTTACAAGACGTG-1,SC24124_CTRL_GCAGTTACAAGACGTG-1,IGHV1-18,IGHJ2,CARRSAVYYFDYW,IGKV8-30,IGKJ4,CQQYYSYPFTF
SRBC,NA,NA,TRUE,mouse,GCAGTTACACGGTAAG-1,SC24124_CTRL_GCAGTTACACGGTAAG-1,IGHV1-9,IGHJ2,CARRRYYGSSYFDYW,IGKV1-117,IGKJ1,CFQGSHVPRTF
SRBC,NA,NA,TRUE,mouse,GCAGTTACACGGTTTA-1,SC24124_CTRL_GCAGTTACACGGTTTA-1,IGHV1-85,IGHJ3,CARFDDGYYPYFAYW,IGKV2-137,IGKJ2,CMQHLEYPYTF
SRBC,NA,NA,TRUE,mouse,GCAGTTAGTGTCTGAT-1,SC24124_CTRL_GCAGTTAGTGTCTGAT-1,IGHV1-53,IGHJ4,CARGDYDGLLYYAMDYW,IGKV3-10,IGKJ5,CQQNNEDPLTF
SRBC,NA,NA,TRUE,mouse,GCAGTTAGTTGATTCG-1,SC24124_CTRL_GCAGTTAGTTGATTCG-1,IGHV1-15,IGHJ4,CTRGGAMDYW,IGKV1-135,IGKJ1,CWQGTHFPWTF
SRBC,NA,NA,TRUE,mouse,GCAGTTATCGAGAGCA-1,SC24124_CTRL_GCAGTTATCGAGAGCA-1,IGHV2-2-2,IGHJ4,CVRKGTILRGAMDYW,IGKV1-110,IGKJ2,CSQSTHVPYTF
SRBC,NA,NA,TRUE,mouse,GCAGTTATCGCTTAGA-1,SC24124_CTRL_GCAGTTATCGCTTAGA-1,IGHV8-8,IGHJ2,CARTNYYGNKFDYW,IGKV1-135,IGKJ1,CWQGTHFPWTF
SRBC,NA,NA,TRUE,mouse,GCATACAAGCCACGTC-1,SC24124_CTRL_GCATACAAGCCACGTC-1,IGHV1-54,IGHJ2,CARWGDGSSLDYW,IGKV6-32,IGKJ1,CQQDYSSPRTF
SRBC,NA,NA,TRUE,mouse,GCATACACACACCGCA-1,SC24124_CTRL_GCATACACACACCGCA-1,IGHV1-9,IGHJ2,CARRNYYDSVLDYW,IGKV1-117,IGKJ1,CFQGSHAPRTF
SRBC,NA,NA,TRUE,mouse,GCATACAGTAGGAGTC-1,SC24124_CTRL_GCATACAGTAGGAGTC-1,IGHV1-7,IGHJ3,CASRDLFAYW,IGKV14-111,IGKJ5,CLQYDEFPLTF
SRBC,NA,NA,TRUE,mouse,GCATACATCATTGCCC-1,SC24124_CTRL_GCATACATCATTGCCC-1,IGHV1-9,IGHJ1,CARRRFYGNDRFFDVW,IGKV1-117,IGKJ1,CFQGSHVPWTF
SRBC,NA,NA,TRUE,mouse,GCATACATCCTTGCCA-1,SC24124_CTRL_GCATACATCCTTGCCA-1,IGHV2-2,IGHJ3,CARREGDYVGGFAYW,IGKV17-121,IGKJ5,CLQSDNLPLTF
SRBC,NA,NA,TRUE,mouse,GCATGATAGAGCCTAG-1,SC24124_CTRL_GCATGATAGAGCCTAG-1,IGHV9-3-1,IGHJ3,CARGYGPPRGFAYW,IGKV4-80,IGKJ1,CHQWSSYWTF
SRBC,NA,NA,TRUE,mouse,GCATGATGTCCTCTTG-1,SC24124_CTRL_GCATGATGTCCTCTTG-1,IGHV8-13-3,IGHJ3,CARMVYEGLLFAYW,IGKV12-89,IGKJ2,CQNVLSTPYTF
SRBC,NA,NA,TRUE,mouse,GCATGATTCCAAGTAC-1,SC24124_CTRL_GCATGATTCCAAGTAC-1,IGHV1-47-46,IGHJ3,CTRGGPSPYW,IGKV15-103,IGKJ1,CQQGQSYPWTF
SRBC,NA,NA,TRUE,mouse,GCATGATTCTGGCGAC-1,SC24124_CTRL_GCATGATTCTGGCGAC-1,IGHV1-12,IGHJ2,CARSDYYGSSDYW,IGKV8-19,IGKJ5,CQNDYSHPLTF
SRBC,NA,NA,TRUE,mouse,GCATGCGCAATAAGCA-1,SC24124_CTRL_GCATGCGCAATAAGCA-1,IGHV1-71-3,IGHJ2,CARSGYDGGSLYFDYW,IGKV17-121,IGKJ2,CLQSDNLPLTF
SRBC,NA,NA,TRUE,mouse,GCATGCGCACTTCTGC-1,SC24124_CTRL_GCATGCGCACTTCTGC-1,IGHV2-5,IGHJ4,CAKKGVYYYAMDYW,IGKV1-117,IGKJ5,CFQGSHVPLTF
SRBC,NA,NA,TRUE,mouse,GCATGCGGTAAAGTCA-1,SC24124_CTRL_GCATGCGGTAAAGTCA-1,IGHV1-18-65,IGHJ4,CARYHYGSSPYAMDYW,IGKV2-137,IGKJ4,CMQHLEYPFTF
SRBC,NA,NA,TRUE,mouse,GCATGCGTCACAACGT-1,SC24124_CTRL_GCATGCGTCACAACGT-1,IGHV5-6-4,IGHJ2,CTRDFYRFDYW,IGKV8-24,IGKJ4,CQQHYSTPFTF
SRBC,NA,NA,TRUE,mouse,GCATGCGTCGCATGGC-1,SC24124_CTRL_GCATGCGTCGCATGGC-1,IGHV1-81,IGHJ1,CAPLYYGSHWYFDVW,IGKV1-117,IGKJ1,CFQGSHVPWTF
SRBC,NA,NA,TRUE,mouse,GCATGTACAAGAGTCG-1,SC24124_CTRL_GCATGTACAAGAGTCG-1,IGHV2-9,IGHJ2,CARDLGSPYFDYW,IGKV4-55,IGKJ5,CQQWSSYPLTF
SRBC,NA,NA,TRUE,mouse,GCATGTACACGCCAGT-1,SC24124_CTRL_GCATGTACACGCCAGT-1,IGHV10-3,IGHJ2,CVRDSSTMVTTGVLDYW,IGKV6-15,IGKJ5,CQQYNSYPLTF
SRBC,NA,NA,TRUE,mouse,GCATGTATCACCATAG-1,SC24124_CTRL_GCATGTATCACCATAG-1,IGHV1-18-28,IGHJ4,CARPTLLRGTDAMDYW,IGKV17-121,IGKJ4,CLQSDNLPFTF
SRBC,NA,NA,TRUE,mouse,GCATGTATCGGAGGTA-1,SC24124_CTRL_GCATGTATCGGAGGTA-1,IGHV5-12,IGHJ3,CARPDSSGYGFAYW,IGKV5-43,IGKJ5,CQQSNSWPLTF
SRBC,NA,NA,TRUE,mouse,GCCAAATAGCGAGAAA-1,SC24124_CTRL_GCCAAATAGCGAGAAA-1,IGHV1-9,IGHJ3,CARGGFLGFAYW,IGKV14-111,IGKJ2,CLQYDEFPYTF
SRBC,NA,NA,TRUE,mouse,GCCAAATAGTTCGCAT-1,SC24124_CTRL_GCCAAATAGTTCGCAT-1,IGHV5-6-3,IGHJ3,CARGEEGWFAYW,IGKV3-12,IGKJ5,CQHSRDLPLTF
SRBC,NA,NA,TRUE,mouse,GCCAAATCAAAGTCAA-1,SC24124_CTRL_GCCAAATCAAAGTCAA-1,IGHV1-42,IGHJ4,CARRHYYGSSYTMDYW,IGKV1-117,IGKJ1,CFQGSHVSWTF
SRBC,NA,NA,TRUE,mouse,GCCAAATCAACTGCGC-1,SC24124_CTRL_GCCAAATCAACTGCGC-1,IGHV1-75,IGHJ3,CAREVGYGSSSWFAYW,IGKV15-103,IGKJ2,CQQGQSYPYTF
SRBC,NA,NA,TRUE,mouse,GCCAAATCACCATGTA-1,SC24124_CTRL_GCCAAATCACCATGTA-1,IGHV2-2,IGHJ2,CARMDYYYFDYW,IGKV4-72,IGKJ4,CQQWSSNPFTF
SRBC,NA,NA,TRUE,mouse,GCCAAATCACTTAAGC-1,SC24124_CTRL_GCCAAATCACTTAAGC-1,IGHV7-3,IGHJ2,CARYIRWIFDYW,IGKV1-117,IGKJ2,CFQGSHVPYTF
SRBC,NA,NA,TRUE,mouse,GCCAAATCATTGCGGC-1,SC24124_CTRL_GCCAAATCATTGCGGC-1,IGHV1-81,IGHJ4,CARSVIYYYGSGYNGMDYW,IGKV1-135,IGKJ1,CWQDTHFPRTF
SRBC,NA,NA,TRUE,mouse,GCCAAATTCTCCGGTT-1,SC24124_CTRL_GCCAAATTCTCCGGTT-1,IGHV1-62-2,IGHJ3,CARHAGGDYDGFAYW,IGKV2-137,IGKJ2,CMQHLEYPYTV
SRBC,NA,NA,TRUE,mouse,GCCTCTAAGCCACCTG-1,SC24124_CTRL_GCCTCTAAGCCACCTG-1,IGHV14-3,IGHJ2,CARGGDYAYW,IGKV4-57,IGKJ2,CQQRSSYPYTF
SRBC,NA,NA,TRUE,mouse,GCCTCTAAGCCCTAAT-1,SC24124_CTRL_GCCTCTAAGCCCTAAT-1,IGHV1-58,IGHJ2,CASWEMDYW,IGKV1-135,IGKJ2,CWQGTHFPYTF
SRBC,NA,NA,TRUE,mouse,GCCTCTAGTTCGTGAT-1,SC24124_CTRL_GCCTCTAGTTCGTGAT-1,IGHV1-18-65,IGHJ3,CVRYHYGNLGFAYW,IGKV2-137,IGKJ2,CMQYLEYPYAF
SRBC,NA,NA,TRUE,mouse,GCCTCTATCTTCATGT-1,SC24124_CTRL_GCCTCTATCTTCATGT-1,IGHV1-18,IGHJ4,CARESSLYYGSNYCAMDYW,IGKV19-93,IGKJ1,CLQYDNLWTF
SRBC,NA,NA,TRUE,mouse,GCGACCAAGAATTCCC-1,SC24124_CTRL_GCGACCAAGAATTCCC-1,IGHV1-80,IGHJ2,CVRGYYDRYYFDYW,IGKV13-85,IGKJ5,CQQYWSTPLTF
SRBC,NA,NA,TRUE,mouse,GCGACCAAGCCACTAT-1,SC24124_CTRL_GCGACCAAGCCACTAT-1,IGHV1-18-65,IGHJ4,CSRRGSSGPMDYW,IGKV5-43,IGKJ5,CQQSNSWPLTF
SRBC,NA,NA,TRUE,mouse,GCGACCAAGGATCGCA-1,SC24124_CTRL_GCGACCAAGGATCGCA-1,IGHV1-64,IGHJ4,CARGGTYYSNYYSMDYW,IGKV15-103,IGKJ4,CQQGQSYPLTF
SRBC,NA,NA,TRUE,mouse,GCGACCACATCCCATC-1,SC24124_CTRL_GCGACCACATCCCATC-1,IGHV1-18,IGHJ4,CARGEAYYSRAYAMDYW,IGKV6-15,IGKJ2,CQQYNSYPYTF
SRBC,NA,NA,TRUE,mouse,GCGACCATCATCGCTC-1,SC24124_CTRL_GCGACCATCATCGCTC-1,IGHV4-1,IGHJ3,CARSTMITRLAYW,IGKV12-89,IGKJ2,CQNVLSTPYTF
SRBC,NA,NA,TRUE,mouse,GCGACCATCCTGTACC-1,SC24124_CTRL_GCGACCATCCTGTACC-1,IGHV1-82,IGHJ1,CARNWVDWYFDVW,IGKV14-111,IGKJ2,CLQYDEFPYTF
SRBC,NA,NA,TRUE,mouse,GCGACCATCGTGACAT-1,SC24124_CTRL_GCGACCATCGTGACAT-1,IGHV1-62-2,IGHJ3,CARHEETEAFAYW,IGKV2-137,IGKJ2,CMQHLEYPYTF
SRBC,NA,NA,TRUE,mouse,GCGAGAAAGAAGGACA-1,SC24124_CTRL_GCGAGAAAGAAGGACA-1,IGHV5-17,IGHJ2,CAKGYGNYFDYW,IGKV5-48,IGKJ5,CQQSYSWPLTF
SRBC,NA,NA,TRUE,mouse,GCGAGAAAGCAATATG-1,SC24124_CTRL_GCGAGAAAGCAATATG-1,IGHV7-1,IGHJ1,CARNSLNWDVWYFDVW,IGKV8-28,IGKJ5,CQNDHSYPLTF
SRBC,NA,NA,TRUE,mouse,GCGAGAATCCACGCAG-1,SC24124_CTRL_GCGAGAATCCACGCAG-1,IGHV1-50,IGHJ2,CARGDYDYDHYFDYW,IGKV6-23,IGKJ4,CQQCNNYPFTF
SRBC,NA,NA,TRUE,mouse,GCGAGAATCCTCTAGC-1,SC24124_CTRL_GCGAGAATCCTCTAGC-1,IGHV1-14,IGHJ2,CARPDYYGSFDYW,IGKV2-137,IGKJ2,CMQHLEYPYTF
SRBC,NA,NA,TRUE,mouse,GCGCAACAGAAGGGTA-1,SC24124_CTRL_GCGCAACAGAAGGGTA-1,IGHV1-62-2,IGHJ1,CARHEVKRTRITTVVATGYFDVW,IGKV4-59,IGKJ5,CQQWSSNPLTF
SRBC,NA,NA,TRUE,mouse,GCGCAACAGACATAAC-1,SC24124_CTRL_GCGCAACAGACATAAC-1,IGHV5-17,IGHJ4,CARKGDYDEIYYAMDYW,IGKV8-21,IGKJ1,CKQSYNLPTF
SRBC,NA,NA,TRUE,mouse,GCGCAACAGCAGACTG-1,SC24124_CTRL_GCGCAACAGCAGACTG-1,IGHV1-53,IGHJ1,CTRSGLYYGWYFDVW,IGKV8-34,IGKJ5,CQQSYSAPLTF
SRBC,NA,NA,TRUE,mouse,GCGCAACCAGTAGAGC-1,SC24124_CTRL_GCGCAACCAGTAGAGC-1,IGHV5-6-4,IGHJ2,CTRGGYDGGTVDSW,IGKV1-135,IGKJ5,CWQGTHFPLTF
SRBC,NA,NA,TRUE,mouse,GCGCAACTCACCACCT-1,SC24124_CTRL_GCGCAACTCACCACCT-1,IGHV6-3,IGHJ2,CTDPPWDYW,IGKV2-137,IGKJ2,CMQHLEYPYTF
SRBC,NA,NA,TRUE,mouse,GCGCAGTAGAGACTTA-1,SC24124_CTRL_GCGCAGTAGAGACTTA-1,IGHV3-2,IGHJ3,CAKGPRGNPFAYW,IGKV14-100,IGKJ4,CVQYAQFPFTF
SRBC,NA,NA,TRUE,mouse,GCGCAGTAGTCGAGTG-1,SC24124_CTRL_GCGCAGTAGTCGAGTG-1,IGHV1-80,IGHJ1,CAGGYWYFDVW,IGKV16-104,IGKJ1,CQQHNEYPWTF
SRBC,NA,NA,TRUE,mouse,GCGCAGTCACAGATTC-1,SC24124_CTRL_GCGCAGTCACAGATTC-1,IGHV1-42,IGHJ2,CARRPYYYGSILFDYW,IGKV1-117,IGKJ1,CFQGSHVPRTF
SRBC,NA,NA,TRUE,mouse,GCGCAGTGTATTACCG-1,SC24124_CTRL_GCGCAGTGTATTACCG-1,IGHV9-3-1,IGHJ3,CVRWYGNYAWFAYW,IGKV6-15,IGKJ2,CQQYNSYPYTF
SRBC,NA,NA,TRUE,mouse,GCGCAGTGTGGTTTCA-1,SC24124_CTRL_GCGCAGTGTGGTTTCA-1,IGHV1-62-2,IGHJ2,CARHGAYYLDYW,IGKV2-137,IGKJ2,CVQHLEYPYTF
SRBC,NA,NA,TRUE,mouse,GCGCAGTGTGTGAAAT-1,SC24124_CTRL_GCGCAGTGTGTGAAAT-1,IGHV5-6,IGHJ2,CARGGPYFDYW,IGKV16-104,IGKJ2,CQQHNEFPYTF
SRBC,NA,NA,TRUE,mouse,GCGCAGTTCCCTTGCA-1,SC24124_CTRL_GCGCAGTTCCCTTGCA-1,IGHV6-6,IGHJ3,CTPGFAYW,IGKV14-111,IGKJ2,CLQYDEFPYTF
SRBC,NA,NA,TRUE,mouse,GCGCAGTTCTGACCTC-1,SC24124_CTRL_GCGCAGTTCTGACCTC-1,IGHV1-69,IGHJ4,CARKGVTGTYYYAMDYW,IGKV4-55,IGKJ5,CQQWSSFPLTF
SRBC,NA,NA,TRUE,mouse,GCGCCAAAGACATAAC-1,SC24124_CTRL_GCGCCAAAGACATAAC-1,IGHV9-3,IGHJ4,CAREITTVYAMDYW,IGKV6-25,IGKJ2,CQQHYSTPYTF
SRBC,NA,NA,TRUE,mouse,GCGCCAACAGGAATCG-1,SC24124_CTRL_GCGCCAACAGGAATCG-1,IGHV14-1,IGHJ3,CTTLGYDYDSWFAYW,IGKV4-50,IGKJ1,CQQFTSSPWTF
SRBC,NA,NA,TRUE,mouse,GCGCCAAGTCCCGACA-1,SC24124_CTRL_GCGCCAAGTCCCGACA-1,IGHV1-9,IGHJ2,CARRRYYGSSYFDYW,IGKV1-117,IGKJ1,CFQGSHVPRTF
SRBC,NA,NA,TRUE,mouse,GCGCCAAGTTATCCGA-1,SC24124_CTRL_GCGCCAAGTTATCCGA-1,IGHV1-42,IGHJ2,CAREDYGYEGALDYW,IGKV1-122,IGKJ2,CLQVTHVPYTF
SRBC,NA,NA,TRUE,mouse,GCGCCAAGTTCGCTAA-1,SC24124_CTRL_GCGCCAAGTTCGCTAA-1,IGHV5-17,IGHJ4,CARQGFGTVVAPYGMDYW,IGKV12-46,IGKJ2,CQHFWGTPYTF
SRBC,NA,NA,TRUE,mouse,GCGCCAATCTAACTTC-1,SC24124_CTRL_GCGCCAATCTAACTTC-1,IGHV1-7,IGHJ2,CARKGIYYGNYGYFDYW,IGKV12-46,IGKJ1,CQHFWGTRTF
SRBC,NA,NA,TRUE,mouse,GCGCCAATCTCTTATG-1,SC24124_CTRL_GCGCCAATCTCTTATG-1,IGHV2-2,IGHJ3,CARESGNYGFAYW,IGKV12-44,IGKJ2,CQHHYGTPYTF
SRBC,NA,NA,TRUE,mouse,GCGCGATAGTAGCGGT-1,SC24124_CTRL_GCGCGATAGTAGCGGT-1,IGHV2-2,IGHJ4,CARKGYAMDYW,IGKV6-23,IGKJ5,CQQYSSYPLTF
SRBC,NA,NA,TRUE,mouse,GCGCGATCAAACGTGG-1,SC24124_CTRL_GCGCGATCAAACGTGG-1,IGHV5-12-1,IGHJ2,CARRHYYGSSYYFDYW,IGKV6-17,IGKJ5,CQQHYSTPLTF
SRBC,NA,NA,TRUE,mouse,GCGCGATCATTTGCTT-1,SC24124_CTRL_GCGCGATCATTTGCTT-1,IGHV1-64,IGHJ1,CARETTVVRYFDVW,IGKV4-74,IGKJ5,CHQYHRSPPTF
SRBC,NA,NA,TRUE,mouse,GCGCGATGTATATCCG-1,SC24124_CTRL_GCGCGATGTATATCCG-1,IGHV1S56,IGHJ3,CARGDDYAPFAYW,IGKV2-137,IGKJ2,CMQHLEYPYTF
SRBC,NA,NA,TRUE,mouse,GCGCGATTCACATACG-1,SC24124_CTRL_GCGCGATTCACATACG-1,IGHV1-18,IGHJ3,CARWGGSYGWFAYW,IGKV13-84,IGKJ4,CQQYWSTPFTF
SRBC,NA,NA,TRUE,mouse,GCGGGTTCAAAGCGGT-1,SC24124_CTRL_GCGGGTTCAAAGCGGT-1,IGHV1-18-14,IGHJ3,CTRELRLPLFAYW,IGKV10-96,IGKJ2,CQQGNTLPYTF
SRBC,NA,NA,TRUE,mouse,GCGGGTTCATCGGGTC-1,SC24124_CTRL_GCGGGTTCATCGGGTC-1,IGHV1-62-2,IGHJ3,CARHEGGRLTGAWFAYW,IGKV5-43,IGKJ2,CQQSNSWPYTF
SRBC,NA,NA,TRUE,mouse,GCGGGTTCATTAACCG-1,SC24124_CTRL_GCGGGTTCATTAACCG-1,IGHV1-9,IGHJ1,CARRRFYGNDRFFDVW,IGKV1-117,IGKJ1,CFQGSHVPWTF
SRBC,NA,NA,TRUE,mouse,GCGGGTTCATTGGTAC-1,SC24124_CTRL_GCGGGTTCATTGGTAC-1,IGHV5-12,IGHJ4,CARLRGLTRGAMDYW,IGKV6-13,IGKJ5,CQQYSSYPLTF
SRBC,NA,NA,TRUE,mouse,GCGGGTTGTCATATCG-1,SC24124_CTRL_GCGGGTTGTCATATCG-1,IGHV10-1,IGHJ1,CVRHGGSYWYFDVW,IGKV12-44,IGKJ1,CQHHYGTPPTF
SRBC,NA,NA,TRUE,mouse,GCTCCTACATTACGAC-1,SC24124_CTRL_GCTCCTACATTACGAC-1,IGHV14-3,IGHJ4,CASRSIMVTTRGAMDYW,IGKV3-12,IGKJ2,CQHSRELPYTF
SRBC,NA,NA,TRUE,mouse,GCTCCTAGTACCGCTG-1,SC24124_CTRL_GCTCCTAGTACCGCTG-1,IGHV9-3-1,IGHJ1,CARGSYWFFDVW,IGLV1,IGLJ1,CALWYSNHWVF
SRBC,NA,NA,TRUE,mouse,GCTCCTATCTCTAGGA-1,SC24124_CTRL_GCTCCTATCTCTAGGA-1,IGHV14-4,IGHJ2,CTNRKVYW,IGKV6-17,IGKJ1,CLQHYTIPWTF
SRBC,NA,NA,TRUE,mouse,GCTCTGTAGGAGTTTA-1,SC24124_CTRL_GCTCTGTAGGAGTTTA-1,IGHV2-9,IGHJ4,CASPNGAMDYW,IGKV2-109,IGKJ1,CAQNLELPRTF
SRBC,NA,NA,TRUE,mouse,GCTCTGTCACCACCAG-1,SC24124_CTRL_GCTCTGTCACCACCAG-1,IGHV1-18,IGHJ3,CAGYSTNYGFPYW,IGKV8-30,IGKJ4,CQQYYSYPFTF
SRBC,NA,NA,TRUE,mouse,GCTCTGTCATCTCGCT-1,SC24124_CTRL_GCTCTGTCATCTCGCT-1,IGHV1-64,IGHJ3,CARRDYNNYLFAYW,IGKV12-98,IGKJ1,CQQLYNTPLTF
SRBC,NA,NA,TRUE,mouse,GCTCTGTGTCAATGTC-1,SC24124_CTRL_GCTCTGTGTCAATGTC-1,IGHV9-3,IGHJ1,CGVNYRGYFDVW,IGKV9-120,IGKJ4,CLQYASSPFTF
SRBC,NA,NA,TRUE,mouse,GCTGCAGAGAACAACT-1,SC24124_CTRL_GCTGCAGAGAACAACT-1,IGHV14-1,IGHJ4,CASYDALMDYW,IGLV2,IGLJ1,CALWYSTHWVF
SRBC,NA,NA,TRUE,mouse,GCTGCAGAGTACGATA-1,SC24124_CTRL_GCTGCAGAGTACGATA-1,IGHV14-3,IGHJ1,CARSGSNFYWYFDVW,IGKV3-2,IGKJ2,CQQSKEVPYTF
SRBC,NA,NA,TRUE,mouse,GCTGCAGAGTCCTCCT-1,SC24124_CTRL_GCTGCAGAGTCCTCCT-1,IGHV1-62-2,IGHJ3,CTRHEGDSSGYVGFAYW,IGKV14-111,IGKJ4,CLQYDELFTF
SRBC,NA,NA,TRUE,mouse,GCTGCAGCAACACGCC-1,SC24124_CTRL_GCTGCAGCAACACGCC-1,IGHV1-12,IGHJ3,CARRGNWDGWFAYW,IGKV8-28,IGKJ5,CQNDHSYPITF
SRBC,NA,NA,TRUE,mouse,GCTGCAGGTGCCTGTG-1,SC24124_CTRL_GCTGCAGGTGCCTGTG-1,IGHV1-80,IGHJ2,CARREGYYFDYW,IGKV4-79,IGKJ2,CHQWSSYPPTF
SRBC,NA,NA,TRUE,mouse,GCTGCGAAGCATGGCA-1,SC24124_CTRL_GCTGCGAAGCATGGCA-1,IGHV1-55,IGHJ4,CARWDFITTVISRGMDYW,IGKV14-126,IGKJ5,CLQHGESPLTF
SRBC,NA,NA,TRUE,mouse,GCTGCGAAGTAGGCCA-1,SC24124_CTRL_GCTGCGAAGTAGGCCA-1,IGHV1-18-36,IGHJ4,CARSGLRLPLWAMDYW,IGKV2-137,IGKJ2,CMQHLEYPYTF
SRBC,NA,NA,TRUE,mouse,GCTGCGACACGGCTAC-1,SC24124_CTRL_GCTGCGACACGGCTAC-1,IGHV9-3,IGHJ2,CARGGTGTGFDYW,IGKV17-121,IGKJ4,CLQSDNLFTF
SRBC,NA,NA,TRUE,mouse,GCTGCGAGTAGCACGA-1,SC24124_CTRL_GCTGCGAGTAGCACGA-1,IGHV8-13-8,IGHJ4,CARRARPIYYAMDYW,IGKV10-96,IGKJ1,CQQGNTLPRTF
SRBC,NA,NA,TRUE,mouse,GCTGCGAGTCAGAATA-1,SC24124_CTRL_GCTGCGAGTCAGAATA-1,IGHV1-14,IGHJ4,CARGGVRGLVDYW,IGKV5-39,IGKJ5,CQNGHSFPLTF
SRBC,NA,NA,TRUE,mouse,GCTGCGAGTTGGAGGT-1,SC24124_CTRL_GCTGCGAGTTGGAGGT-1,IGHV1-18-65,IGHJ1,CARGYYGPSYWYFDVW,IGKV9-120,IGKJ2,CLQYASPPYTF
SRBC,NA,NA,TRUE,mouse,GCTGCGATCGCCAAAT-1,SC24124_CTRL_GCTGCGATCGCCAAAT-1,IGHV2-5,IGHJ4,CAKNHGSSYGYYAMDYW,IGKV1-110,IGKJ2,CSQSTHVPYTF
SRBC,NA,NA,TRUE,mouse,GCTGCTTAGTCGAGTG-1,SC24124_CTRL_GCTGCTTAGTCGAGTG-1,IGHV1-26,IGHJ4,CASRLLYW,IGLV2,IGLJ2,CALWYSTHYVF
SRBC,NA,NA,TRUE,mouse,GCTGCTTAGTTATCGC-1,SC24124_CTRL_GCTGCTTAGTTATCGC-1,IGHV3-2,IGHJ2,CAISGLIYYYYFDYW,IGKV4-55,IGKJ5,CQQWSSYPLTF
SRBC,NA,NA,TRUE,mouse,GCTGCTTGTGTGACGA-1,SC24124_CTRL_GCTGCTTGTGTGACGA-1,IGHV1-72,IGHJ1,CARSGKAYYYGSTYWYFDVW,IGKV10-96,IGKJ1,CQQGYTLPRTF
SRBC,NA,NA,TRUE,mouse,GCTGCTTGTTATGTGC-1,SC24124_CTRL_GCTGCTTGTTATGTGC-1,IGHV1-22,IGHJ2,CARRYYYFDYW,IGKV1-117,IGKJ1,CFQGSHVPRTF
SRBC,NA,NA,TRUE,mouse,GCTGCTTGTTGAACTC-1,SC24124_CTRL_GCTGCTTGTTGAACTC-1,IGHV14-3,IGHJ2,CARHYGSRFDYW,IGKV4-72,IGKJ1,CQQWSSNPPTF
SRBC,NA,NA,TRUE,mouse,GCTGCTTTCTGCTGCT-1,SC24124_CTRL_GCTGCTTTCTGCTGCT-1,IGHV9-3-1,IGHJ3,CARGLITTAPYW,IGLV1,IGLJ1,CALWYSNHWVF
SRBC,NA,NA,TRUE,mouse,GCTGGGTAGTGAACGC-1,SC24124_CTRL_GCTGGGTAGTGAACGC-1,IGHV6-6,IGHJ4,CTDTAVVGSAMDYW,IGKV12-98,IGKJ2,CQQLYSTPYTF
SRBC,NA,NA,TRUE,mouse,GCTGGGTCAGATTGCT-1,SC24124_CTRL_GCTGGGTCAGATTGCT-1,IGHV1-9,IGHJ3,CARWFAYW,IGKV1-135,IGKJ4,CWQGTHFPFTF
SRBC,NA,NA,TRUE,mouse,GCTGGGTCATTACGAC-1,SC24124_CTRL_GCTGGGTCATTACGAC-1,IGHV7-3,IGHJ2,CARDSSGFNFDYW,IGLV1,IGLJ1,CALWYSNHWVF
SRBC,NA,NA,TRUE,mouse,GCTTCCACATAGACTC-1,SC24124_CTRL_GCTTCCACATAGACTC-1,IGHV1-62-2,IGHJ3,CARHEDFITTVGGFAYW,IGKV2-137,IGKJ2,CMQHLEYPYTF
SRBC,NA,NA,TRUE,mouse,GCTTGAAAGACAATAC-1,SC24124_CTRL_GCTTGAAAGACAATAC-1,IGHV2-5,IGHJ1,CAKTPHLSYDGYYWYFDVW,IGKV13-84,IGKJ5,CQQYWSTPLTF
SRBC,NA,NA,TRUE,mouse,GCTTGAATCGTCCAGG-1,SC24124_CTRL_GCTTGAATCGTCCAGG-1,IGHV1-4,IGHJ3,CARSGGIYYGNYHFVYW,IGKV6-15,IGKJ5,CQQYNSYPLTF
SRBC,NA,NA,TRUE,mouse,GCTTGAATCTTTAGTC-1,SC24124_CTRL_GCTTGAATCTTTAGTC-1,IGHV1-9,IGHJ1,CARRRFYGNDRFFDVW,IGKV1-117,IGKJ1,CFQGSHVPWTF
SRBC,NA,NA,TRUE,mouse,GGAAAGCAGAGGTACC-1,SC24124_CTRL_GGAAAGCAGAGGTACC-1,IGHV1-55,IGHJ3,CALLRPFAYW,IGLV1,IGLJ1,CALWYSNRWVF
SRBC,NA,NA,TRUE,mouse,GGAAAGCGTATGAATG-1,SC24124_CTRL_GGAAAGCGTATGAATG-1,IGHV2-9,IGHJ3,CASRADYDYDWFAYW,IGKV3-7,IGKJ2,CQHSWEIPYTF
SRBC,NA,NA,TRUE,mouse,GGAAAGCTCACATAGC-1,SC24124_CTRL_GGAAAGCTCACATAGC-1,IGHV1-62-2,IGHJ1,CARHEERYYGTSSYWYFDVW,IGKV12-46,IGKJ1,CQHFWGTPWTF
SRBC,NA,NA,TRUE,mouse,GGAAAGCTCGTACCGG-1,SC24124_CTRL_GGAAAGCTCGTACCGG-1,IGHV1-62-2,IGHJ3,CARHEGSYDGYYSFAYW,IGKV2-137,IGKJ2,CMQHLEYPYTF
SRBC,NA,NA,TRUE,mouse,GGAAAGCTCTTGAGGT-1,SC24124_CTRL_GGAAAGCTCTTGAGGT-1,IGHV1-12,IGHJ4,CARRPYYYEAMDYW,IGLV1,IGLJ1,CALWYSNHWVF
SRBC,NA,NA,TRUE,mouse,GGAACTTAGAGTGAGA-1,SC24124_CTRL_GGAACTTAGAGTGAGA-1,IGHV1-19,IGHJ2,CARGMVTTLFDYW,IGKV13-84,IGKJ1,CQQYWSSPWTF
SRBC,NA,NA,TRUE,mouse,GGAACTTAGCCTTGAT-1,SC24124_CTRL_GGAACTTAGCCTTGAT-1,IGHV2-9,IGHJ3,CARDRPTRGWFAYW,IGKV10-96,IGKJ2,CQQGNTLPYTF
SRBC,NA,NA,TRUE,mouse,GGAACTTGTATATCCG-1,SC24124_CTRL_GGAACTTGTATATCCG-1,IGHV1-62-2,IGHJ3,CARHEDFITTVGGFAYW,IGKV2-137,IGKJ2,CMQHLEYPYTF
SRBC,NA,NA,TRUE,mouse,GGAACTTGTTCTGAAC-1,SC24124_CTRL_GGAACTTGTTCTGAAC-1,IGHV2-5,IGHJ4,CAKSLYSHALDYW,IGKV1-88,IGKJ5,CLQATHQPLTF
SRBC,NA,NA,TRUE,mouse,GGAACTTTCCGTCAAA-1,SC24124_CTRL_GGAACTTTCCGTCAAA-1,IGHV1-85,IGHJ2,CARGVAYFDYW,IGKV2-137,IGKJ2,CMQHLEYPYTF
SRBC,NA,NA,TRUE,mouse,GGAATAAAGTCCGTAT-1,SC24124_CTRL_GGAATAAAGTCCGTAT-1,IGHV1-4,IGHJ1,CARSVTTVLSAPYWYFDVW,IGKV8-30,IGKJ4,CQQYYTYPFTF
SRBC,NA,NA,TRUE,mouse,GGAATAACAACTTGAC-1,SC24124_CTRL_GGAATAACAACTTGAC-1,IGHV9-2-1,IGHJ3,CVPSTMLTNWFAYW,IGKV2-137,IGKJ2,CMQHLEFPYTF
SRBC,NA,NA,TRUE,mouse,GGAATAACATGTCCTC-1,SC24124_CTRL_GGAATAACATGTCCTC-1,IGHV5-6,IGHJ1,CARHFDVW,IGKV1-135,IGKJ1,CWQGTHFPWTF
SRBC,NA,NA,TRUE,mouse,GGAATAAGTGACTACT-1,SC24124_CTRL_GGAATAAGTGACTACT-1,IGHV1-12,IGHJ3,CARGSTMITTSWFAYW,IGKV17-121,IGKJ2,CLQSDNLPYTF
SRBC,NA,NA,TRUE,mouse,GGAATAATCAACCATG-1,SC24124_CTRL_GGAATAATCAACCATG-1,IGHV1-47-46,IGHJ4,CTRRSPSTARGAMDYW,IGKV6-25,IGKJ2,CQQHYSTPYTF
SRBC,NA,NA,TRUE,mouse,GGAATAATCGCGGATC-1,SC24124_CTRL_GGAATAATCGCGGATC-1,IGHV5-4,IGHJ2,CARVGLYDGYYFDYW,IGKV6-17,IGKJ1,CQQHYSTPRTF
SRBC,NA,NA,TRUE,mouse,GGACAAGCAAAGCAAT-1,SC24124_CTRL_GGACAAGCAAAGCAAT-1,IGHV2-5-1,IGHJ2,CAKRGNYGYDYFDYW,IGKV8-28,IGKJ5,CQNDHSYPLTF
SRBC,NA,NA,TRUE,mouse,GGACAAGCAGACTCGC-1,SC24124_CTRL_GGACAAGCAGACTCGC-1,IGHV1-47-46,IGHJ3,CTRSSYDSWFAYW,IGKV10-96,IGKJ1,CQQGNTLPRTF
SRBC,NA,NA,TRUE,mouse,GGACAGAGTGATGTGG-1,SC24124_CTRL_GGACAGAGTGATGTGG-1,IGHV1-9,IGHJ4,CASRAYYSNYGAMDYW,IGKV1-110,IGKJ1,CSQSTHVPWTF
SRBC,NA,NA,TRUE,mouse,GGACATTAGTCACGCC-1,SC24124_CTRL_GGACATTAGTCACGCC-1,IGHV1-80,IGHJ2,CARRVYGFDYW,IGKV4-57-1,IGKJ2,CQQYSGYPYTF
SRBC,NA,NA,TRUE,mouse,GGACATTGTCAGGACA-1,SC24124_CTRL_GGACATTGTCAGGACA-1,IGHV1-39,IGHJ4,CATSPHYYGGGYAMDYW,IGKV8-24,IGKJ2,CQQHYSTPYTF
SRBC,NA,NA,TRUE,mouse,GGACATTGTTGCTCCT-1,SC24124_CTRL_GGACATTGTTGCTCCT-1,IGHV10-3,IGHJ2,CVRNYGNYGVFDYW,IGKV1-117,IGKJ1,CFQGSHVPWTF
SRBC,NA,NA,TRUE,mouse,GGACGTCAGGCCGAAT-1,SC24124_CTRL_GGACGTCAGGCCGAAT-1,IGHV1-26,IGHJ1,CARAPDWYFDVW,IGKV15-103,IGKJ1,CQQGQSYPLTF
SRBC,NA,NA,TRUE,mouse,GGACGTCCATTGGTAC-1,SC24124_CTRL_GGACGTCCATTGGTAC-1,IGHV8-4-7,IGHJ1,CARRGITGFDVW,IGKV1-117,IGKJ1,CFQGSHVPWTF
SRBC,NA,NA,TRUE,mouse,GGACGTCGTAAAGGAG-1,SC24124_CTRL_GGACGTCGTAAAGGAG-1,IGHV6-6,IGHJ2,CTRTGSFDYW,IGKV10-96,IGKJ1,CQQGNTLPRTF
SRBC,NA,NA,TRUE,mouse,GGACGTCGTTCGTGAT-1,SC24124_CTRL_GGACGTCGTTCGTGAT-1,IGHV5-9,IGHJ1,CARRYYGSSYGYFDVW,IGKV6-32,IGKJ1,CQQDYSSPWTF
SRBC,NA,NA,TRUE,mouse,GGACGTCTCACTTCAT-1,SC24124_CTRL_GGACGTCTCACTTCAT-1,IGHV1-63,IGHJ2,CAREAYSNYLDYW,IGKV8-24,IGKJ5,CQQHYSTPLTF
SRBC,NA,NA,TRUE,mouse,GGACGTCTCCACTGGG-1,SC24124_CTRL_GGACGTCTCCACTGGG-1,IGHV10-1,IGHJ1,CVRHKTTAWYFDVW,IGKV6-20,IGKJ5,CGQSYSYPLTF
SRBC,NA,NA,TRUE,mouse,GGACGTCTCTGGCGAC-1,SC24124_CTRL_GGACGTCTCTGGCGAC-1,IGHV1-42,IGHJ2,CARRNYGSSFDYW,IGKV16-104,IGKJ5,CQQHNEYPLTF
SRBC,NA,NA,TRUE,mouse,GGAGCAAAGATCCGAG-1,SC24124_CTRL_GGAGCAAAGATCCGAG-1,IGHV1-63,IGHJ4,CARWGNDVRAMDYW,IGKV1-110,IGKJ2,CSQSTHVPYTF
SRBC,NA,NA,TRUE,mouse,GGAGCAAAGTTCGCGC-1,SC24124_CTRL_GGAGCAAAGTTCGCGC-1,IGHV1-72,IGHJ2,CVYGSRGGYFDYW,IGKV12-44,IGKJ5,CQHHYGSPPTF
SRBC,NA,NA,TRUE,mouse,GGAGCAACACGGCGTT-1,SC24124_CTRL_GGAGCAACACGGCGTT-1,IGHV5-17,IGHJ2,CARGSNLDYW,IGKV1-117,IGKJ1,CFQGSHVPPTF
SRBC,NA,NA,TRUE,mouse,GGAGCAACAGCGAACA-1,SC24124_CTRL_GGAGCAACAGCGAACA-1,IGHV1-47-1,IGHJ4,CARPSITTVVATVTFYYAMDYW,IGKV8-30,IGKJ5,CQQYYSYLTF
SRBC,NA,NA,TRUE,mouse,GGAGCAAGTAGAAGGA-1,SC24124_CTRL_GGAGCAAGTAGAAGGA-1,IGHV8-4-13,IGHJ2,CARSHDGYEYFDYW,IGKV12-44,IGKJ4,CQHHYGSPFTF
SRBC,NA,NA,TRUE,mouse,GGAGCAAGTGTTTGGT-1,SC24124_CTRL_GGAGCAAGTGTTTGGT-1,IGHV1-72,IGHJ2,CARGDGNYFRTSYYFDYW,IGKV3-12,IGKJ5,CQHSRELPLTF
SRBC,NA,NA,TRUE,mouse,GGAGCAATCACCATAG-1,SC24124_CTRL_GGAGCAATCACCATAG-1,IGHV10-1,IGHJ4,CVRQSPMDYW,IGLV2,IGLJ2,CALWYSTHYVF
SRBC,NA,NA,TRUE,mouse,GGAGCAATCCACGTGG-1,SC24124_CTRL_GGAGCAATCCACGTGG-1,IGHV5-9-1,IGHJ1,CTRDEGGLYSNYGFFDVW,IGKV1-117,IGKJ4,CFQGSHVPFTF
SRBC,NA,NA,TRUE,mouse,GGAGCAATCTCCAACC-1,SC24124_CTRL_GGAGCAATCTCCAACC-1,IGHV1-62-2,IGHJ3,CARHEGDSSGYVGFASW,IGKV14-111,IGKJ4,CLQYDELFTF
SRBC,NA,NA,TRUE,mouse,GGATGTTAGTATTGGA-1,SC24124_CTRL_GGATGTTAGTATTGGA-1,IGHV1-87,IGHJ3,CARGGYYDYAWFVYW,IGKV4-58,IGKJ1,CQQWSGYPWTF
SRBC,NA,NA,TRUE,mouse,GGATGTTCAAACTGTC-1,SC24124_CTRL_GGATGTTCAAACTGTC-1,IGHV9-3-1,IGHJ4,CARRADGNYRGAMDYW,IGKV5-37,IGKJ2,CLQGYSTYTF
SRBC,NA,NA,TRUE,mouse,GGATGTTCAGGACGTA-1,SC24124_CTRL_GGATGTTCAGGACGTA-1,IGHV3-1,IGHJ4,CARYGLYYYAMDYW,IGKV8-27,IGKJ2,CHQYLSSMYTF
SRBC,NA,NA,TRUE,mouse,GGATGTTGTAGAAGGA-1,SC24124_CTRL_GGATGTTGTAGAAGGA-1,IGHV1-9,IGHJ4,CARGIIYYGSSYAMDYW,IGKV4-68,IGKJ5,CQQWSSNPPTF
SRBC,NA,NA,TRUE,mouse,GGATGTTTCTAACTCT-1,SC24124_CTRL_GGATGTTTCTAACTCT-1,IGHV4-1,IGHJ4,CARPLHYAMDYW,IGKV2-112,IGKJ5,CQQLVEYPLTF
SRBC,NA,NA,TRUE,mouse,GGATTACCAAACCTAC-1,SC24124_CTRL_GGATTACCAAACCTAC-1,IGHV5-6-5,IGHJ4,CARAPITTVVDYFAMDYW,IGKV6-23,IGKJ5,CQQYSSYPLTF
SRBC,NA,NA,TRUE,mouse,GGATTACGTCCCTTGT-1,SC24124_CTRL_GGATTACGTCCCTTGT-1,IGHV5-12-1,IGHJ4,CARLPSLLAPYVPYAMDYW,IGKV5-48,IGKJ4,CQQSNSWPITF
SRBC,NA,NA,TRUE,mouse,GGATTACGTCTTCTCG-1,SC24124_CTRL_GGATTACGTCTTCTCG-1,IGHV1-14,IGHJ3,CARGEYGNYAAWFAYW,IGKV3-4,IGKJ4,CQQSNEDPFTF
SRBC,NA,NA,TRUE,mouse,GGATTACGTTGGACCC-1,SC24124_CTRL_GGATTACGTTGGACCC-1,IGHV5-12,IGHJ1,CARQAYGKGYFDVW,IGKV5-43,IGKJ4,CQQSNSWPFTF
SRBC,NA,NA,TRUE,mouse,GGATTACTCGCATGAT-1,SC24124_CTRL_GGATTACTCGCATGAT-1,IGHV1-71-10,IGHJ3,CARGDDYDEGVFAYW,IGKV12-44,IGKJ1,CQHHYGTPWTF
SRBC,NA,NA,TRUE,mouse,GGCAATTAGTATCTCG-1,SC24124_CTRL_GGCAATTAGTATCTCG-1,IGHV1-7,IGHJ3,CATLYDYAWFAYW,IGKV3-4,IGKJ2,CQQSNEDPYTF
SRBC,NA,NA,TRUE,mouse,GGCAATTCAAGCGATG-1,SC24124_CTRL_GGCAATTCAAGCGATG-1,IGHV1-87,IGHJ4,CARWLLRGNAMDYW,IGLV1,IGLJ1,CALWYSNHFWVF
SRBC,NA,NA,TRUE,mouse,GGCAATTGTACAGACG-1,SC24124_CTRL_GGCAATTGTACAGACG-1,IGHV1-69,IGHJ4,CARLGGSGDYAMDYW,IGKV5-43,IGKJ5,CQQSNSWPLTF
SRBC,NA,NA,TRUE,mouse,GGCAATTGTACCGAGA-1,SC24124_CTRL_GGCAATTGTACCGAGA-1,IGHV8-12,IGHJ1,CARGESTMVTGYFDVW,IGLV1,IGLJ1,CALWYSNHLVF
SRBC,NA,NA,TRUE,mouse,GGCCGATAGGCTACGA-1,SC24124_CTRL_GGCCGATAGGCTACGA-1,IGHV5-9,IGHJ4,CARDSSGYGALDYW,IGKV3-12,IGKJ1,CQHSRELPPTF
SRBC,NA,NA,TRUE,mouse,GGCGACTGTATTCGTG-1,SC24124_CTRL_GGCGACTGTATTCGTG-1,IGHV1-81,IGHJ1,CAKKSFYYWYFDVW,IGLV1,IGLJ1,CALWYSNHWVF
SRBC,NA,NA,TRUE,mouse,GGCGTGTCATAGAAAC-1,SC24124_CTRL_GGCGTGTCATAGAAAC-1,IGHV5-9,IGHJ2,CARQRFDYW,IGKV9-120,IGKJ2,CLQYASSPYTF
SRBC,NA,NA,TRUE,mouse,GGCGTGTGTCCTAGCG-1,SC24124_CTRL_GGCGTGTGTCCTAGCG-1,IGHV1-52,IGHJ3,CARHLRLGFAYW,IGKV4-52,IGKJ1,CQQCHSYPWTF
SRBC,NA,NA,TRUE,mouse,GGCTCGAAGGCTATCT-1,SC24124_CTRL_GGCTCGAAGGCTATCT-1,IGHV1-64,IGHJ4,CARYDYYAMDYW,IGKV6-20,IGKJ5,CGQSYSYPLTF
SRBC,NA,NA,TRUE,mouse,GGCTCGATCTGCTTGC-1,SC24124_CTRL_GGCTCGATCTGCTTGC-1,IGHV1-12,IGHJ1,CARAIYYGRFDWYFDVW,IGKV8-30,IGKJ2,CQQYYSYPYTF
SRBC,NA,NA,TRUE,mouse,GGCTGGTAGACTGTAA-1,SC24124_CTRL_GGCTGGTAGACTGTAA-1,IGHV8-12,IGHJ4,CARRIYDGYYNYGMDYW,IGKV14-100,IGKJ1,CVQYAQFPWTF
SRBC,NA,NA,TRUE,mouse,GGCTGGTCACTGTGTA-1,SC24124_CTRL_GGCTGGTCACTGTGTA-1,IGHV10-3,IGHJ4,CVREGVYYGNYAWDYYYAMDYW,IGLV2,IGLJ2,CALWYSTHYVF
SRBC,NA,NA,TRUE,mouse,GGCTGGTCAGCGATCC-1,SC24124_CTRL_GGCTGGTCAGCGATCC-1,IGHV1-64,IGHJ3,CATSLTGTNAWFAYW,IGKV6-32,IGKJ1,CQQDYSSPWTF
SRBC,NA,NA,TRUE,mouse,GGGAATGAGAACAATC-1,SC24124_CTRL_GGGAATGAGAACAATC-1,IGHV5-6-5,IGHJ4,CARDPINTVVDYYAMDYW,IGKV9-129,IGKJ5,CLQYASSPLTF
SRBC,NA,NA,TRUE,mouse,GGGACCTAGACCTTTG-1,SC24124_CTRL_GGGACCTAGACCTTTG-1,IGHV1-18,IGHJ1,CARCYGSSGYFDVW,IGKV5-39,IGKJ5,CQNGHSFPLTF
SRBC,NA,NA,TRUE,mouse,GGGACCTAGGACTGGT-1,SC24124_CTRL_GGGACCTAGGACTGGT-1,IGHV4-1,IGHJ4,CARPNYYGMDYW,IGKV2-112,IGKJ5,CQQLVEYPLTF
SRBC,NA,NA,TRUE,mouse,GGGACCTGTAGCGCAA-1,SC24124_CTRL_GGGACCTGTAGCGCAA-1,IGHV1-81,IGHJ2,CARSLYYYGSSDYW,IGKV1-135,IGKJ1,CWQGTHFPRTF
SRBC,NA,NA,TRUE,mouse,GGGACCTGTGGCTCCA-1,SC24124_CTRL_GGGACCTGTGGCTCCA-1,IGHV1-42,IGHJ3,CARRRYYDDVLFAYW,IGKV1-117,IGKJ1,CFQGSYVPRTF
SRBC,NA,NA,TRUE,mouse,GGGAGATAGTAATCCC-1,SC24124_CTRL_GGGAGATAGTAATCCC-1,IGHV1-18-65,IGHJ4,CARRPTAGAMDYW,IGKV5-43,IGKJ5,CQQSNSWPLTF
SRBC,NA,NA,TRUE,mouse,GGGAGATCACATTAGC-1,SC24124_CTRL_GGGAGATCACATTAGC-1,IGHV1-18,IGHJ4,CARDNWEGTMDYW,IGKV4-59,IGKJ5,CQQWSSDPPTF
SRBC,NA,NA,TRUE,mouse,GGGAGATTCATCTGCC-1,SC24124_CTRL_GGGAGATTCATCTGCC-1,IGHV1-53,IGHJ1,CARAPSLLKSHWYFDVW,IGKV10-94,IGKJ1,CQQYSKLPWTF
SRBC,NA,NA,TRUE,mouse,GGGAGATTCTGCGTAA-1,SC24124_CTRL_GGGAGATTCTGCGTAA-1,IGHV1-66,IGHJ2,CARERGLIGDCW,IGKV1-110,IGKJ1,CSQTTHVPWTF
SRBC,NA,NA,TRUE,mouse,GGGATGAAGGATGCGT-1,SC24124_CTRL_GGGATGAAGGATGCGT-1,IGHV2-9-1,IGHJ2,CAREVISDAYFFDYW,IGKV6-15,IGKJ5,CQQYNNSPLTF
SRBC,NA,NA,TRUE,mouse,GGGATGATCCAAAGTC-1,SC24124_CTRL_GGGATGATCCAAAGTC-1,IGHV5-9,IGHJ4,CARGVLRWGAMDYW,IGKV16-104,IGKJ5,CQQHNEYPLTF
SRBC,NA,NA,TRUE,mouse,GGGCACTCAAGCTGGA-1,SC24124_CTRL_GGGCACTCAAGCTGGA-1,IGHV9-3,IGHJ4,CAKTFYYDYDYYAMDYW,IGKV12-44,IGKJ1,CQHHYGTPWTF
SRBC,NA,NA,TRUE,mouse,GGGCACTTCACAACGT-1,SC24124_CTRL_GGGCACTTCACAACGT-1,IGHV1-47-1,IGHJ2,CARSLTTLVEGYFDYW,IGKV8-30,IGKJ2,CQQYYSYPYTF
SRBC,NA,NA,TRUE,mouse,GGGCACTTCCAGAGGA-1,SC24124_CTRL_GGGCACTTCCAGAGGA-1,IGHV1-9,IGHJ1,CARRRYYGSGYWFFDVW,IGKV1-117,IGKJ4,CFQGSHVPFTF
SRBC,NA,NA,TRUE,mouse,GGGCATCAGAAACCGC-1,SC24124_CTRL_GGGCATCAGAAACCGC-1,IGHV8-13-3,IGHJ2,CARSTTRATYFDYW,IGKV12-44,IGKJ5,CQHHYGPPLTF
SRBC,NA,NA,TRUE,mouse,GGGCATCAGGGTTCCC-1,SC24124_CTRL_GGGCATCAGGGTTCCC-1,IGHV1-14,IGHJ3,CATEGTARATGFAYW,IGKV8-19,IGKJ2,CQNDYSYPLYTF
SRBC,NA,NA,TRUE,mouse,GGGCATCCACAAGACG-1,SC24124_CTRL_GGGCATCCACAAGACG-1,IGHV1S56,IGHJ4,CARGGLRLPLDYW,IGKV6-23,IGKJ2,CQQYSSYPLTF
SRBC,NA,NA,TRUE,mouse,GGGTCTGAGACCGGAT-1,SC24124_CTRL_GGGTCTGAGACCGGAT-1,IGHV5-6-4,IGHJ2,CTRNSQSYYGNSLDYW,IGKV10-96,IGKJ2,CQQGNTHTF
SRBC,NA,NA,TRUE,mouse,GGGTCTGAGCTCCCAG-1,SC24124_CTRL_GGGTCTGAGCTCCCAG-1,IGHV1-69-8,IGHJ3,CARALLRLPPWFAYW,IGKV8-19,IGKJ2,CQNDYSFPYTF
SRBC,NA,NA,TRUE,mouse,GGGTCTGCAATCGGTT-1,SC24124_CTRL_GGGTCTGCAATCGGTT-1,IGHV14-3,IGHJ2,CARSGDYSLW,IGKV4-57,IGKJ5,CQQRSSYPLTF
SRBC,NA,NA,TRUE,mouse,GGGTCTGGTCTCATCC-1,SC24124_CTRL_GGGTCTGGTCTCATCC-1,IGHV1-53,IGHJ3,CARAPYDYDDWFAYW,IGKV5-43,IGKJ5,CQQSNSWPLTF
SRBC,NA,NA,TRUE,mouse,GGGTCTGGTGGTTTCA-1,SC24124_CTRL_GGGTCTGGTGGTTTCA-1,IGHV1-72,IGHJ4,CSRRGDGYYNAMDYW,IGKV4-68,IGKJ5,CQQWSSNPLTF
SRBC,NA,NA,TRUE,mouse,GGGTTGCCATCTCCCA-1,SC24124_CTRL_GGGTTGCCATCTCCCA-1,IGHV8-4-19,IGHJ3,CASYPFTYW,IGKV14-100,IGKJ4,CVQYAQFPFTF
SRBC,NA,NA,TRUE,mouse,GGGTTGCGTCAGAATA-1,SC24124_CTRL_GGGTTGCGTCAGAATA-1,IGHV1-26,IGHJ3,CARNGGFAYW,IGKV1-133,IGKJ1,CVQGTHFPQTF
SRBC,NA,NA,TRUE,mouse,GGGTTGCGTTACAGAA-1,SC24124_CTRL_GGGTTGCGTTACAGAA-1,IGHV1-7,IGHJ2,CARWAGYYFDYW,IGKV4-90,IGKJ5,CQQRSSYPLTF
SRBC,NA,NA,TRUE,mouse,GGTATTGAGCACCGTC-1,SC24124_CTRL_GGTATTGAGCACCGTC-1,IGHV9-3,IGHJ1,CAREEGLLRYFDVW,IGKV4-91,IGKJ2,CQQGSSIPRTF
SRBC,NA,NA,TRUE,mouse,GGTATTGCATTTGCTT-1,SC24124_CTRL_GGTATTGCATTTGCTT-1,IGHV8-12,IGHJ1,CARIYDGYMRWYFDVW,IGKV6-15,IGKJ4,CQQYTSYPFTF
SRBC,NA,NA,TRUE,mouse,GGTATTGGTCACCTAA-1,SC24124_CTRL_GGTATTGGTCACCTAA-1,IGHV1-81,IGHJ4,CARSAITTVVEDYYALDYW,IGKV1-135,IGKJ2,CWQGTHFPHTF
SRBC,NA,NA,TRUE,mouse,GGTATTGTCCGATATG-1,SC24124_CTRL_GGTATTGTCCGATATG-1,IGHV9-2-1,IGHJ4,CAPITTVPMDYW,IGKV6-14,IGKJ5,CLQHWNYPLTF
SRBC,NA,NA,TRUE,mouse,GGTATTGTCGTCTGAA-1,SC24124_CTRL_GGTATTGTCGTCTGAA-1,IGHV5-9-1,IGHJ4,CTRDRDYYYRGYAMDYW,IGKV8-27,IGKJ5,CHQYLSSRTF
SRBC,NA,NA,TRUE,mouse,GGTGAAGAGATATACG-1,SC24124_CTRL_GGTGAAGAGATATACG-1,IGHV9-3-1,IGHJ2,CATAYYGNYFDYW,IGKV13-85,IGKJ2,CQQYWSTPYTF
SRBC,NA,NA,TRUE,mouse,GGTGAAGAGTTCGATC-1,SC24124_CTRL_GGTGAAGAGTTCGATC-1,IGHV1-4,IGHJ2,CARWSHYYGTLYW,IGKV14-111,IGKJ5,CLQYDEFPFTF
SRBC,NA,NA,TRUE,mouse,GGTGAAGCAGTCACTA-1,SC24124_CTRL_GGTGAAGCAGTCACTA-1,IGHV1-55,IGHJ4,CARGGAPGFYAMDYW,IGLV3,IGLJ2,CGVGDTIKEQFVYVF
SRBC,NA,NA,TRUE,mouse,GGTGAAGCAGTCTTCC-1,SC24124_CTRL_GGTGAAGCAGTCTTCC-1,IGHV1-80,IGHJ4,CARTGNYYGSLYYYTMDYW,IGKV1-110,IGKJ5,CSQSTHVPLTF
SRBC,NA,NA,TRUE,mouse,GGTGAAGCATGACGGA-1,SC24124_CTRL_GGTGAAGCATGACGGA-1,IGHV1-26,IGHJ2,CARSPYYYGSSYDYW,IGKV9-120,IGKJ1,CLQYASSPWTF
SRBC,NA,NA,TRUE,mouse,GGTGAAGTCAAACCGT-1,SC24124_CTRL_GGTGAAGTCAAACCGT-1,IGHV1-47-46,IGHJ4,CTYYYGNYYYAMDYW,IGKV10-94,IGKJ1,CQQYSKLPRTF
SRBC,NA,NA,TRUE,mouse,GGTGCGTAGCTGAAAT-1,SC24124_CTRL_GGTGCGTAGCTGAAAT-1,IGHV9-3,IGHJ2,CARKWVYDYFDYW,IGLV1,IGLJ1,CALWYSNHWVF
SRBC,NA,NA,TRUE,mouse,GGTGCGTCATCGGACC-1,SC24124_CTRL_GGTGCGTCATCGGACC-1,IGHV2-6-7,IGHJ3,CAREDYGGSWFAYW,IGKV6-15,IGKJ1,CQQYNSYPWTF
SRBC,NA,NA,TRUE,mouse,GGTGCGTGTAACGTTC-1,SC24124_CTRL_GGTGCGTGTAACGTTC-1,IGHV1-42,IGHJ1,CARRGYYGNLYWYFDVW,IGKV3-5,IGKJ5,CQQSNEDPLTF
SRBC,NA,NA,TRUE,mouse,GGTGCGTGTTCGTCTC-1,SC24124_CTRL_GGTGCGTGTTCGTCTC-1,IGHV1-81,IGHJ4,CARPYDYDDRFYYAMDYW,IGKV15-103,IGKJ2,CQQGQSYPYTF
SRBC,NA,NA,TRUE,mouse,GGTGTTAAGTGGAGAA-1,SC24124_CTRL_GGTGTTAAGTGGAGAA-1,IGHV1-64,IGHJ4,CARHGSSSLYSMDYW,IGKV13-85,IGKJ4,CQQFWSIPFTF
SRBC,NA,NA,TRUE,mouse,GGTGTTACAGGGTACA-1,SC24124_CTRL_GGTGTTACAGGGTACA-1,IGHV5-9,IGHJ2,CTRQRFDYW,IGKV9-120,IGKJ4,CLQYATSPFTF
SRBC,NA,NA,TRUE,mouse,GGTGTTAGTAGAAAGG-1,SC24124_CTRL_GGTGTTAGTAGAAAGG-1,IGHV1-80,IGHJ2,CARDTAYYFDYW,IGKV16-104,IGKJ5,CQQHNEYPLTF
SRBC,NA,NA,TRUE,mouse,GGTGTTAGTCTAGAGG-1,SC24124_CTRL_GGTGTTAGTCTAGAGG-1,IGHV1-12,IGHJ3,CARGGYYDYDWFAYW,IGKV2-137,IGKJ2,CMQHLEYPYTF
SRBC,NA,NA,TRUE,mouse,GGTGTTATCGCCATAA-1,SC24124_CTRL_GGTGTTATCGCCATAA-1,IGHV1-63,IGHJ4,CARRGGNYYAMDYW,IGKV15-103,IGKJ1,CQQGQSYPWTF
SRBC,NA,NA,TRUE,mouse,GTAACGTAGCTAGCCC-1,SC24124_CTRL_GTAACGTAGCTAGCCC-1,IGHV1-80,IGHJ3,CARDDGYSFAYW,IGKV10-96,IGKJ2,CQQGNTLPYTF
SRBC,NA,NA,TRUE,mouse,GTAACGTGTTACTGAC-1,SC24124_CTRL_GTAACGTGTTACTGAC-1,IGHV1-15,IGHJ4,CTRRYYYGSSLHYYAMDYW,IGLV1,IGLJ1,CALWYSNHFWVF
SRBC,NA,NA,TRUE,mouse,GTAACTGAGTAACCCT-1,SC24124_CTRL_GTAACTGAGTAACCCT-1,IGHV1-80,IGHJ3,CARSFFGDYDGFAYW,IGKV4-72,IGKJ1,CQQWSSNPPTF
SRBC,NA,NA,TRUE,mouse,GTACGTAAGGCACATG-1,SC24124_CTRL_GTACGTAAGGCACATG-1,IGHV2-5,IGHJ1,CAKKSFYYDWYFDVW,IGKV1-117,IGKJ5,CFQGSHVPLTF
SRBC,NA,NA,TRUE,mouse,GTACGTACACATTTCT-1,SC24124_CTRL_GTACGTACACATTTCT-1,IGHV1-47-14,IGHJ3,CTRGSTLITTAPFAYW,IGKV4-59,IGKJ2,CQQWSSNPPTF
SRBC,NA,NA,TRUE,mouse,GTACGTACAGATTGCT-1,SC24124_CTRL_GTACGTACAGATTGCT-1,IGHV9-3-1,IGHJ2,CAREGNPTSSFDYW,IGKV6-25,IGKJ4,CQQHYSTPPTF
SRBC,NA,NA,TRUE,mouse,GTACTCCCAAAGTGCG-1,SC24124_CTRL_GTACTCCCAAAGTGCG-1,IGHV1-80,IGHJ2,CARELGYYFDYW,IGKV16-104,IGKJ2,CQQYNEYPYTF
SRBC,NA,NA,TRUE,mouse,GTACTCCCACTTGGAT-1,SC24124_CTRL_GTACTCCCACTTGGAT-1,IGHV1-59,IGHJ3,CAREEAQATMAWFAYW,IGKV3-12,IGKJ2,CQHSRELPYTF
SRBC,NA,NA,TRUE,mouse,GTACTCCCAGGGTACA-1,SC24124_CTRL_GTACTCCCAGGGTACA-1,IGHV8-4-19,IGHJ4,CARRADYYGSSYLAMDYW,IGKV8-19,IGKJ5,CQNDYSYPLTF
SRBC,NA,NA,TRUE,mouse,GTACTCCGTCTGATTG-1,SC24124_CTRL_GTACTCCGTCTGATTG-1,IGHV1-80,IGHJ3,CARLAGYWFAYW,IGKV6-23,IGKJ1,CQQHSSYPWTF
SRBC,NA,NA,TRUE,mouse,GTACTCCGTTCCCTTG-1,SC24124_CTRL_GTACTCCGTTCCCTTG-1,IGHV1-53,IGHJ4,CAPSIITTVVGGALDYW,IGKV8-30,IGKJ4,CQQYYSYPFTF
SRBC,NA,NA,TRUE,mouse,GTACTTTAGTTGTAGA-1,SC24124_CTRL_GTACTTTAGTTGTAGA-1,IGHV1-18,IGHJ3,CARPYSYYYGSTYVGFAYW,IGKV13-85,IGKJ2,CQQYWSTPYTF
SRBC,NA,NA,TRUE,mouse,GTACTTTCATGTAAGA-1,SC24124_CTRL_GTACTTTCATGTAAGA-1,IGHV9-2-1,IGHJ4,CASPGYYSAMDYW,IGKV2-137,IGKJ2,CMQHLEYPYTF
SRBC,NA,NA,TRUE,mouse,GTAGGCCCAAATCCGT-1,SC24124_CTRL_GTAGGCCCAAATCCGT-1,IGHV1-9,IGHJ3,CARRDWAWFAYW,IGKV8-24,IGKJ4,CQQHYTTPFTF
SRBC,NA,NA,TRUE,mouse,GTAGGCCTCAGTGCAT-1,SC24124_CTRL_GTAGGCCTCAGTGCAT-1,IGHV14-1,IGHJ2,CARSFYGYVANW,IGKV12-41,IGKJ1,CQHFWSTPRTF
SRBC,NA,NA,TRUE,mouse,GTAGGCCTCATGCATG-1,SC24124_CTRL_GTAGGCCTCATGCATG-1,IGHV2-2,IGHJ1,CARTTVSWYFDVW,IGKV1-117,IGKJ1,CFRGSHVPWTF
SRBC,NA,NA,TRUE,mouse,GTAGGCCTCCGCATCT-1,SC24124_CTRL_GTAGGCCTCCGCATCT-1,IGHV9-1,IGHJ2,CSRSGIYDGSHFDYW,IGKV1-117,IGKJ1,CFQGSHVPWTF
SRBC,NA,NA,TRUE,mouse,GTAGTCAAGGTAAACT-1,SC24124_CTRL_GTAGTCAAGGTAAACT-1,IGHV1-66,IGHJ2,CARWRGSSPYYFDYW,IGKV4-68,IGKJ5,CQQWSSNPLTF
SRBC,NA,NA,TRUE,mouse,GTAGTCATCCAGTATG-1,SC24124_CTRL_GTAGTCATCCAGTATG-1,IGHV14-4,IGHJ1,CTTCGSGAGFDVW,IGKV13-84,IGKJ1,CQQYWSTPRTF
SRBC,NA,NA,TRUE,mouse,GTATCTTAGAATCTCC-1,SC24124_CTRL_GTATCTTAGAATCTCC-1,IGHV3-2,IGHJ2,CARREYFDYW,IGKV19-93,IGKJ4,CLQYDNLLFTF
SRBC,NA,NA,TRUE,mouse,GTATCTTAGACTACAA-1,SC24124_CTRL_GTATCTTAGACTACAA-1,IGHV3-1,IGHJ2,CASAYYGNYEDYW,IGKV4-74,IGKJ5,CHQYHRSPLTF
SRBC,NA,NA,TRUE,mouse,GTATCTTAGGTGATAT-1,SC24124_CTRL_GTATCTTAGGTGATAT-1,IGHV1-42-1,IGHJ2,CARRGFYYDYEDYW,IGKV1-110,IGKJ1,CSQNTHVPWTF
SRBC,NA,NA,TRUE,mouse,GTATCTTAGTACGCGA-1,SC24124_CTRL_GTATCTTAGTACGCGA-1,IGHV2-6-5,IGHJ2,CAKHRDYSSRVFDYW,IGKV6-23,IGKJ5,CHQYSSYLTF
SRBC,NA,NA,TRUE,mouse,GTATCTTAGTTATCGC-1,SC24124_CTRL_GTATCTTAGTTATCGC-1,IGHV4-2,IGHJ4,CARGDRYDGGAMDYW,IGKV10-96,IGKJ4,CQQVNTLPFTF
SRBC,NA,NA,TRUE,mouse,GTATCTTCAGTTCATG-1,SC24124_CTRL_GTATCTTCAGTTCATG-1,IGHV2-5,IGHJ4,CVRKSSYYREYAMDYW,IGKV1-117,IGKJ2,CFQGSHVPYTF
SRBC,NA,NA,TRUE,mouse,GTATTCTAGAAGGGTA-1,SC24124_CTRL_GTATTCTAGAAGGGTA-1,IGHV1-42-1,IGHJ3,CARRSSYGPFAYW,IGKV17-127,IGKJ4,CLQSDNMPFTF
SRBC,NA,NA,TRUE,mouse,GTATTCTAGAATTCCC-1,SC24124_CTRL_GTATTCTAGAATTCCC-1,IGHV1-9,IGHJ1,CASRLWYFDVW,IGKV14-100,IGKJ1,CVQYAQFPWTF
SRBC,NA,NA,TRUE,mouse,GTATTCTAGGAGTAGA-1,SC24124_CTRL_GTATTCTAGGAGTAGA-1,IGHV1-9,IGHJ2,CARERGFYFDYDADVYW,IGKV1-110,IGKJ1,CSQSTHVPRTF
SRBC,NA,NA,TRUE,mouse,GTATTCTGTACATGTC-1,SC24124_CTRL_GTATTCTGTACATGTC-1,IGHV1-9,IGHJ3,CARGTGTFTHW,IGKV3-4,IGKJ2,CQQSNEDPYTF
SRBC,NA,NA,TRUE,mouse,GTATTCTGTCCGTGAC-1,SC24124_CTRL_GTATTCTGTCCGTGAC-1,IGHV5-6-5,IGHJ4,CARAPITTVVDYYAMDYW,IGKV6-23,IGKJ5,CQQYSSYPLTF
SRBC,NA,NA,TRUE,mouse,GTATTCTGTCGCGGTT-1,SC24124_CTRL_GTATTCTGTCGCGGTT-1,IGHV1-47-8,IGHJ1,CARNPYYSPYWYFDVW,IGKV10-94,IGKJ2,CQQYSKLPYTF
SRBC,NA,NA,TRUE,mouse,GTATTCTGTCGTGGCT-1,SC24124_CTRL_GTATTCTGTCGTGGCT-1,IGHV1-82,IGHJ3,CARGGVVPFAYW,IGKV9-123,IGKJ1,CLQRNAYPWTF
SRBC,NA,NA,TRUE,mouse,GTCAAGTAGGTGATAT-1,SC24124_CTRL_GTCAAGTAGGTGATAT-1,IGHV3-5,IGHJ2,CARGLYGIYFDYW,IGKV6-17,IGKJ1,CQQHYSTPWTF
SRBC,NA,NA,TRUE,mouse,GTCAAGTCAGGATCGA-1,SC24124_CTRL_GTCAAGTCAGGATCGA-1,IGHV1-81,IGHJ2,CARRINWDGHFDYW,IGKV1-117,IGKJ2,CFQGSHVPYTF
SRBC,NA,NA,TRUE,mouse,GTCAAGTTCTACTTAC-1,SC24124_CTRL_GTCAAGTTCTACTTAC-1,IGHV9-2-1,IGHJ2,CASGGRFFDYW,IGKV3-5,IGKJ1,CQQSDEDPWTF
SRBC,NA,NA,TRUE,mouse,GTCACAAAGTGACTCT-1,SC24124_CTRL_GTCACAAAGTGACTCT-1,IGHV3-2,IGHJ3,CARVPAYW,IGKV6-23,IGKJ5,CQQYSSYPLTF
SRBC,NA,NA,TRUE,mouse,GTCACGGGTTTGTTTC-1,SC24124_CTRL_GTCACGGGTTTGTTTC-1,IGHV1-78,IGHJ4,CARSSYSNLLYYAMDYW,IGKV8-30,IGKJ1,CQQYYNFPRTF
SRBC,NA,NA,TRUE,mouse,GTCACGGTCCTATTCA-1,SC24124_CTRL_GTCACGGTCCTATTCA-1,IGHV14-3,IGHJ1,CARDGSSFYWYFDVW,IGKV3-2,IGKJ1,CQQSKEVPRTF
SRBC,NA,NA,TRUE,mouse,GTCATTTCAAAGGTGC-1,SC24124_CTRL_GTCATTTCAAAGGTGC-1,IGHV5-6,IGHJ3,CARQMDYGNYAWFAYW,IGLV1,IGLJ3,CALWYSNHFIF
SRBC,NA,NA,TRUE,mouse,GTCATTTCAACACGCC-1,SC24124_CTRL_GTCATTTCAACACGCC-1,IGHV2-2,IGHJ4,CARPDYYAMDYW,IGKV10-96,IGKJ2,CQQGNTLPYTF
SRBC,NA,NA,TRUE,mouse,GTCATTTTCGCCAGCA-1,SC24124_CTRL_GTCATTTTCGCCAGCA-1,IGHV1-69-9,IGHJ1,CARGSTEWYFDVW,IGKV15-103,IGKJ4,CQQGQSYPFTF
SRBC,NA,NA,TRUE,mouse,GTCCTCACAACGATGG-1,SC24124_CTRL_GTCCTCACAACGATGG-1,IGHV1-62-2,IGHJ2,CARHGLLYLDYW,IGKV2-137,IGKJ2,CMQHLEYPYTF
SRBC,NA,NA,TRUE,mouse,GTCCTCATCAAACCAC-1,SC24124_CTRL_GTCCTCATCAAACCAC-1,IGHV9-1,IGHJ2,CVREVYDGYYRPYYFDYW,IGKV11-125,IGKJ2,CLQNSYLPYTF
SRBC,NA,NA,TRUE,mouse,GTCCTCATCGCTTGTC-1,SC24124_CTRL_GTCCTCATCGCTTGTC-1,IGHV2-6-7,IGHJ4,CARDPPYGNYGTPYYYAMDYW,IGKV10-96,IGKJ1,CQQGNTLPWTF
SRBC,NA,NA,TRUE,mouse,GTCCTCATCGGCGCAT-1,SC24124_CTRL_GTCCTCATCGGCGCAT-1,IGHV1-81,IGHJ4,CARTIYYYGSAMDYW,IGKV1-135,IGKJ1,CWQGTHFPRTF
SRBC,NA,NA,TRUE,mouse,GTCTCGTTCGATCCCT-1,SC24124_CTRL_GTCTCGTTCGATCCCT-1,IGHV1-4,IGHJ2,CAKGDDGYYNFDYW,IGKV14-111,IGKJ4,CLQYDEFPFTF
SRBC,NA,NA,TRUE,mouse,GTCTTCGAGCTCAACT-1,SC24124_CTRL_GTCTTCGAGCTCAACT-1,IGHV1-18,IGHJ4,CARDSNWVMDYW,IGLV1,IGLJ1,CALWYSNHWVF
SRBC,NA,NA,TRUE,mouse,GTCTTCGAGTATGACA-1,SC24124_CTRL_GTCTTCGAGTATGACA-1,IGHV1-82,IGHJ3,CAREGYSNYLACFAYW,IGKV6-23,IGKJ2,CQQYSSYPLTF
SRBC,NA,NA,TRUE,mouse,GTCTTCGGTAAACGCG-1,SC24124_CTRL_GTCTTCGGTAAACGCG-1,IGHV2-2,IGHJ4,CARYDYYALDYW,IGKV10-96,IGKJ2,CQQGNTLPYTF
SRBC,NA,NA,TRUE,mouse,GTCTTCGGTACAGACG-1,SC24124_CTRL_GTCTTCGGTACAGACG-1,IGHV2-2,IGHJ4,CARADYYGMVYW,IGKV10-96,IGKJ1,CQQDNTLPWTF
SRBC,NA,NA,TRUE,mouse,GTCTTCGGTACCAGTT-1,SC24124_CTRL_GTCTTCGGTACCAGTT-1,IGHV1-12,IGHJ3,CARSFITTVVATDWFAYW,IGKV10-96,IGKJ2,CQQGNTLPYTF
SRBC,NA,NA,TRUE,mouse,GTCTTCGGTCTGGAGA-1,SC24124_CTRL_GTCTTCGGTCTGGAGA-1,IGHV2-5-1,IGHJ4,CAKTGMITTGRYAMDYW,IGKV10-96,IGKJ2,CQQGNTLPPTF
SRBC,NA,NA,TRUE,mouse,GTCTTCGTCCAAGCCG-1,SC24124_CTRL_GTCTTCGTCCAAGCCG-1,IGHV5-9,IGHJ4,CARPLWDVYVMDCW,IGKV13-85,IGKJ2,CQQYWSTPYTF
SRBC,NA,NA,TRUE,mouse,GTGAAGGAGCAATATG-1,SC24124_CTRL_GTGAAGGAGCAATATG-1,IGHV1-62-2,IGHJ3,CARHGLYYDYDWFAYW,IGKV2-137,IGKJ2,CMQHLEYPYTF
SRBC,NA,NA,TRUE,mouse,GTGAAGGAGGATTCGG-1,SC24124_CTRL_GTGAAGGAGGATTCGG-1,IGHV5-6,IGHJ2,CSITTAYW,IGKV14-126,IGKJ4,CLQHGESPFTF
SRBC,NA,NA,TRUE,mouse,GTGAAGGGTAGGGACT-1,SC24124_CTRL_GTGAAGGGTAGGGACT-1,IGHV14-2,IGHJ4,CARWNPSYAMDYW,IGKV4-59,IGKJ5,CQQWSSNPLTF
SRBC,NA,NA,TRUE,mouse,GTGAAGGGTATAGGTA-1,SC24124_CTRL_GTGAAGGGTATAGGTA-1,IGHV1-81,IGHJ2,CARTTAVVANFDYW,IGKV1-117,IGKJ1,CFQGSHVPRTF
SRBC,NA,NA,TRUE,mouse,GTGAAGGGTGAGGGAG-1,SC24124_CTRL_GTGAAGGGTGAGGGAG-1,IGHV1-50,IGHJ3,CARRGENYYGFAYW,IGKV1-110,IGKJ5,CSQSTHVPLTF
SRBC,NA,NA,TRUE,mouse,GTGAAGGGTGTGAATA-1,SC24124_CTRL_GTGAAGGGTGTGAATA-1,IGHV1-42,IGHJ3,CARRRYYDDVLFAYW,IGKV1-117,IGKJ1,CFQGSYVPRTF
SRBC,NA,NA,TRUE,mouse,GTGAAGGGTTAAGATG-1,SC24124_CTRL_GTGAAGGGTTAAGATG-1,IGHV6-6,IGHJ2,CTRWDYW,IGKV12-46,IGKJ2,CQHFWGTPYTF
SRBC,NA,NA,TRUE,mouse,GTGAAGGTCGTGGGAA-1,SC24124_CTRL_GTGAAGGTCGTGGGAA-1,IGHV1-80,IGHJ4,CARSMGYAMDYW,IGKV4-80,IGKJ2,CHQWSSFPCTF
SRBC,NA,NA,TRUE,mouse,GTGCAGCCAATCACAC-1,SC24124_CTRL_GTGCAGCCAATCACAC-1,IGHV4-1,IGHJ1,CARPNSLLRLGYFDVW,IGKV12-46,IGKJ1,CQHFWGTPPTF
SRBC,NA,NA,TRUE,mouse,GTGCAGCTCGCCTGTT-1,SC24124_CTRL_GTGCAGCTCGCCTGTT-1,IGHV2-9,IGHJ4,CARDDFYYAMDYW,IGKV3-5,IGKJ2,CQQSHEDPPYTF
SRBC,NA,NA,TRUE,mouse,GTGCATACACAACGTT-1,SC24124_CTRL_GTGCATACACAACGTT-1,IGHV1-18-17,IGHJ3,CARHVGNYVWFTYW,IGKV6-15,IGKJ2,CQQYNSYPYTF
SRBC,NA,NA,TRUE,mouse,GTGCATAGTGTTGGGA-1,SC24124_CTRL_GTGCATAGTGTTGGGA-1,IGHV6-7-4,IGHJ2,CTRYGNYYFDYW,IGKV12-44,IGKJ4,CQHHYGTPFTF
SRBC,NA,NA,TRUE,mouse,GTGCATATCCCAAGTA-1,SC24124_CTRL_GTGCATATCCCAAGTA-1,IGHV8-4-7,IGHJ4,CVRNGRSDAMDYW,IGKV9-129,IGKJ5,CLQYATSPPTF
SRBC,NA,NA,TRUE,mouse,GTGCATATCCCTCAGT-1,SC24124_CTRL_GTGCATATCCCTCAGT-1,IGHV1-42,IGHJ2,CARRYYYGSSHFDYW,IGKV1-117,IGKJ5,CFQGSHVPLTF
SRBC,NA,NA,TRUE,mouse,GTGCGGTAGCAACGGT-1,SC24124_CTRL_GTGCGGTAGCAACGGT-1,IGHV1-12,IGHJ2,CARGGISYYTLYYFDYW,IGKV10-96,IGKJ5,CQQANTLPLTF
SRBC,NA,NA,TRUE,mouse,GTGCGGTAGTGAAGTT-1,SC24124_CTRL_GTGCGGTAGTGAAGTT-1,IGHV5-12-2,IGHJ2,CARHGDYGNFDYW,IGKV10-96,IGKJ5,CQQGNTLPPTF
SRBC,NA,NA,TRUE,mouse,GTGCGGTCAACTGGCC-1,SC24124_CTRL_GTGCGGTCAACTGGCC-1,IGHV1-9,IGHJ1,CARRRYYGSDWYFDVW,IGKV1-117,IGKJ1,CFQGSHVPWTF
SRBC,NA,NA,TRUE,mouse,GTGCGGTCAATAGCAA-1,SC24124_CTRL_GTGCGGTCAATAGCAA-1,IGHV2-6-7,IGHJ4,CARDLYAMDFW,IGKV4-59,IGKJ5,CQQWSSNPLTF
SRBC,NA,NA,TRUE,mouse,GTGCGGTCAGGGTTAG-1,SC24124_CTRL_GTGCGGTCAGGGTTAG-1,IGHV1-18-65,IGHJ4,CARRTGTGAMDYW,IGKV1-135,IGKJ1,CWRGTHFPRTF
SRBC,NA,NA,TRUE,mouse,GTGCGGTCATTGGGCC-1,SC24124_CTRL_GTGCGGTCATTGGGCC-1,IGHV1-19,IGHJ3,CARSDGSDYVDWFAYW,IGKV12-46,IGKJ2,CQHFWSSPYTF
SRBC,NA,NA,TRUE,mouse,GTGCGGTTCACTTATC-1,SC24124_CTRL_GTGCGGTTCACTTATC-1,IGHV9-3-1,IGHJ3,CAIPFITTASAWFAYW,IGKV4-53,IGKJ5,CQQWSSYPLTF
SRBC,NA,NA,TRUE,mouse,GTGCTTCAGACAGACC-1,SC24124_CTRL_GTGCTTCAGACAGACC-1,IGHV6-6,IGHJ4,CTREEYYYAMDYW,IGKV1-135,IGKJ1,CWQGTHFPQTF
SRBC,NA,NA,TRUE,mouse,GTGCTTCAGCTGCGAA-1,SC24124_CTRL_GTGCTTCAGCTGCGAA-1,IGHV11-2,IGHJ1,CMRYDSSYWYFDVW,IGKV14-126,IGKJ4,CLQHGESPFTF
SRBC,NA,NA,TRUE,mouse,GTGCTTCCAAGCCATT-1,SC24124_CTRL_GTGCTTCCAAGCCATT-1,IGHV1-9,IGHJ2,CARGIGKDYW,IGKV14-111,IGKJ2,CLQYDEFPYTF
SRBC,NA,NA,TRUE,mouse,GTGCTTCCAAGGACTG-1,SC24124_CTRL_GTGCTTCCAAGGACTG-1,IGHV14-3,IGHJ2,CARGGDYAYW,IGKV4-57,IGKJ2,CQQRSSYPYTF
SRBC,NA,NA,TRUE,mouse,GTGCTTCGTGCCTGTG-1,SC24124_CTRL_GTGCTTCGTGCCTGTG-1,IGHV2-5-1,IGHJ2,CAKNSLYYFDYW,IGKV1-110,IGKJ1,CSQSTHVPPTF
SRBC,NA,NA,TRUE,mouse,GTGGGTCTCAGTCAGT-1,SC24124_CTRL_GTGGGTCTCAGTCAGT-1,IGHV7-3,IGHJ4,CARYMGNYVGAMDFW,IGKV3-4,IGKJ2,CQQSNEDPYTF
SRBC,NA,NA,TRUE,mouse,GTGTGCGAGTAGATGT-1,SC24124_CTRL_GTGTGCGAGTAGATGT-1,IGHV1-71-3,IGHJ4,CARYGTYYYAMDYW,IGKV1-135,IGKJ5,CWQGTHFPLTF
SRBC,NA,NA,TRUE,mouse,GTGTGCGCATACTCTT-1,SC24124_CTRL_GTGTGCGCATACTCTT-1,IGHV1-80,IGHJ4,CARPHGTRYAMDYW,IGKV8-28,IGKJ4,CQNDHSYPFTF
SRBC,NA,NA,TRUE,mouse,GTGTGCGTCGACAGCC-1,SC24124_CTRL_GTGTGCGTCGACAGCC-1,IGHV1-62-2,IGHJ3,CARHEDFITTVGGFAYW,IGKV2-137,IGKJ2,CMQHLEYPYTF
SRBC,NA,NA,TRUE,mouse,GTGTGCGTCTGTTTGT-1,SC24124_CTRL_GTGTGCGTCTGTTTGT-1,IGHV5-6,IGHJ2,CARHHYYGSSYGYYFDYW,IGKV5-39,IGKJ2,CQNGHSFPYTF
SRBC,NA,NA,TRUE,mouse,GTGTTAGAGCACACAG-1,SC24124_CTRL_GTGTTAGAGCACACAG-1,IGHV1-19,IGHJ4,CARSIGTTVVDSMDYW,IGKV6-17,IGKJ4,CQQHYSSPFTF
SRBC,NA,NA,TRUE,mouse,GTGTTAGCACTGCCAG-1,SC24124_CTRL_GTGTTAGCACTGCCAG-1,IGHV1-42-1,IGHJ4,CARSKLGSALDYW,IGKV16-104,IGKJ1,CQQHHEYPWTF
SRBC,NA,NA,TRUE,mouse,GTGTTAGGTAGAAAGG-1,SC24124_CTRL_GTGTTAGGTAGAAAGG-1,IGHV1-9,IGHJ2,CARWGRTYYGNCVGYW,IGKV10-96,IGKJ5,CQQGNTLPLTF
SRBC,NA,NA,TRUE,mouse,GTTAAGCAGTTTCCTT-1,SC24124_CTRL_GTTAAGCAGTTTCCTT-1,IGHV1-19,IGHJ1,CARSSITTVADVW,IGKV13-84,IGKJ2,CQQYWSTPYTF
SRBC,NA,NA,TRUE,mouse,GTTAAGCGTAGCGATG-1,SC24124_CTRL_GTTAAGCGTAGCGATG-1,IGHV9-1,IGHJ4,CARDGNYVPYYAMDYW,IGKV19-93,IGKJ5,CLQYDNLLTF
SRBC,NA,NA,TRUE,mouse,GTTAAGCTCACAACGT-1,SC24124_CTRL_GTTAAGCTCACAACGT-1,IGHV4-1,IGHJ4,CARPIYYGYDRGAMDYW,IGKV3-7,IGKJ5,CQHSWEIPLTF
SRBC,NA,NA,TRUE,mouse,GTTACAGAGGATGTAT-1,SC24124_CTRL_GTTACAGAGGATGTAT-1,IGHV1-55,IGHJ3,CARGENYYDYERVFAYW,IGKV1-110,IGKJ1,CSQSTHVPTF
SRBC,NA,NA,TRUE,mouse,GTTACAGGTCTTTCAT-1,SC24124_CTRL_GTTACAGGTCTTTCAT-1,IGHV1-18-11,IGHJ3,CARQTGSAWFAYW,IGKV8-27,IGKJ1,CHQYLSSWTF
SRBC,NA,NA,TRUE,mouse,GTTCATTCACAACGTT-1,SC24124_CTRL_GTTCATTCACAACGTT-1,IGHV1-69,IGHJ2,CARRRGYYVLFDYW,IGKV8-24,IGKJ2,CQQHYSTPYTF
SRBC,NA,NA,TRUE,mouse,GTTCATTCACCAGGCT-1,SC24124_CTRL_GTTCATTCACCAGGCT-1,IGHV2-6-7,IGHJ4,CARDRMDYW,IGKV4-57,IGKJ4,CQQRSSYPFTF
SRBC,NA,NA,TRUE,mouse,GTTCATTCAGGATTGG-1,SC24124_CTRL_GTTCATTCAGGATTGG-1,IGHV1-18-65,IGHJ2,CARRGSSGPFDYW,IGKV5-43,IGKJ5,CQQSNSWPLTF
SRBC,NA,NA,TRUE,mouse,GTTCATTGTGAGGGTT-1,SC24124_CTRL_GTTCATTGTGAGGGTT-1,IGHV1-47-23,IGHJ3,CARPYGNYGAWFAYW,IGKV1-117,IGKJ1,CFQGSHVPRTF
SRBC,NA,NA,TRUE,mouse,GTTCGGGAGAAACCGC-1,SC24124_CTRL_GTTCGGGAGAAACCGC-1,IGHV1-47-36,IGHJ2,CARGGLSYGPFDYW,IGKV9-120,IGKJ1,CLQFASSPWTF
SRBC,NA,NA,TRUE,mouse,GTTCGGGCAACACCCG-1,SC24124_CTRL_GTTCGGGCAACACCCG-1,IGHV1-71-10,IGHJ1,CARWGYGSNYWYFDVW,IGKV19-93,IGKJ1,CLQYDNLWTF
SRBC,NA,NA,TRUE,mouse,GTTCGGGCAGACGCTC-1,SC24124_CTRL_GTTCGGGCAGACGCTC-1,IGHV2-9,IGHJ4,CARYRYDYAMDYW,IGKV4-57,IGKJ1,CQQRSSYPWTF
SRBC,NA,NA,TRUE,mouse,GTTCGGGCATGGTCTA-1,SC24124_CTRL_GTTCGGGCATGGTCTA-1,IGHV5-9,IGHJ2,CARQRFDYW,IGLV1,IGLJ1,CALWYSNHWVF
SRBC,NA,NA,TRUE,mouse,GTTCGGGGTCATATCG-1,SC24124_CTRL_GTTCGGGGTCATATCG-1,IGHV3-2,IGHJ1,CARRSSYWYFDVW,IGKV4-80,IGKJ1,CHQWSSYPTF
SRBC,NA,NA,TRUE,mouse,GTTCGGGGTGCACCAC-1,SC24124_CTRL_GTTCGGGGTGCACCAC-1,IGHV1-12,IGHJ3,CARSDDFFAWFAYW,IGKV8-30,IGKJ1,CQQYYSYPWTF
SRBC,NA,NA,TRUE,mouse,GTTCGGGGTTGCCTCT-1,SC24124_CTRL_GTTCGGGGTTGCCTCT-1,IGHV8-4-7,IGHJ4,CARRTLYYDYDGYYAMDYW,IGKV6-32,IGKJ5,CQQDYRSPLTF
SRBC,NA,NA,TRUE,mouse,GTTCTCGCACCGAAAG-1,SC24124_CTRL_GTTCTCGCACCGAAAG-1,IGHV1-42,IGHJ4,CARRHYYGSSYAMDYW,IGKV1-117,IGKJ1,CFQGSHVPWTF
SRBC,NA,NA,TRUE,mouse,GTTCTCGTCGGACAAG-1,SC24124_CTRL_GTTCTCGTCGGACAAG-1,IGHV9-3-1,IGHJ3,CARYVAYW,IGLV3,IGLJ2,CGVGDTIKEQFVYVF
SRBC,NA,NA,TRUE,mouse,GTTTCTAAGATCGGGT-1,SC24124_CTRL_GTTTCTAAGATCGGGT-1,IGHV5-6-5,IGHJ4,CARGSGEVRRYYAMDYW,IGKV6-25,IGKJ4,CQQHYSTPFTF
SRBC,NA,NA,TRUE,mouse,GTTTCTAAGCGCTCCA-1,SC24124_CTRL_GTTTCTAAGCGCTCCA-1,IGHV1-47-8,IGHJ4,CARDYAMDYW,IGLV1,IGLJ3,CALWYSNHFIF
SRBC,NA,NA,TRUE,mouse,GTTTCTAGTTGCTCCT-1,SC24124_CTRL_GTTTCTAGTTGCTCCT-1,IGHV8-4-7,IGHJ1,CVREGGWFFDVW,IGKV12-44,IGKJ4,CQHHYVTPFTF
SRBC,NA,NA,TRUE,mouse,GTTTCTATCCGCATCT-1,SC24124_CTRL_GTTTCTATCCGCATCT-1,IGHV1-14,IGHJ3,CAKEGTPRATGFAYW,IGKV8-19,IGKJ2,CQNDYSYPLYTF
SRBC,NA,NA,TRUE,mouse,TAAACCGCAAAGAATC-1,SC24124_CTRL_TAAACCGCAAAGAATC-1,IGHV5-9,IGHJ4,CARYPFRGYGMDYW,IGKV5-43,IGKJ1,CQQSNTWPQTF
SRBC,NA,NA,TRUE,mouse,TAAACCGGTCTGCGGT-1,SC24124_CTRL_TAAACCGGTCTGCGGT-1,IGHV5-6,IGHJ3,CARQGLLTWFAYW,IGKV1-135,IGKJ5,CWQGTHFPLTF
SRBC,NA,NA,TRUE,mouse,TAAGAGAAGGGCACTA-1,SC24124_CTRL_TAAGAGAAGGGCACTA-1,IGHV1-47-20,IGHJ3,CTRSGRYW,IGKV1-135,IGKJ1,CWLGTHFPQTF
SRBC,NA,NA,TRUE,mouse,TAAGAGATCCACTGGG-1,SC24124_CTRL_TAAGAGATCCACTGGG-1,IGHV1-62-2,IGHJ4,CARHDERGMDYW,IGKV2-137,IGKJ2,CMQHLEYPYTF
SRBC,NA,NA,TRUE,mouse,TAAGCGTCACAGGCCT-1,SC24124_CTRL_TAAGCGTCACAGGCCT-1,IGHV1-22,IGHJ4,CATWDHYAMDYW,IGKV3-10,IGKJ1,CQQNNEDPWTF
SRBC,NA,NA,TRUE,mouse,TAAGCGTGTACCGCTG-1,SC24124_CTRL_TAAGCGTGTACCGCTG-1,IGHV1-55,IGHJ1,CARRTTGWYFDVW,IGKV1-110,IGKJ1,CSQSTHVPPWTF
SRBC,NA,NA,TRUE,mouse,TAAGTGCAGCCTTGAT-1,SC24124_CTRL_TAAGTGCAGCCTTGAT-1,IGHV1-62-2,IGHJ2,CARHGLWFVDYW,IGKV2-137,IGKJ2,CMQHLEYPYTF
SRBC,NA,NA,TRUE,mouse,TAAGTGCAGGACACCA-1,SC24124_CTRL_TAAGTGCAGGACACCA-1,IGHV2-2,IGHJ4,CARNYPGEYYAMDYW,IGKV17-121,IGKJ5,CLQTNNLPLTF
SRBC,NA,NA,TRUE,mouse,TAAGTGCCACAGACAG-1,SC24124_CTRL_TAAGTGCCACAGACAG-1,IGHV8-4-6,IGHJ2,CARIGPYYGSSYDFDYW,IGKV4-59,IGKJ5,CQQWSSNPLTF
SRBC,NA,NA,TRUE,mouse,TAAGTGCTCACGAAGG-1,SC24124_CTRL_TAAGTGCTCACGAAGG-1,IGHV1-76,IGHJ4,CAREVAYAMDYW,IGKV10-96,IGKJ2,CQQGNTLYTF
SRBC,NA,NA,TRUE,mouse,TACACGAAGATCGGGT-1,SC24124_CTRL_TACACGAAGATCGGGT-1,IGHV4-1,IGHJ4,CARPMDYAMDYW,IGKV2-112,IGKJ5,CQQLVQYPLTF
SRBC,NA,NA,TRUE,mouse,TACACGAGTCTGGAGA-1,SC24124_CTRL_TACACGAGTCTGGAGA-1,IGHV1-62-2,IGHJ2,CARHGELGLDYW,IGKV3-12,IGKJ4,CQHSRELPFTF
SRBC,NA,NA,TRUE,mouse,TACACGATCTTGTACT-1,SC24124_CTRL_TACACGATCTTGTACT-1,IGHV1-71-12,IGHJ4,CTIGGYRYLNGRDYYAMDYW,IGKV12-89,IGKJ1,CQNVLSTPWTF
SRBC,NA,NA,TRUE,mouse,TACAGTGCAGGTCCAC-1,SC24124_CTRL_TACAGTGCAGGTCCAC-1,IGHV1-9,IGHJ1,CARRSYYYGPYFDVW,IGKV1-110,IGKJ2,CSQSTHVPYTF
SRBC,NA,NA,TRUE,mouse,TACAGTGCATACCATG-1,SC24124_CTRL_TACAGTGCATACCATG-1,IGHV9-1,IGHJ4,CAREGGLRRYAMDYW,IGKV8-24,IGKJ4,CQQHYSTPFTF
SRBC,NA,NA,TRUE,mouse,TACAGTGTCAATAAGG-1,SC24124_CTRL_TACAGTGTCAATAAGG-1,IGHV1-39,IGHJ3,CARSGDYGDWFAYW,IGKV4-61,IGKJ5,CQQYHSYPPTF
SRBC,NA,NA,TRUE,mouse,TACAGTGTCGGATGTT-1,SC24124_CTRL_TACAGTGTCGGATGTT-1,IGHV5-9,IGHJ3,CARGDYYGYFAYW,IGKV3-4,IGKJ1,CQQSNEDPPTF
SRBC,NA,NA,TRUE,mouse,TACAGTGTCTCGAGTA-1,SC24124_CTRL_TACAGTGTCTCGAGTA-1,IGHV1-50,IGHJ3,CAIRQLSPSAYW,IGKV9-120,IGKJ5,CLQYASSPLTF
SRBC,NA,NA,TRUE,mouse,TACCTATAGCAGACTG-1,SC24124_CTRL_TACCTATAGCAGACTG-1,IGHV6-6,IGHJ2,CTRQLGFDYW,IGKV1-110,IGKJ1,CSQSTHVPRTF
SRBC,NA,NA,TRUE,mouse,TACCTATTCAGAGACG-1,SC24124_CTRL_TACCTATTCAGAGACG-1,IGHV2-2,IGHJ3,CARHTMREFAYW,IGKV8-21,IGKJ2,CKQSYNLYTF
SRBC,NA,NA,TRUE,mouse,TACCTATTCCAGTATG-1,SC24124_CTRL_TACCTATTCCAGTATG-1,IGHV1-14,IGHJ4,CARPLSPYYGSRSYAMDCW,IGKV12-44,IGKJ5,CQHHYGTPLTF
SRBC,NA,NA,TRUE,mouse,TACCTTAAGAGGGATA-1,SC24124_CTRL_TACCTTAAGAGGGATA-1,IGHV9-3-1,IGHJ4,CARWIRYDGYYDYAMDYW,IGKV15-103,IGKJ1,CQQGQSYPLTF
SRBC,NA,NA,TRUE,mouse,TACCTTAAGTGCCAGA-1,SC24124_CTRL_TACCTTAAGTGCCAGA-1,IGHV5-12,IGHJ3,CARPTLNDGYYLAWFAYW,IGKV1-117,IGKJ4,CFQGSHVPFTF
SRBC,NA,NA,TRUE,mouse,TACCTTAGTCGAACAG-1,SC24124_CTRL_TACCTTAGTCGAACAG-1,IGHV1-62-2,IGHJ3,CARHEAGYQEGFAYW,IGKV2-137,IGKJ2,CMQHLEYPYTF
SRBC,NA,NA,TRUE,mouse,TACCTTATCCGTAGGC-1,SC24124_CTRL_TACCTTATCCGTAGGC-1,IGHV1-19,IGHJ2,CARGDTVVGGYW,IGKV13-84,IGKJ2,CQQYWITPYTF
SRBC,NA,NA,TRUE,mouse,TACCTTATCGCGCCAA-1,SC24124_CTRL_TACCTTATCGCGCCAA-1,IGHV1-81,IGHJ2,CARKSYYSNSYFDYW,IGLV1,IGLJ1,CALWYSNHLVF
SRBC,NA,NA,TRUE,mouse,TACGGATGTGACTACT-1,SC24124_CTRL_TACGGATGTGACTACT-1,IGHV1-14,IGHJ2,CAREEDYYGRRNFDYW,IGKV17-121,IGKJ5,CLQSDNLPLTF
SRBC,NA,NA,TRUE,mouse,TACGGATTCAAGGCTT-1,SC24124_CTRL_TACGGATTCAAGGCTT-1,IGHV4-1,IGHJ4,CARDLGGYAMDYW,IGKV1-117,IGKJ2,CFQGSHVPYTF
SRBC,NA,NA,TRUE,mouse,TACGGATTCTAACCGA-1,SC24124_CTRL_TACGGATTCTAACCGA-1,IGHV8-12,IGHJ1,CARRGSSWGYWYFDVW,IGKV10-96,IGKJ1,CQQGNTLPRTF
SRBC,NA,NA,TRUE,mouse,TACGGGCCAGCCTATA-1,SC24124_CTRL_TACGGGCCAGCCTATA-1,IGHV1-87,IGHJ4,CARGGYRYDGYAMDYW,IGKV8-21,IGKJ5,CKQSYNLPLTF
SRBC,NA,NA,TRUE,mouse,TACGGGCGTGGGTATG-1,SC24124_CTRL_TACGGGCGTGGGTATG-1,IGHV1-39,IGHJ1,CARAAITSGYFDVW,IGKV15-103,IGKJ4,CQQGQSYPFTF
SRBC,NA,NA,TRUE,mouse,TACGGTAAGATGGCGT-1,SC24124_CTRL_TACGGTAAGATGGCGT-1,IGHV1-62-2,IGHJ3,CARHEDSAYYSNYVGFVYW,IGKV2-137,IGKJ2,CMQHLEYPYTF
SRBC,NA,NA,TRUE,mouse,TACGGTACAAATTGCC-1,SC24124_CTRL_TACGGTACAAATTGCC-1,IGHV8-8,IGHJ2,CARMGDGYGYW,IGKV2-137,IGKJ2,CMQHLEYPYTF
SRBC,NA,NA,TRUE,mouse,TACGGTACAGGTCTCG-1,SC24124_CTRL_TACGGTACAGGTCTCG-1,IGHV1-47-2,IGHJ4,CTRSGGLLYYYAMDYW,IGKV3-2,IGKJ1,CQQSKEVPWTF
SRBC,NA,NA,TRUE,mouse,TACGGTACATCCAACA-1,SC24124_CTRL_TACGGTACATCCAACA-1,IGHV1-47-1,IGHJ4,CARAVRSYAMDYW,IGKV12-98,IGKJ4,CQQVNSTPFTF
SRBC,NA,NA,TRUE,mouse,TACGGTAGTACCCAAT-1,SC24124_CTRL_TACGGTAGTACCCAAT-1,IGHV2-6-4,IGHJ4,CARNVNDYALDYW,IGKV6-15,IGKJ4,CQQYNSYPFTF
SRBC,NA,NA,TRUE,mouse,TACGGTAGTATGAATG-1,SC24124_CTRL_TACGGTAGTATGAATG-1,IGHV1-14,IGHJ4,CARGLRRDYAMDYW,IGLV1,IGLJ2,CALWYSTHYVF
SRBC,NA,NA,TRUE,mouse,TACGGTAGTCTCTTAT-1,SC24124_CTRL_TACGGTAGTCTCTTAT-1,IGHV1-12,IGHJ4,CARGTFFYAMDYW,IGKV8-30,IGKJ4,CQQYYRYPFTF
SRBC,NA,NA,TRUE,mouse,TACTCATCAGCTTCGG-1,SC24124_CTRL_TACTCATCAGCTTCGG-1,IGHV1-72,IGHJ2,CARKDYGGDYW,IGKV8-19,IGKJ2,CQNDYSYPYTF
SRBC,NA,NA,TRUE,mouse,TACTCGCGTGATAAAC-1,SC24124_CTRL_TACTCGCGTGATAAAC-1,IGHV10-1,IGHJ4,CVRGPYYYAMDYW,IGKV1-135,IGKJ5,CWQGTHFPLTF
SRBC,NA,NA,TRUE,mouse,TACTCGCTCAGGCCCA-1,SC24124_CTRL_TACTCGCTCAGGCCCA-1,IGHV4-1,IGHJ3,CARPDYYGSSSWFAYW,IGKV15-103,IGKJ1,CQQGQSYPWTF
SRBC,NA,NA,TRUE,mouse,TACTCGCTCTTCGAGA-1,SC24124_CTRL_TACTCGCTCTTCGAGA-1,IGHV2-2,IGHJ2,CARSPWELSFDYW,IGKV6-20,IGKJ2,CGQSYSYPYTF
SRBC,NA,NA,TRUE,mouse,TACTTACAGATCCGAG-1,SC24124_CTRL_TACTTACAGATCCGAG-1,IGHV1-18-13,IGHJ2,CARSYDYDGGFDYW,IGKV6-14,IGKJ4,CLQHWNYPFTF
SRBC,NA,NA,TRUE,mouse,TACTTACAGCAGACTG-1,SC24124_CTRL_TACTTACAGCAGACTG-1,IGHV1-81,IGHJ2,CARSKGIYYYGRDYW,IGKV1-135,IGKJ5,CWQGTHFPLTF
SRBC,NA,NA,TRUE,mouse,TACTTACCATGTTGAC-1,SC24124_CTRL_TACTTACCATGTTGAC-1,IGHV1-34,IGHJ4,CARPHYSNYFYAMDYW,IGKV1-110,IGKJ2,CSQSTHVPYTF
SRBC,NA,NA,TRUE,mouse,TACTTACTCTGTCTAT-1,SC24124_CTRL_TACTTACTCTGTCTAT-1,IGHV1-18,IGHJ2,CARHVRLPLLSYFDYW,IGKV4-91,IGKJ5,CQQGSSILTF
SRBC,NA,NA,TRUE,mouse,TACTTGTCAATCGGTT-1,SC24124_CTRL_TACTTGTCAATCGGTT-1,IGHV1-19,IGHJ2,CARLRLDYW,IGKV1-110,IGKJ2,CSQSTHVPYTF
SRBC,NA,NA,TRUE,mouse,TACTTGTGTTCCCGAG-1,SC24124_CTRL_TACTTGTGTTCCCGAG-1,IGHV9-2-1,IGHJ1,CATHYYGSSHWYFDVW,IGKV5-39,IGKJ5,CQNGHSFPLTF
SRBC,NA,NA,TRUE,mouse,TACTTGTTCCTTAATC-1,SC24124_CTRL_TACTTGTTCCTTAATC-1,IGHV4-1,IGHJ4,CARPLHYAMDYW,IGKV2-112,IGKJ5,CQQLVEYPLTF
SRBC,NA,NA,TRUE,mouse,TAGACCAAGACGCACA-1,SC24124_CTRL_TAGACCAAGACGCACA-1,IGHV1-53,IGHJ3,CARNYNDGYYGFAYW,IGKV2-137,IGKJ2,CMQHLEYPFTF
SRBC,NA,NA,TRUE,mouse,TAGACCACAGTCAGCC-1,SC24124_CTRL_TAGACCACAGTCAGCC-1,IGHV1-9,IGHJ1,CARSDYWYFDVW,IGLV2,IGLJ2,CALWYSTHYVF
SRBC,NA,NA,TRUE,mouse,TAGACCACATACCATG-1,SC24124_CTRL_TAGACCACATACCATG-1,IGHV14-4,IGHJ1,CIRNTLPPNWYFDVW,IGKV17-127,IGKJ5,CLQSDNMPLTF
SRBC,NA,NA,TRUE,mouse,TAGACCATCGGTCTAA-1,SC24124_CTRL_TAGACCATCGGTCTAA-1,IGHV1-87,IGHJ3,CAWGQLGHFAYW,IGKV8-24,IGKJ2,CQQHYSTPYTF
SRBC,NA,NA,TRUE,mouse,TAGACCATCTGTGCAA-1,SC24124_CTRL_TAGACCATCTGTGCAA-1,IGHV1-64,IGHJ3,CARERSYYGSSAWFAYW,IGKV1-110,IGKJ2,CSQSTHVPYTF
SRBC,NA,NA,TRUE,mouse,TAGAGCTAGAGTTGGC-1,SC24124_CTRL_TAGAGCTAGAGTTGGC-1,IGHV7-1,IGHJ2,CATDALGGTNYFDYW,IGKV4-59,IGKJ2,CQQWNNNPYTF
SRBC,NA,NA,TRUE,mouse,TAGAGCTAGGTCATCT-1,SC24124_CTRL_TAGAGCTAGGTCATCT-1,IGHV5-12,IGHJ2,CARHDFYGSDSW,IGKV10-96,IGKJ1,CQQGNTLPWTF
SRBC,NA,NA,TRUE,mouse,TAGAGCTGTCCAGTGC-1,SC24124_CTRL_TAGAGCTGTCCAGTGC-1,IGHV1-72,IGHJ2,CARGDYGRFDYW,IGKV6-15,IGKJ2,CQQYNSYPYTF
SRBC,NA,NA,TRUE,mouse,TAGAGCTGTGGTACAG-1,SC24124_CTRL_TAGAGCTGTGGTACAG-1,IGHV5-12-2,IGHJ2,CAREGYGFDYW,IGKV4-91,IGKJ5,CQQGSSIPLTF
SRBC,NA,NA,TRUE,mouse,TAGAGCTGTGTGACGA-1,SC24124_CTRL_TAGAGCTGTGTGACGA-1,IGHV5-6-4,IGHJ3,CTRDQPSYYGNSWFAFW,IGKV4-59,IGKJ5,CQQWNSNPLTF
SRBC,NA,NA,TRUE,mouse,TAGAGCTGTTCAGGCC-1,SC24124_CTRL_TAGAGCTGTTCAGGCC-1,IGHV14-2,IGHJ3,CARYTMVTPGWFAYW,IGKV13-84,IGKJ5,CQQYWSTPLTF
SRBC,NA,NA,TRUE,mouse,TAGCCGGAGAAGGGTA-1,SC24124_CTRL_TAGCCGGAGAAGGGTA-1,IGHV1-9,IGHJ2,CARGRGYYYGSSFFDYW,IGKV1-117,IGKJ1,CFQGSHVPWTF
SRBC,NA,NA,TRUE,mouse,TAGCCGGAGCACAGGT-1,SC24124_CTRL_TAGCCGGAGCACAGGT-1,IGHV1-14,IGHJ4,CARSSPYYAMDYW,IGKV4-57,IGKJ2,CQQRSIYQYTV
SRBC,NA,NA,TRUE,mouse,TAGCCGGCACCCATTC-1,SC24124_CTRL_TAGCCGGCACCCATTC-1,IGHV5-6-5,IGHJ4,CARVYYGNPYYAIDYW,IGKV12-46,IGKJ1,CQHFWGTPWTF
SRBC,NA,NA,TRUE,mouse,TAGCCGGTCTGGCGAC-1,SC24124_CTRL_TAGCCGGTCTGGCGAC-1,IGHV1-47-36,IGHJ4,CARTRYYGYGAMDYW,IGKV1-135,IGKJ1,CWQGTHFPWTF
SRBC,NA,NA,TRUE,mouse,TAGGCATAGAAACCGC-1,SC24124_CTRL_TAGGCATAGAAACCGC-1,IGHV1-18-65,IGHJ1,CSRSHYYGDWYFDVW,IGKV1-110,IGKJ5,CSQSTHVPLTF
SRBC,NA,NA,TRUE,mouse,TAGGCATAGCTAGCCC-1,SC24124_CTRL_TAGGCATAGCTAGCCC-1,IGHV1-69-5,IGHJ2,CARWGYGPFDYW,IGKV10-96,IGKJ1,CQQGKTLPRTF
SRBC,NA,NA,TRUE,mouse,TAGGCATAGCTGATAA-1,SC24124_CTRL_TAGGCATAGCTGATAA-1,IGHV1-20,IGHJ4,CARSSVYYYGSSSYYYAMDYW,IGKV6-13,IGKJ5,CQQYSSYPLTF
SRBC,NA,NA,TRUE,mouse,TAGGCATAGTCTCGGC-1,SC24124_CTRL_TAGGCATAGTCTCGGC-1,IGHV1-47-6,IGHJ4,CASLNYYGSSLYAMDYW,IGKV17-127,IGKJ2,CLQSDNMPYTF
SRBC,NA,NA,TRUE,mouse,TAGGCATGTACCGTTA-1,SC24124_CTRL_TAGGCATGTACCGTTA-1,IGHV1-4,IGHJ4,CAKDYRYDGAMDYW,IGKV6-17,IGKJ1,CHQHYSTPWTF
SRBC,NA,NA,TRUE,mouse,TAGTGGTAGCTGATAA-1,SC24124_CTRL_TAGTGGTAGCTGATAA-1,IGHV1-18-26,IGHJ3,CAATLDSVAFAYW,IGKV10-96,IGKJ1,CQQGNTLPRTF
SRBC,NA,NA,TRUE,mouse,TAGTGGTCATGCAATC-1,SC24124_CTRL_TAGTGGTCATGCAATC-1,IGHV1-62-2,IGHJ4,CARHEDYGYDRAVDYW,IGKV2-137,IGKJ2,CMQHLEYPYTF
SRBC,NA,NA,TRUE,mouse,TAGTTGGAGGGTGTTG-1,SC24124_CTRL_TAGTTGGAGGGTGTTG-1,IGHV2-9-1,IGHJ1,CARNWASYGSSYGYFDVW,IGKV14-111,IGKJ1,CLQYDEFQWTF
SRBC,NA,NA,TRUE,mouse,TAGTTGGAGTCAAGCG-1,SC24124_CTRL_TAGTTGGAGTCAAGCG-1,IGHV8-8,IGHJ2,CARGYGNFDYW,IGKV4-70,IGKJ5,CHQRSSYPLTF
SRBC,NA,NA,TRUE,mouse,TAGTTGGCACATTAGC-1,SC24124_CTRL_TAGTTGGCACATTAGC-1,IGHV1-81,IGHJ2,CARSIITAAPDYW,IGKV1-110,IGKJ2,CSQSTHVPYTF
SRBC,NA,NA,TRUE,mouse,TAGTTGGCACGGTTTA-1,SC24124_CTRL_TAGTTGGCACGGTTTA-1,IGHV8-12,IGHJ3,CAFYYGNPAWFAYW,IGKV13-85,IGKJ2,CQQYWSTPYTF
SRBC,NA,NA,TRUE,mouse,TAGTTGGCATGCCACG-1,SC24124_CTRL_TAGTTGGCATGCCACG-1,IGHV2-2,IGHJ4,CARRGYSMDYW,IGKV6-23,IGKJ2,CQQYSSYPYTF
SRBC,NA,NA,TRUE,mouse,TAGTTGGCATGGTTGT-1,SC24124_CTRL_TAGTTGGCATGGTTGT-1,IGHV1-71-3,IGHJ4,CARSGYDSYYAMDYW,IGKV17-121,IGKJ5,CLQSDNLPLTF
SRBC,NA,NA,TRUE,mouse,TAGTTGGTCCAGGGCT-1,SC24124_CTRL_TAGTTGGTCCAGGGCT-1,IGHV5-6,IGHJ2,CARELGRYYFDYW,IGKV6-32,IGKJ1,CQQDYSSPWTF
SRBC,NA,NA,TRUE,mouse,TATCAGGAGACTAGAT-1,SC24124_CTRL_TATCAGGAGACTAGAT-1,IGHV1-75,IGHJ4,CPRSRYSNYFYYAMDYW,IGKV8-30,IGKJ5,CQQYYNYPLTF
SRBC,NA,NA,TRUE,mouse,TATCAGGGTACCGCTG-1,SC24124_CTRL_TATCAGGGTACCGCTG-1,IGHV8-4-7,IGHJ4,CARNGRSYAMDYW,IGKV5-48,IGKJ4,CQQSNSWPFTF
SRBC,NA,NA,TRUE,mouse,TATCTCACAAGTCATC-1,SC24124_CTRL_TATCTCACAAGTCATC-1,IGHV1-86,IGHJ2,CARSRFTTVLSYYFDYW,IGKV3-12,IGKJ5,CQHSRELPLTF
SRBC,NA,NA,TRUE,mouse,TATCTCACACGGTTTA-1,SC24124_CTRL_TATCTCACACGGTTTA-1,IGHV1-18-23,IGHJ3,CARPYYDSPFAYW,IGKV1-110,IGKJ2,CSQSTHVPYTF
SRBC,NA,NA,TRUE,mouse,TATCTCACATGCCACG-1,SC24124_CTRL_TATCTCACATGCCACG-1,IGHV1-9,IGHJ2,CTRDHYYGSRGDFDYW,IGKV1-110,IGKJ1,CSQSTHVPWTF
SRBC,NA,NA,TRUE,mouse,TATCTCACATTTGCTT-1,SC24124_CTRL_TATCTCACATTTGCTT-1,IGHV1-11,IGHJ4,CALITTVVGAMDYW,IGKV12-44,IGKJ5,CQHHYGSPLTF
SRBC,NA,NA,TRUE,mouse,TATCTCATCCCAACGG-1,SC24124_CTRL_TATCTCATCCCAACGG-1,IGHV1-26,IGHJ2,CSDFDYW,IGKV4-55,IGKJ2,CQQWSSYPYTF
SRBC,NA,NA,TRUE,mouse,TATCTCATCGGAAATA-1,SC24124_CTRL_TATCTCATCGGAAATA-1,IGHV8-12,IGHJ2,CAREHYYGSRNYFDYW,IGKV12-44,IGKJ5,CQHHYGTPLTF
SRBC,NA,NA,TRUE,mouse,TATGCCCAGCCCAATT-1,SC24124_CTRL_TATGCCCAGCCCAATT-1,IGHV10-3,IGHJ1,CVREGDGYFDVW,IGKV12-41,IGKJ4,CQHFWSTPFTF
SRBC,NA,NA,TRUE,mouse,TATGCCCGTCCTGCTT-1,SC24124_CTRL_TATGCCCGTCCTGCTT-1,IGHV5-12-2,IGHJ4,CSRHGRGYYGPYAMDYW,IGKV1-135,IGKJ1,CWQGTHFPQTF
SRBC,NA,NA,TRUE,mouse,TATGCCCGTGGGTATG-1,SC24124_CTRL_TATGCCCGTGGGTATG-1,IGHV1-18-28,IGHJ3,CARPETTMITTEFAYW,IGKV1-110,IGKJ2,CSQSTHVPTF
SRBC,NA,NA,TRUE,mouse,TATTACCAGCATCATC-1,SC24124_CTRL_TATTACCAGCATCATC-1,IGHV1-47-7,IGHJ1,CRREDYGYDEGYWYFDVW,IGKV2-109,IGKJ1,CAQNLELPWTF
SRBC,NA,NA,TRUE,mouse,TATTACCCAGCTGTGC-1,SC24124_CTRL_TATTACCCAGCTGTGC-1,IGHV9-3-1,IGHJ3,CARRDGGFAYW,IGKV3-5,IGKJ1,CQQSNEDPRTF
SRBC,NA,NA,TRUE,mouse,TCAACGAAGAAGGTGA-1,SC24124_CTRL_TCAACGAAGAAGGTGA-1,IGHV1-47-9,IGHJ4,CAREGKDYTMDYW,IGKV6-13,IGKJ5,CQQYSSYPQLTF
SRBC,NA,NA,TRUE,mouse,TCAACGAAGGTGTGGT-1,SC24124_CTRL_TCAACGAAGGTGTGGT-1,IGHV3-2,IGHJ4,CANWRGAMDYW,IGLV1,IGLJ1,CALWYSNHWVF
SRBC,NA,NA,TRUE,mouse,TCAACGAAGTGAATTG-1,SC24124_CTRL_TCAACGAAGTGAATTG-1,IGHV1-53,IGHJ2,CARGNWDVDYW,IGKV8-30,IGKJ2,CQQYYSYPYTF
SRBC,NA,NA,TRUE,mouse,TCAACGACATAGTAAG-1,SC24124_CTRL_TCAACGACATAGTAAG-1,IGHV1-47-36,IGHJ4,CARSTDAMDYW,IGKV1-88,IGKJ4,CLQGTHQPPFTF
SRBC,NA,NA,TRUE,mouse,TCAACGAGTACCATCA-1,SC24124_CTRL_TCAACGAGTACCATCA-1,IGHV5-6,IGHJ2,CARHGGATVVVLDYW,IGKV4-58,IGKJ2,CQQWSGYPYMYTF
SRBC,NA,NA,TRUE,mouse,TCAACGAGTCAAAGCG-1,SC24124_CTRL_TCAACGAGTCAAAGCG-1,IGHV1-15,IGHJ2,CTRSILHYYGRSFDYW,IGKV4-57,IGKJ5,CQQRSSYPLTF
SRBC,NA,NA,TRUE,mouse,TCAATCTAGTCCGGTC-1,SC24124_CTRL_TCAATCTAGTCCGGTC-1,IGHV1-66,IGHJ2,CARGAGTDYW,IGKV14-111,IGKJ2,CLQYDEFPYTF
SRBC,NA,NA,TRUE,mouse,TCAATCTCAAGCGCTC-1,SC24124_CTRL_TCAATCTCAAGCGCTC-1,IGHV1-9,IGHJ2,CARRAYYGQSSCFFDYW,IGKV1-110,IGKJ4,CSQSTHVPFTF
SRBC,NA,NA,TRUE,mouse,TCAATCTCAATAAGCA-1,SC24124_CTRL_TCAATCTCAATAAGCA-1,IGHV1-15,IGHJ4,CTRDYYGSSYGAMDYW,IGKV8-21,IGKJ2,CKQSYNLYSF
SRBC,NA,NA,TRUE,mouse,TCAATCTGTGGAAAGA-1,SC24124_CTRL_TCAATCTGTGGAAAGA-1,IGHV3-1,IGHJ1,CARAVTTVVVHWYFDVW,IGKV8-24,IGKJ5,CQQHYSTPLTF
SRBC,NA,NA,TRUE,mouse,TCAATCTTCACCCTCA-1,SC24124_CTRL_TCAATCTTCACCCTCA-1,IGHV5-6-5,IGHJ4,CARVGFPYAMDYW,IGKV4-80,IGKJ5,CHQWSSYLTF
SRBC,NA,NA,TRUE,mouse,TCACAAGAGGACAGCT-1,SC24124_CTRL_TCACAAGAGGACAGCT-1,IGHV6-7-4,IGHJ2,CTRYGNYYFDYW,IGKV12-44,IGKJ4,CQHHYGTPFTF
SRBC,NA,NA,TRUE,mouse,TCACAAGCATATACCG-1,SC24124_CTRL_TCACAAGCATATACCG-1,IGHV7-3,IGHJ4,CARVYDGYHLGAMDYW,IGKV6-25,IGKJ2,CQQHYSTPYTF
SRBC,NA,NA,TRUE,mouse,TCACAAGTCGATAGAA-1,SC24124_CTRL_TCACAAGTCGATAGAA-1,IGHV2-9-1,IGHJ3,CASYGYDRGLAYW,IGKV1-117,IGKJ4,CFQGSHVPITF
SRBC,NA,NA,TRUE,mouse,TCACAAGTCGGTCTAA-1,SC24124_CTRL_TCACAAGTCGGTCTAA-1,IGHV9-3,IGHJ2,CARRGLDYW,IGLV1,IGLJ1,CALWSSNHWVF
SRBC,NA,NA,TRUE,mouse,TCACGAATCATCGGAT-1,SC24124_CTRL_TCACGAATCATCGGAT-1,IGHV2-9,IGHJ1,CARGGRLIWYFDVW,IGKV10-96,IGKJ4,CQQGNTLPIFTF
SRBC,NA,NA,TRUE,mouse,TCACGAATCTTTCCTC-1,SC24124_CTRL_TCACGAATCTTTCCTC-1,IGHV1-64,IGHJ1,CAREPYYGSGHFDVW,IGKV4-55,IGKJ5,CQQWSSYPPLTF
SRBC,NA,NA,TRUE,mouse,TCAGATGCACGCCAGT-1,SC24124_CTRL_TCAGATGCACGCCAGT-1,IGHV1-71-6,IGHJ3,CVRSGYFYGSSSSWFAHW,IGKV17-127,IGKJ5,CLQSDNMPLTF
SRBC,NA,NA,TRUE,mouse,TCAGCAACACTTAACG-1,SC24124_CTRL_TCAGCAACACTTAACG-1,IGHV2-2,IGHJ4,CARQDYYAMDYW,IGKV10-96,IGKJ1,CQQGNMLPWTF
SRBC,NA,NA,TRUE,mouse,TCAGCAAGTATCTGCA-1,SC24124_CTRL_TCAGCAAGTATCTGCA-1,IGHV13-2,IGHJ4,CSRGGYYYVGAMDYW,IGKV12-44,IGKJ2,CQHHYGTPYTF
SRBC,NA,NA,TRUE,mouse,TCAGCAAGTTCGTGAT-1,SC24124_CTRL_TCAGCAAGTTCGTGAT-1,IGHV1-47,IGHJ2,CARRDYGGFDYW,IGKV4-50,IGKJ4,CQQFTSSPFTF
SRBC,NA,NA,TRUE,mouse,TCAGCTCAGCAATCTC-1,SC24124_CTRL_TCAGCTCAGCAATCTC-1,IGHV1-80,IGHJ2,CARELGYYFDYW,IGKV16-104,IGKJ2,CQQHNEYPYTF
SRBC,NA,NA,TRUE,mouse,TCAGCTCAGGATGGTC-1,SC24124_CTRL_TCAGCTCAGGATGGTC-1,IGHV1-82,IGHJ2,CAREEGYCFDYW,IGKV6-23,IGKJ4,CQQYSSYPFTF
SRBC,NA,NA,TRUE,mouse,TCAGCTCCAATGTTGC-1,SC24124_CTRL_TCAGCTCCAATGTTGC-1,IGHV5-12,IGHJ2,CARGFYGYYFDYW,IGKV4-72,IGKJ4,CHQWSSHPFTF
SRBC,NA,NA,TRUE,mouse,TCAGCTCCACTGAAGG-1,SC24124_CTRL_TCAGCTCCACTGAAGG-1,IGHV7-3,IGHJ3,CARYSNYGGFAYW,IGLV1,IGLJ1,CAQWYSNHFWVF
SRBC,NA,NA,TRUE,mouse,TCAGCTCTCGGAATCT-1,SC24124_CTRL_TCAGCTCTCGGAATCT-1,IGHV2-2,IGHJ4,CARNGGITMVTTAGYAMDYW,IGKV17-127,IGKJ2,CLQSDNMPYTF
SRBC,NA,NA,TRUE,mouse,TCAGCTCTCTACTTAC-1,SC24124_CTRL_TCAGCTCTCTACTTAC-1,IGHV1-63,IGHJ2,CARGPRYYGSSYVDYW,IGKV1-110,IGKJ1,CSQSTHVPWTF
SRBC,NA,NA,TRUE,mouse,TCAGGATAGTGGGCTA-1,SC24124_CTRL_TCAGGATAGTGGGCTA-1,IGHV14-4,IGHJ2,CNAWGITSVAYW,IGKV17-127,IGKJ2,CLQSDNMPYTF
SRBC,NA,NA,TRUE,mouse,TCAGGATAGTGGGTTG-1,SC24124_CTRL_TCAGGATAGTGGGTTG-1,IGHV1-9,IGHJ1,CARRRFYGNDRFFDVW,IGLV1,IGLJ3,CALWYSNQFIF
SRBC,NA,NA,TRUE,mouse,TCAGGATCACGACGAA-1,SC24124_CTRL_TCAGGATCACGACGAA-1,IGHV13-2,IGHJ4,CSRSDYDDAMDYW,IGKV12-89,IGKJ1,CQNVLSTPWTF
SRBC,NA,NA,TRUE,mouse,TCAGGATCATGGTAGG-1,SC24124_CTRL_TCAGGATCATGGTAGG-1,IGHV2-2,IGHJ4,CASLPIYSMDYW,IGKV6-15,IGKJ2,CQQYNSYSYTF
SRBC,NA,NA,TRUE,mouse,TCAGGATGTCCGCTGA-1,SC24124_CTRL_TCAGGATGTCCGCTGA-1,IGHV14-3,IGHJ2,CARGDGNYFDYW,IGKV8-30,IGKJ4,CQQYYSYPTF
SRBC,NA,NA,TRUE,mouse,TCAGGATGTGATAAAC-1,SC24124_CTRL_TCAGGATGTGATAAAC-1,IGHV14-1,IGHJ4,CAREGMTALYVMDYW,IGKV9-120,IGKJ4,CLQYASSPFTF
SRBC,NA,NA,TRUE,mouse,TCAGGATGTTAGGGTG-1,SC24124_CTRL_TCAGGATGTTAGGGTG-1,IGHV1-77,IGHJ2,CAITVVAHYFDYW,IGKV5-39,IGKJ2,CQNGHSFPYTF
SRBC,NA,NA,TRUE,mouse,TCAGGTAAGCTGAAAT-1,SC24124_CTRL_TCAGGTAAGCTGAAAT-1,IGHV1-82,IGHJ4,CARYPAQATDYAMDYW,IGLV1,IGLJ1,CALWYSNHLVF
SRBC,NA,NA,TRUE,mouse,TCAGGTAAGGTAAACT-1,SC24124_CTRL_TCAGGTAAGGTAAACT-1,IGHV8-4-4,IGHJ3,CARTGYASWFAYW,IGKV1-110,IGKJ2,CSQSTHVPYTF
SRBC,NA,NA,TRUE,mouse,TCAGGTAGTCCGAATT-1,SC24124_CTRL_TCAGGTAGTCCGAATT-1,IGHV1-37,IGHJ2,CARDGGSRYYFDYW,IGKV10-96,IGKJ1,CQQGNTLPRTF
SRBC,NA,NA,TRUE,mouse,TCAGGTATCGTGGACC-1,SC24124_CTRL_TCAGGTATCGTGGACC-1,IGHV9-3,IGHJ1,CARCGDWASDWYFDVW,IGKV6-17,IGKJ4,CQQHYSTPPFTF
SRBC,NA,NA,TRUE,mouse,TCATTACAGCCAGAAC-1,SC24124_CTRL_TCATTACAGCCAGAAC-1,IGHV1-81,IGHJ4,CARSTMVTTGTYYYAMDYW,IGKV1-135,IGKJ1,CWQGTHFPRTF
SRBC,NA,NA,TRUE,mouse,TCATTACGTCCGAACC-1,SC24124_CTRL_TCATTACGTCCGAACC-1,IGHV1-80,IGHJ3,CARGGDPSFAYW,IGKV3-9,IGKJ2,CMQSMEDPYTF
SRBC,NA,NA,TRUE,mouse,TCATTACGTTACCAGT-1,SC24124_CTRL_TCATTACGTTACCAGT-1,IGHV5-16,IGHJ2,CARSREDYYGSSTSSYFDYW,IGKV19-93,IGKJ2,CLQYDNLYTF
SRBC,NA,NA,TRUE,mouse,TCATTACTCTGCCCTA-1,SC24124_CTRL_TCATTACTCTGCCCTA-1,IGHV1-63,IGHJ2,CARAELDYYFDYW,IGKV1-110,IGKJ2,CSQSTHVPYTF
SRBC,NA,NA,TRUE,mouse,TCATTTGGTTCGTGAT-1,SC24124_CTRL_TCATTTGGTTCGTGAT-1,IGHV1-47-23,IGHJ1,CAVGYWYFDVW,IGKV16-104,IGKJ4,CQQHNEYPFTF
SRBC,NA,NA,TRUE,mouse,TCCACACAGAGTCTGG-1,SC24124_CTRL_TCCACACAGAGTCTGG-1,IGHV14-3,IGHJ3,CVSLLRGFAYW,IGKV12-41,IGKJ1,CQHFWSTPWTF
SRBC,NA,NA,TRUE,mouse,TCCACACAGTTGAGTA-1,SC24124_CTRL_TCCACACAGTTGAGTA-1,IGHV1-43,IGHJ1,CARYYGGGCFDVW,IGKV14-111,IGKJ5,CLQYDEFPLTF
SRBC,NA,NA,TRUE,mouse,TCCACACGTTGGTGGA-1,SC24124_CTRL_TCCACACGTTGGTGGA-1,IGHV1-18-14,IGHJ4,CTRPGHYDYDFYYAMDYW,IGKV4-59,IGKJ4,CQQWSSNPFTF
SRBC,NA,NA,TRUE,mouse,TCCACACTCAACTCTT-1,SC24124_CTRL_TCCACACTCAACTCTT-1,IGHV8-4-7,IGHJ3,CARRDGYLFAYW,IGKV3-7,IGKJ1,CQHSWEIPWTF
SRBC,NA,NA,TRUE,mouse,TCCCGATAGAAACCAT-1,SC24124_CTRL_TCCCGATAGAAACCAT-1,IGHV5-12-2,IGHJ4,CSRHDYYRLSMDYW,IGKV8-19,IGKJ5,CQNDYSYPLTF
SRBC,NA,NA,TRUE,mouse,TCCCGATAGACCTAGG-1,SC24124_CTRL_TCCCGATAGACCTAGG-1,IGHV1-85,IGHJ3,CARSSYYYGKVFAYW,IGKV9-124,IGKJ2,CLQFASYPYTF
SRBC,NA,NA,TRUE,mouse,TCCCGATAGGATTCGG-1,SC24124_CTRL_TCCCGATAGGATTCGG-1,IGHV14-3,IGHJ2,CARGNGNYFDYW,IGKV8-30,IGKJ4,CQQYYTYPTF
SRBC,NA,NA,TRUE,mouse,TCCCGATCATCCAACA-1,SC24124_CTRL_TCCCGATCATCCAACA-1,IGHV1-62-2,IGHJ1,CARHEGRYFDVW,IGKV2-137,IGKJ4,CMQHLEYPFTF
SRBC,NA,NA,TRUE,mouse,TCCCGATCATGTAGTC-1,SC24124_CTRL_TCCCGATCATGTAGTC-1,IGHV2-2,IGHJ3,CASPDGPAWFAYW,IGKV6-23,IGKJ2,CHQYSSYPYTF
SRBC,NA,NA,TRUE,mouse,TCGAGGCAGACTCGGA-1,SC24124_CTRL_TCGAGGCAGACTCGGA-1,IGHV1-50,IGHJ3,CARSPFMVRTGFAYW,IGKV6-15,IGKJ4,CQQYNSYPFTF
SRBC,NA,NA,TRUE,mouse,TCGAGGCAGATGTCGG-1,SC24124_CTRL_TCGAGGCAGATGTCGG-1,IGHV1-42-1,IGHJ4,CARDYYAYAMDYW,IGKV10-96,IGKJ2,CQQGNTLPYTF
SRBC,NA,NA,TRUE,mouse,TCGAGGCCAATGGACG-1,SC24124_CTRL_TCGAGGCCAATGGACG-1,IGHV1-47-5,IGHJ4,CARHDEAYYGNSYYAMDYW,IGKV6-15,IGKJ4,CQQYNSYPFTF
SRBC,NA,NA,TRUE,mouse,TCGAGGCCACGCGAAA-1,SC24124_CTRL_TCGAGGCCACGCGAAA-1,IGHV8-12,IGHJ4,CARAGTDEAMDYW,IGKV4-80,IGKJ1,CHQWSSYPWTF
SRBC,NA,NA,TRUE,mouse,TCGAGGCGTTATCACG-1,SC24124_CTRL_TCGAGGCGTTATCACG-1,IGHV1-42,IGHJ4,CARKRDYGSSSYAMDYW,IGKV3-12,IGKJ4,CQHSRELPFTF
SRBC,NA,NA,TRUE,mouse,TCGAGGCTCCTCAACC-1,SC24124_CTRL_TCGAGGCTCCTCAACC-1,IGHV1-62-2,IGHJ3,CARHEDPYGIFAYW,IGKV2-137,IGKJ2,CMQHLEYPYTF
SRBC,NA,NA,TRUE,mouse,TCGCGAGTCACCTTAT-1,SC24124_CTRL_TCGCGAGTCACCTTAT-1,IGHV6-3,IGHJ2,CTGRLLYYDYDYW,IGKV3-1,IGKJ1,CQQSRKVPWTF
SRBC,NA,NA,TRUE,mouse,TCGCGAGTCGCGGATC-1,SC24124_CTRL_TCGCGAGTCGCGGATC-1,IGHV2-5-1,IGHJ2,CAKEGYGNPVYFDYW,IGKV6-15,IGKJ4,CQQYNSYPLTF
SRBC,NA,NA,TRUE,mouse,TCGCGTTCAATAGCAA-1,SC24124_CTRL_TCGCGTTCAATAGCAA-1,IGHV9-2-1,IGHJ2,CARDDGYYVDYW,IGKV17-121,IGKJ5,CLQSDNLPLTF
SRBC,NA,NA,TRUE,mouse,TCGGGACCAACACCTA-1,SC24124_CTRL_TCGGGACCAACACCTA-1,IGHV1-47-36,IGHJ4,CARTRYYGYGAMDYW,IGKV1-110,IGKJ1,CSQSTHVPWTF
SRBC,NA,NA,TRUE,mouse,TCGGGACTCCATGCTC-1,SC24124_CTRL_TCGGGACTCCATGCTC-1,IGHV9-3,IGHJ2,CARPGAHYYGRIYYFDYW,IGKV6-15,IGKJ5,CQQYNNYPLTF
SRBC,NA,NA,TRUE,mouse,TCGGGACTCTCAACTT-1,SC24124_CTRL_TCGGGACTCTCAACTT-1,IGHV1-47-27,IGHJ2,CARSGIYYGYFDYW,IGKV9-120,IGKJ4,CLQYATSPFTF
SRBC,NA,NA,TRUE,mouse,TCGGTAAAGGAATGGA-1,SC24124_CTRL_TCGGTAAAGGAATGGA-1,IGHV9-1,IGHJ3,CAPSGITTFAYW,IGKV2-137,IGKJ2,CMQHLEYPYTF
SRBC,NA,NA,TRUE,mouse,TCGGTAACACTTCGAA-1,SC24124_CTRL_TCGGTAACACTTCGAA-1,IGHV1-14,IGHJ4,CARGGYLLRYYAMDYW,IGKV16-104,IGKJ1,CQQHNEYPWTF
SRBC,NA,NA,TRUE,mouse,TCGGTAAGTGTGCCTG-1,SC24124_CTRL_TCGGTAAGTGTGCCTG-1,IGHV1-80,IGHJ1,CARGYWYFDVW,IGKV16-104,IGKJ5,CQQHNEYPFTF
SRBC,NA,NA,TRUE,mouse,TCGGTAAGTGTTCTTT-1,SC24124_CTRL_TCGGTAAGTGTTCTTT-1,IGHV1-62-2,IGHJ2,CARHEDSDGHDFW,IGKV2-137,IGKJ2,CMQHLEYPYTF
SRBC,NA,NA,TRUE,mouse,TCGTACCTCATGTAGC-1,SC24124_CTRL_TCGTACCTCATGTAGC-1,IGHV9-2-1,IGHJ3,CARWYAWFPYW,IGKV2-137,IGKJ2,CMQHLEYPYTF
SRBC,NA,NA,TRUE,mouse,TCGTACCTCTAACGGT-1,SC24124_CTRL_TCGTACCTCTAACGGT-1,IGHV1-47-18,IGHJ3,CTRRNYRYDGFAYW,IGKV17-127,IGKJ2,CLQSDNMPYTF
SRBC,NA,NA,TRUE,mouse,TCGTAGACATTACCTT-1,SC24124_CTRL_TCGTAGACATTACCTT-1,IGHV2-2,IGHJ4,CARKHYDGPREAYAMDYW,IGLV1,IGLJ1,CALWYSNHLVF
SRBC,NA,NA,TRUE,mouse,TCGTAGATCTCGTTTA-1,SC24124_CTRL_TCGTAGATCTCGTTTA-1,IGHV5-6-3,IGHJ4,CARVYGNYHYYAMDYW,IGKV10-96,IGKJ2,CQQGNTLPYTF
SRBC,NA,NA,TRUE,mouse,TCGTAGATCTTAGAGC-1,SC24124_CTRL_TCGTAGATCTTAGAGC-1,IGHV1-62-2,IGHJ2,CARHGTGFDYW,IGKV2-137,IGKJ2,CMQYLEYPYTF
SRBC,NA,NA,TRUE,mouse,TCTATTGAGCCCAATT-1,SC24124_CTRL_TCTATTGAGCCCAATT-1,IGHV1-62-2,IGHJ4,CARHEDYGSDYAKDYW,IGKV2-137,IGKJ2,CMQHLEYPYTF
SRBC,NA,NA,TRUE,mouse,TCTATTGAGTATGACA-1,SC24124_CTRL_TCTATTGAGTATGACA-1,IGHV5-6,IGHJ3,CARQGLYSNYFFAYW,IGKV5-48,IGKJ5,CQQSNSWPTTF
SRBC,NA,NA,TRUE,mouse,TCTATTGCAGCCAGAA-1,SC24124_CTRL_TCTATTGCAGCCAGAA-1,IGHV1-26,IGHJ2,CARSRASYYGNLFDYW,IGKV9-124,IGKJ1,CLQYASYPRTF
SRBC,NA,NA,TRUE,mouse,TCTATTGGTGGAAAGA-1,SC24124_CTRL_TCTATTGGTGGAAAGA-1,IGHV2-2,IGHJ4,CARKGYAMDYW,IGKV6-23,IGKJ2,CQQYSSYPYTF
SRBC,NA,NA,TRUE,mouse,TCTATTGGTTTGTGTG-1,SC24124_CTRL_TCTATTGGTTTGTGTG-1,IGHV9-3,IGHJ1,CARYYYGPYWYFDVW,IGKV4-72,IGKJ5,CQQWSSNPPKLTF
SRBC,NA,NA,TRUE,mouse,TCTATTGTCTAACGGT-1,SC24124_CTRL_TCTATTGTCTAACGGT-1,IGHV1-75,IGHJ2,CARLYPTTSGVFDYW,IGKV1-110,IGKJ1,CSQSTHVPWTF
SRBC,NA,NA,TRUE,mouse,TCTCATACACATCCAA-1,SC24124_CTRL_TCTCATACACATCCAA-1,IGHV6-3,IGHJ2,CTDASTSYYFDYW,IGKV5-39,IGKJ5,CQNGHSFPLTF
SRBC,NA,NA,TRUE,mouse,TCTCATACAGCGAACA-1,SC24124_CTRL_TCTCATACAGCGAACA-1,IGHV1-9,IGHJ1,CARRGTYYRYDPWYFDVW,IGKV1-117,IGKJ1,CFQGSLVPWTF
SRBC,NA,NA,TRUE,mouse,TCTCATAGTAATTGGA-1,SC24124_CTRL_TCTCATAGTAATTGGA-1,IGHV1-47-36,IGHJ4,CARWGGNYRDYAMDYW,IGKV16-104,IGKJ1,CQQHNEYPWTF
SRBC,NA,NA,TRUE,mouse,TCTCTAAAGAACAACT-1,SC24124_CTRL_TCTCTAAAGAACAACT-1,IGHV8-4-7,IGHJ4,CARRGASGYGLVYAMDYW,IGKV4-72,IGKJ5,CQQWSSNPPTF
SRBC,NA,NA,TRUE,mouse,TCTCTAACACATCCAA-1,SC24124_CTRL_TCTCTAACACATCCAA-1,IGHV1-55,IGHJ1,CAREENYYGSRGYFDVW,IGKV3-12,IGKJ5,CQHSRELPLTF
SRBC,NA,NA,TRUE,mouse,TCTCTAACAGCTTAAC-1,SC24124_CTRL_TCTCTAACAGCTTAAC-1,IGHV2-5,IGHJ2,CARAYYSNFFDYW,IGKV6-20,IGKJ2,CGQSYSFPYTF
SRBC,NA,NA,TRUE,mouse,TCTCTAAGTAGCCTAT-1,SC24124_CTRL_TCTCTAAGTAGCCTAT-1,IGHV2-2,IGHJ4,CARQDQYAMDHW,IGKV10-96,IGKJ1,CQQGNTLPWTF
SRBC,NA,NA,TRUE,mouse,TCTCTAAGTCAGGACA-1,SC24124_CTRL_TCTCTAAGTCAGGACA-1,IGHV1-22,IGHJ4,CARSGFIETMDYW,IGKV8-24,IGKJ5,CQQHYSTPLTF
SRBC,NA,NA,TRUE,mouse,TCTCTAAGTCTAGTCA-1,SC24124_CTRL_TCTCTAAGTCTAGTCA-1,IGHV8-4-6,IGHJ2,CARIAGGYGPHFDYW,IGKV1-117,IGKJ1,CFQGSHVPWTF
SRBC,NA,NA,TRUE,mouse,TCTCTAATCTTGCAAG-1,SC24124_CTRL_TCTCTAATCTTGCAAG-1,IGHV1-7,IGHJ2,CARRAYGSSQYYFDYW,IGKV13-84,IGKJ2,CQQYWSPPFTF
SRBC,NA,NA,TRUE,mouse,TCTGAGAAGGTTCCTA-1,SC24124_CTRL_TCTGAGAAGGTTCCTA-1,IGHV1-42,IGHJ3,CARRRYYDDVLFAYW,IGKV1-117,IGKJ1,CFQGSYVPRTF
SRBC,NA,NA,TRUE,mouse,TCTGAGATCTACTCAT-1,SC24124_CTRL_TCTGAGATCTACTCAT-1,IGHV1-14,IGHJ3,CARGATMITTPFAYW,IGKV6-25,IGKJ1,CQQHYSTPWTF
SRBC,NA,NA,TRUE,mouse,TCTGGAACAGATCTGT-1,SC24124_CTRL_TCTGGAACAGATCTGT-1,IGHV1-80,IGHJ4,CGRDYGYAMDYW,IGKV16-104,IGKJ1,CQQHNEYPWTF
SRBC,NA,NA,TRUE,mouse,TCTGGAAGTAGCTTGT-1,SC24124_CTRL_TCTGGAAGTAGCTTGT-1,IGHV1-9,IGHJ2,CARGYYYGSSYGYW,IGKV8-24,IGKJ2,CQQHYSTPYTF
SRBC,NA,NA,TRUE,mouse,TCTGGAATCACTTCAT-1,SC24124_CTRL_TCTGGAATCACTTCAT-1,IGHV1-18-65,IGHJ3,CARYHYRYDGFAYW,IGKV2-137,IGKJ4,CMQHLEYPFTF
SRBC,NA,NA,TRUE,mouse,TCTTCGGAGTCGAGTG-1,SC24124_CTRL_TCTTCGGAGTCGAGTG-1,IGHV8-4-7,IGHJ4,CARRLRRGYYAMDYW,IGKV10-96,IGKJ2,CQQGNTLPYTF
SRBC,NA,NA,TRUE,mouse,TCTTCGGGTAAACACA-1,SC24124_CTRL_TCTTCGGGTAAACACA-1,IGHV1-26,IGHJ1,CARRGLRSWYFDVW,IGKV4-74,IGKJ5,CHQYHRSPLTF
SRBC,NA,NA,TRUE,mouse,TCTTCGGGTACCGCTG-1,SC24124_CTRL_TCTTCGGGTACCGCTG-1,IGHV5-6-5,IGHJ4,CARGGGIYYDPSYAMDYW,IGKV1-110,IGKJ2,CSQSTHVPYTF
SRBC,NA,NA,TRUE,mouse,TCTTCGGGTCGCATAT-1,SC24124_CTRL_TCTTCGGGTCGCATAT-1,IGHV1-22,IGHJ4,CTRRGAYGPYAMDYW,IGKV1-117,IGKJ1,CFQGSHVPWTF
SRBC,NA,NA,TRUE,mouse,TCTTTCCCACTGTCGG-1,SC24124_CTRL_TCTTTCCCACTGTCGG-1,IGHV7-3,IGHJ4,CARDMDYW,IGLV1,IGLJ1,CALWYSNHWVF
SRBC,NA,NA,TRUE,mouse,TCTTTCCCAGTATAAG-1,SC24124_CTRL_TCTTTCCCAGTATAAG-1,IGHV14-1,IGHJ3,CARSYGSSYGFAYW,IGKV8-21,IGKJ4,CQNDHIYPPTF
SRBC,NA,NA,TRUE,mouse,TCTTTCCGTCGAGTTT-1,SC24124_CTRL_TCTTTCCGTCGAGTTT-1,IGHV10-1-2,IGHJ3,CVSGPWFAYW,IGLV1,IGLJ1,CALWYSNHWVF
SRBC,NA,NA,TRUE,mouse,TGAAAGAGTAGCCTAT-1,SC24124_CTRL_TGAAAGAGTAGCCTAT-1,IGHV9-4,IGHJ4,CVRWGDYAMDYW,IGLV1,IGLJ1,CALWYSNHWVF
SRBC,NA,NA,TRUE,mouse,TGAAAGATCGTTGACA-1,SC24124_CTRL_TGAAAGATCGTTGACA-1,IGHV2-5,IGHJ2,CAKISHYYGYFDYW,IGKV1-110,IGKJ1,CSQSTHVPWTF
SRBC,NA,NA,TRUE,mouse,TGACAACCATACGCCG-1,SC24124_CTRL_TGACAACCATACGCCG-1,IGHV1-82,IGHJ2,CAVITTVVANFDYW,IGKV17-127,IGKJ2,CLQSDNMPYTF
SRBC,NA,NA,TRUE,mouse,TGACGGCAGTATCTCG-1,SC24124_CTRL_TGACGGCAGTATCTCG-1,IGHV1-9,IGHJ2,CARSKRSYYGNYFDYW,IGKV4-57,IGKJ5,CQQRSSYPPTF
SRBC,NA,NA,TRUE,mouse,TGACGGCGTACCGTTA-1,SC24124_CTRL_TGACGGCGTACCGTTA-1,IGHV2-9-1,IGHJ2,CAREGGYYGPFDYW,IGKV5-48,IGKJ5,CQQSNSWPTTF
SRBC,NA,NA,TRUE,mouse,TGACTAGAGACCTTTG-1,SC24124_CTRL_TGACTAGAGACCTTTG-1,IGHV1-87,IGHJ4,CARPTTVKGYYAMDYW,IGKV10-96,IGKJ1,CQQGNTLPWTF
SRBC,NA,NA,TRUE,mouse,TGACTAGAGGCATGTG-1,SC24124_CTRL_TGACTAGAGGCATGTG-1,IGHV5-17,IGHJ1,CARFGNYWYFDVW,IGKV4-74,IGKJ5,CHQYHRSPPTF
SRBC,NA,NA,TRUE,mouse,TGACTAGAGTCCAGGA-1,SC24124_CTRL_TGACTAGAGTCCAGGA-1,IGHV2-5,IGHJ4,CAKNIVTTSRYYYTMDFW,IGKV1-110,IGKJ1,CSQSTHVPPTF
SRBC,NA,NA,TRUE,mouse,TGACTAGCACCTATCC-1,SC24124_CTRL_TGACTAGCACCTATCC-1,IGHV1-26,IGHJ3,CAEEEFAYW,IGKV14-126,IGKJ1,CLQHGESPPTF
SRBC,NA,NA,TRUE,mouse,TGACTAGGTAAACGCG-1,SC24124_CTRL_TGACTAGGTAAACGCG-1,IGHV1-47-2,IGHJ2,CTRNYGSSYGDYW,IGKV5-37,IGKJ5,CLQGYSTPFTF
SRBC,NA,NA,TRUE,mouse,TGACTAGGTATATGAG-1,SC24124_CTRL_TGACTAGGTATATGAG-1,IGHV1-15,IGHJ2,CTRSILHYYGRSFDYW,IGKV4-57,IGKJ5,CQQRSSYPLTF
SRBC,NA,NA,TRUE,mouse,TGACTAGTCTGGTTCC-1,SC24124_CTRL_TGACTAGTCTGGTTCC-1,IGHV1-9,IGHJ1,CARRRFYGNDRFFDVW,IGKV1-117,IGKJ1,CFQGSHVPWTF
SRBC,NA,NA,TRUE,mouse,TGACTTTAGGACTGGT-1,SC24124_CTRL_TGACTTTAGGACTGGT-1,IGHV1-9,IGHJ4,CADAYHAMDYW,IGKV4-70,IGKJ2,CHQRSSYPYTF
SRBC,NA,NA,TRUE,mouse,TGACTTTCAGCTGCTG-1,SC24124_CTRL_TGACTTTCAGCTGCTG-1,IGHV2-2,IGHJ4,CARNFLLLRYWYFYAMDYW,IGKV4-59,IGKJ2,CQQWSSNPYTF
SRBC,NA,NA,TRUE,mouse,TGAGAGGAGCACGCCT-1,SC24124_CTRL_TGAGAGGAGCACGCCT-1,IGHV1-64,IGHJ1,CAKRGGYYWYFDVW,IGLV1,IGLJ1,CGLWYSNHWVF
SRBC,NA,NA,TRUE,mouse,TGAGAGGGTCAATACC-1,SC24124_CTRL_TGAGAGGGTCAATACC-1,IGHV1-80,IGHJ1,CARAVAWYLDVW,IGKV4-53,IGKJ5,CQQWSSYPLTF
SRBC,NA,NA,TRUE,mouse,TGAGCATAGCGTGTCC-1,SC24124_CTRL_TGAGCATAGCGTGTCC-1,IGHV2-2,IGHJ3,CARNLGTTVVAPGFAYW,IGKV10-96,IGKJ1,CQQGNTLPWTF
SRBC,NA,NA,TRUE,mouse,TGAGCATAGTTGTAGA-1,SC24124_CTRL_TGAGCATAGTTGTAGA-1,IGHV2-5-1,IGHJ2,CAKRGGYYGYFDYW,IGKV1-117,IGKJ4,CFQGSHVPFTF
SRBC,NA,NA,TRUE,mouse,TGAGCATTCGCACTCT-1,SC24124_CTRL_TGAGCATTCGCACTCT-1,IGHV5-9-1,IGHJ3,CTRVSYSNYVSAYW,IGKV12-41,IGKJ4,CQHFWGTPPFTF
SRBC,NA,NA,TRUE,mouse,TGAGCCGAGCGATGAC-1,SC24124_CTRL_TGAGCCGAGCGATGAC-1,IGHV1-9,IGHJ4,CAREVGYYGLYAMDYW,IGKV6-17,IGKJ2,CQQHYSTPYTF
SRBC,NA,NA,TRUE,mouse,TGAGCCGAGCGTAGTG-1,SC24124_CTRL_TGAGCCGAGCGTAGTG-1,IGHV9-3,IGHJ4,CARPQDGAMDYW,IGKV2-137,IGKJ2,CMQHLEYPYTF
SRBC,NA,NA,TRUE,mouse,TGAGCCGCAGCTATTG-1,SC24124_CTRL_TGAGCCGCAGCTATTG-1,IGHV1-69,IGHJ1,CARHDNWYFDVW,IGKV6-32,IGKJ4,CQQDYSSPFTF
SRBC,NA,NA,TRUE,mouse,TGAGCCGGTACCCAAT-1,SC24124_CTRL_TGAGCCGGTACCCAAT-1,IGHV10-1,IGHJ4,CVRQGWDYAMDYW,IGKV1-110,IGKJ5,CSQSTHVPLTF
SRBC,NA,NA,TRUE,mouse,TGAGCCGGTATATGAG-1,SC24124_CTRL_TGAGCCGGTATATGAG-1,IGHV1-80,IGHJ1,CAGGYWYFDVW,IGKV16-104,IGKJ4,CQQHNEYPFTF
SRBC,NA,NA,TRUE,mouse,TGAGCCGGTCCGAGTC-1,SC24124_CTRL_TGAGCCGGTCCGAGTC-1,IGHV10-1,IGHJ1,CVRGRYFDVW,IGKV6-32,IGKJ2,CPQDYSSPYTF
SRBC,NA,NA,TRUE,mouse,TGAGCCGGTGTGGTTT-1,SC24124_CTRL_TGAGCCGGTGTGGTTT-1,IGHV5-12-1,IGHJ3,CARGVPRGFAYW,IGKV14-111,IGKJ2,CLQYDEFPYTF
SRBC,NA,NA,TRUE,mouse,TGAGGGAAGAGGACGG-1,SC24124_CTRL_TGAGGGAAGAGGACGG-1,IGHV1-18,IGHJ2,CARSYWGGYYFDYW,IGKV1-117,IGKJ2,CFQGSHVPYTF
SRBC,NA,NA,TRUE,mouse,TGAGGGACAACTGCGC-1,SC24124_CTRL_TGAGGGACAACTGCGC-1,IGHV1-42,IGHJ4,CARRRYYGSSYAMDYW,IGKV1-117,IGKJ1,CFQGSHVPWTF
SRBC,NA,NA,TRUE,mouse,TGAGGGAGTGGCCCTA-1,SC24124_CTRL_TGAGGGAGTGGCCCTA-1,IGHV1-4,IGHJ4,CAKDYRYDGAMDYW,IGKV6-17,IGKJ1,CHQHYSSPWTF
SRBC,NA,NA,TRUE,mouse,TGATTTCAGTTACGGG-1,SC24124_CTRL_TGATTTCAGTTACGGG-1,IGHV1-64,IGHJ3,CARDYYGSSRAWFAYW,IGKV18-36,IGKJ4,CQPFKSWSFTF
SRBC,NA,NA,TRUE,mouse,TGATTTCGTTTGCATG-1,SC24124_CTRL_TGATTTCGTTTGCATG-1,IGHV1-9,IGHJ1,CARSRYYGKHWFFDVW,IGKV8-16,IGKJ1,CQQHLHIPWTF
SRBC,NA,NA,TRUE,mouse,TGATTTCTCAGCATGT-1,SC24124_CTRL_TGATTTCTCAGCATGT-1,IGHV1-9,IGHJ1,CARRRYYGSPWFFDVW,IGKV1-117,IGKJ4,CFQGSHVPFTF
SRBC,NA,NA,TRUE,mouse,TGCACCTAGCCGATTT-1,SC24124_CTRL_TGCACCTAGCCGATTT-1,IGHV14-2,IGHJ4,CAREWYYGPLDYW,IGKV4-57-1,IGKJ4,CQQYSDYPLTF
SRBC,NA,NA,TRUE,mouse,TGCACCTGTCATATCG-1,SC24124_CTRL_TGCACCTGTCATATCG-1,IGHV1-39,IGHJ4,CARERGSNYVGYYYAMDYW,IGKV1-135,IGKJ1,CWQGTHFPRTF
SRBC,NA,NA,TRUE,mouse,TGCCAAACACTTCGAA-1,SC24124_CTRL_TGCCAAACACTTCGAA-1,IGHV5-9-1,IGHJ4,CTREDSLFYAMDYW,IGLV1,IGLJ1,CALWYSNWVF
SRBC,NA,NA,TRUE,mouse,TGCCAAAGTCGACTGC-1,SC24124_CTRL_TGCCAAAGTCGACTGC-1,IGHV1-58,IGHJ2,CASWEMDYW,IGKV1-135,IGKJ2,CWQGTHFPYTF
SRBC,NA,NA,TRUE,mouse,TGCCAAAGTGAAGGCT-1,SC24124_CTRL_TGCCAAAGTGAAGGCT-1,IGHV2-5,IGHJ4,CAKGNIITGYTMDYW,IGKV3-5,IGKJ2,CQQSNEDPYTF
SRBC,NA,NA,TRUE,mouse,TGCCCATAGTGATCGG-1,SC24124_CTRL_TGCCCATAGTGATCGG-1,IGHV1-81,IGHJ2,CARSGMVTTGFDYW,IGKV14-111,IGKJ1,CLQYDEFPRTF
SRBC,NA,NA,TRUE,mouse,TGCCCATCACCGTTGG-1,SC24124_CTRL_TGCCCATCACCGTTGG-1,IGHV3-2,IGHJ2,CARYGLRRGGRDYFDYW,IGKV6-32,IGKJ1,CQQDYSSPRTF
SRBC,NA,NA,TRUE,mouse,TGCCCATCAGGAATGC-1,SC24124_CTRL_TGCCCATCAGGAATGC-1,IGHV1-19,IGHJ2,CARPGTAQVLYYFDYW,IGKV6-23,IGKJ2,CQQYSSYPYTF
SRBC,NA,NA,TRUE,mouse,TGCCCATCATGCCTAA-1,SC24124_CTRL_TGCCCATCATGCCTAA-1,IGHV2-6-4,IGHJ3,CASPYYEGFAYW,IGKV8-19,IGKJ5,CQNDYSYPLTF
SRBC,NA,NA,TRUE,mouse,TGCCCATGTACAGTGG-1,SC24124_CTRL_TGCCCATGTACAGTGG-1,IGHV5-12,IGHJ4,CARAPRYAMDYW,IGKV1-117,IGKJ4,CFQGSHVPFTF
SRBC,NA,NA,TRUE,mouse,TGCCCTAAGACGCACA-1,SC24124_CTRL_TGCCCTAAGACGCACA-1,IGHV5-9,IGHJ4,CARPLWDVYAMDYW,IGKV13-85,IGKJ2,CQQYWSTPYTF
SRBC,NA,NA,TRUE,mouse,TGCCCTAAGCCAGTTT-1,SC24124_CTRL_TGCCCTAAGCCAGTTT-1,IGHV5-6-5,IGHJ2,CARNYDYDGGDYW,IGKV10-96,IGKJ1,CQQGNTLPWTF
SRBC,NA,NA,TRUE,mouse,TGCCCTAAGTACCGGA-1,SC24124_CTRL_TGCCCTAAGTACCGGA-1,IGHV1-18-65,IGHJ4,CARSLRYYAMDYW,IGLV1,IGLJ1,CALWYSNHWVF
SRBC,NA,NA,TRUE,mouse,TGCCCTAAGTGGTAAT-1,SC24124_CTRL_TGCCCTAAGTGGTAAT-1,IGHV1-61,IGHJ3,CARGLRQGFAYW,IGKV6-15,IGKJ2,CQQYNIYPYTF
SRBC,NA,NA,TRUE,mouse,TGCCCTACAGCTGCTG-1,SC24124_CTRL_TGCCCTACAGCTGCTG-1,IGHV6-3,IGHJ4,CTLLGYSMDYW,IGKV2-109,IGKJ1,CAQHLELPRTF
SRBC,NA,NA,TRUE,mouse,TGCCCTACATAGGATA-1,SC24124_CTRL_TGCCCTACATAGGATA-1,IGHV1-12,IGHJ1,CARWSVYYGYFDVW,IGKV1-110,IGKJ4,CSQSTHVPFTF
SRBC,NA,NA,TRUE,mouse,TGCCCTACATCCTTGC-1,SC24124_CTRL_TGCCCTACATCCTTGC-1,IGHV5-17,IGHJ4,CARKGDYDEIYYAMDYW,IGKV10-94,IGKJ5,CQQYSKLPLTF
SRBC,NA,NA,TRUE,mouse,TGCGCAGAGCACACAG-1,SC24124_CTRL_TGCGCAGAGCACACAG-1,IGHV1-39,IGHJ1,CAKERFITTPWWYFDVW,IGKV10-96,IGKJ1,CQQGNTLPWTF
SRBC,NA,NA,TRUE,mouse,TGCGCAGCAGTAAGAT-1,SC24124_CTRL_TGCGCAGCAGTAAGAT-1,IGHV1-82,IGHJ4,CARQLRLRSLYYSMDYW,IGKV6-20,IGKJ2,CGQSYSYPYTF
SRBC,NA,NA,TRUE,mouse,TGCGCAGCATTTGCCC-1,SC24124_CTRL_TGCGCAGCATTTGCCC-1,IGHV9-3,IGHJ2,CARRDYYGFDYW,IGLV3,IGLJ2,CGVGDTIKEQFVYVF
SRBC,NA,NA,TRUE,mouse,TGCGCAGTCTGATACG-1,SC24124_CTRL_TGCGCAGTCTGATACG-1,IGHV6-7,IGHJ1,CTRVLDWYFDVW,IGLV2,IGLJ1,CALWYSTHWVF
SRBC,NA,NA,TRUE,mouse,TGCGGGTCAGCCAATT-1,SC24124_CTRL_TGCGGGTCAGCCAATT-1,IGHV8-8,IGHJ2,CARIDYYGSNYGRNYFDYW,IGKV6-17,IGKJ5,CQQHYSTPLTF
SRBC,NA,NA,TRUE,mouse,TGCGGGTGTTTAAGCC-1,SC24124_CTRL_TGCGGGTGTTTAAGCC-1,IGHV1-55,IGHJ3,CARRGINWAFAYW,IGKV15-103,IGKJ5,CQQGQSYPLTF
SRBC,NA,NA,TRUE,mouse,TGCGGGTTCAGAGGTG-1,SC24124_CTRL_TGCGGGTTCAGAGGTG-1,IGHV9-3-1,IGHJ4,CARSFFTTATMYAMDYW,IGLV1,IGLJ1,CALWYSNHWVF
SRBC,NA,NA,TRUE,mouse,TGCGGGTTCGCTGATA-1,SC24124_CTRL_TGCGGGTTCGCTGATA-1,IGHV5-6-4,IGHJ3,CTDDYDRFAYW,IGKV3-2,IGKJ2,CQQSKEVPYTF
SRBC,NA,NA,TRUE,mouse,TGCGTGGAGAGACTTA-1,SC24124_CTRL_TGCGTGGAGAGACTTA-1,IGHV1-14,IGHJ3,CATYDGYYLFAYW,IGKV1-133,IGKJ2,CVQGTLFPYTF
SRBC,NA,NA,TRUE,mouse,TGCGTGGGTACCCAAT-1,SC24124_CTRL_TGCGTGGGTACCCAAT-1,IGHV9-3,IGHJ4,CARWAYYSNYYYAMDYW,IGKV8-26,IGKJ2,CQHNHGSFLPYTF
SRBC,NA,NA,TRUE,mouse,TGCGTGGGTAGGAGTC-1,SC24124_CTRL_TGCGTGGGTAGGAGTC-1,IGHV1-80,IGHJ1,CARGNWYFDVW,IGKV16-104,IGKJ1,CQQHNEYPWTF
SRBC,NA,NA,TRUE,mouse,TGCGTGGTCACTTACT-1,SC24124_CTRL_TGCGTGGTCACTTACT-1,IGHV1-15,IGHJ4,CTRSGITTVVGNAMDYW,IGKV3-2,IGKJ1,CQQSKEVPPTF
SRBC,NA,NA,TRUE,mouse,TGCGTGGTCCACGTTC-1,SC24124_CTRL_TGCGTGGTCCACGTTC-1,IGHV1-9,IGHJ1,CARRRYYGRGDYWFFDVW,IGKV1-117,IGKJ4,CFQGSHVPFTF
SRBC,NA,NA,TRUE,mouse,TGCTACCAGACTTTCG-1,SC24124_CTRL_TGCTACCAGACTTTCG-1,IGHV1-80,IGHJ3,CARSLYGSSYALFAYW,IGKV8-28,IGKJ2,CQNDHSYPYTF
SRBC,NA,NA,TRUE,mouse,TGCTACCCAATCGAAA-1,SC24124_CTRL_TGCTACCCAATCGAAA-1,IGHV1-55,IGHJ4,CARSPDAMDYW,IGKV12-44,IGKJ5,CQHHFGTPLTF
SRBC,NA,NA,TRUE,mouse,TGCTACCCATACAGCT-1,SC24124_CTRL_TGCTACCCATACAGCT-1,IGHV1-47-11,IGHJ4,CASELGYAMDYW,IGKV1-117,IGKJ4,CFQGSHVPFTF
SRBC,NA,NA,TRUE,mouse,TGCTACCCATCCTTGC-1,SC24124_CTRL_TGCTACCCATCCTTGC-1,IGHV1-47-2,IGHJ2,CTRQLGLGDYFDYW,IGKV8-27,IGKJ2,CHQYFSSYTF
SRBC,NA,NA,TRUE,mouse,TGCTACCCATCGATTG-1,SC24124_CTRL_TGCTACCCATCGATTG-1,IGHV14-4,IGHJ3,CTSMVTRPWFAYW,IGKV19-93,IGKJ1,CLQYDNLWTF
SRBC,NA,NA,TRUE,mouse,TGCTGCTAGTACTTGC-1,SC24124_CTRL_TGCTGCTAGTACTTGC-1,IGHV5-9,IGHJ2,CARQRFDYW,IGLV1,IGLJ1,CALWYSNHWVF
SRBC,NA,NA,TRUE,mouse,TGCTGCTCACATTCGA-1,SC24124_CTRL_TGCTGCTCACATTCGA-1,IGHV1-42,IGHJ3,CARSPLAYW,IGKV3-7,IGKJ1,CQHSWEIPRTF
SRBC,NA,NA,TRUE,mouse,TGCTGCTCACGTCTCT-1,SC24124_CTRL_TGCTGCTCACGTCTCT-1,IGHV12-1-1,IGHJ4,CSRENDYDGGYAMDYW,IGKV4-91,IGKJ4,CQQGSSIPFTF
SRBC,NA,NA,TRUE,mouse,TGCTGCTGTATGAAAC-1,SC24124_CTRL_TGCTGCTGTATGAAAC-1,IGHV8-4-13,IGHJ2,CARSHDGYEYFDYW,IGKV12-44,IGKJ4,CQHHYGSPFTF
SRBC,NA,NA,TRUE,mouse,TGCTGCTGTCCCTTGT-1,SC24124_CTRL_TGCTGCTGTCCCTTGT-1,IGHV8-4-7,IGHJ2,CARENYYGSRYYFDYW,IGKV12-44,IGKJ5,CQHHYGTPLTF
SRBC,NA,NA,TRUE,mouse,TGCTGCTGTGCGATAG-1,SC24124_CTRL_TGCTGCTGTGCGATAG-1,IGHV1-64,IGHJ2,CARHNGNYVYFDSW,IGKV2-137,IGKJ2,CMQHLEYPYTF
SRBC,NA,NA,TRUE,mouse,TGGACGCAGCAAATCA-1,SC24124_CTRL_TGGACGCAGCAAATCA-1,IGHV1-69,IGHJ3,CARRASSGYGSSSAWFAYW,IGKV6-15,IGKJ1,CQQYNSYPWTF
SRBC,NA,NA,TRUE,mouse,TGGACGCAGCTAGTCT-1,SC24124_CTRL_TGGACGCAGCTAGTCT-1,IGHV1-14,IGHJ2,CARGGNYVFDYW,IGKV1-110,IGKJ1,CSQSTHVPWTF
SRBC,NA,NA,TRUE,mouse,TGGACGCCACGTTGGC-1,SC24124_CTRL_TGGACGCCACGTTGGC-1,IGHV2-9,IGHJ1,CAKRGNYWYFDVW,IGKV1-110,IGKJ5,CSQSTHVPTF
SRBC,NA,NA,TRUE,mouse,TGGACGCCAGTACACT-1,SC24124_CTRL_TGGACGCCAGTACACT-1,IGHV1-72,IGHJ4,CAPSHGYDRGYYVMHYW,IGKV17-121,IGKJ4,CLQSDNLPFTF
SRBC,NA,NA,TRUE,mouse,TGGACGCGTCACAAGG-1,SC24124_CTRL_TGGACGCGTCACAAGG-1,IGHV2-6-5,IGHJ2,CAKHRDYRYDAGDFDYW,IGKV5-39,IGKJ2,CQNGHSFPYTF
SRBC,NA,NA,TRUE,mouse,TGGCCAGAGAACAATC-1,SC24124_CTRL_TGGCCAGAGAACAATC-1,IGHV1-82,IGHJ2,CARGGAENYFDYW,IGKV6-23,IGKJ5,CQQYNTYPLTL
SRBC,NA,NA,TRUE,mouse,TGGCCAGAGAAGGGTA-1,SC24124_CTRL_TGGCCAGAGAAGGGTA-1,IGHV2-6-7,IGHJ3,CARDNDGYPTLFAYW,IGKV19-93,IGKJ2,CLQYDNLYTF
SRBC,NA,NA,TRUE,mouse,TGGCCAGGTCTAGAGG-1,SC24124_CTRL_TGGCCAGGTCTAGAGG-1,IGHV5-17,IGHJ4,CAREVRVFYAMDYW,IGKV5-48,IGKJ2,CQQTNSWPYTF
SRBC,NA,NA,TRUE,mouse,TGGCGCAAGTTAGCGG-1,SC24124_CTRL_TGGCGCAAGTTAGCGG-1,IGHV8-4-7,IGHJ4,CARREPTRRGYYAMDYW,IGKV10-96,IGKJ1,CQQGNTLPPTF
SRBC,NA,NA,TRUE,mouse,TGGCGCATCGCATGAT-1,SC24124_CTRL_TGGCGCATCGCATGAT-1,IGHV1-47,IGHJ3,CARRAYYYGSLGFAYW,IGKV3-4,IGKJ1,CQQSNEDPRTF
SRBC,NA,NA,TRUE,mouse,TGGCTGGGTCTGGTCG-1,SC24124_CTRL_TGGCTGGGTCTGGTCG-1,IGHV9-3,IGHJ2,CARSGDYDVLFDYW,IGKV2-109,IGKJ5,CAQNLELPLTF
SRBC,NA,NA,TRUE,mouse,TGGCTGGGTTCACCTC-1,SC24124_CTRL_TGGCTGGGTTCACCTC-1,IGHV2-5,IGHJ1,CAKKGYYSSWYFDVW,IGKV1-117,IGKJ5,CFQGSHVPLTF
SRBC,NA,NA,TRUE,mouse,TGGGAAGAGACACGAC-1,SC24124_CTRL_TGGGAAGAGACACGAC-1,IGHV1-14,IGHJ4,CASHHYYGPRYYAMDYW,IGKV6-15,IGKJ2,CQQYNSYPLTF
SRBC,NA,NA,TRUE,mouse,TGGGAAGAGTACGTAA-1,SC24124_CTRL_TGGGAAGAGTACGTAA-1,IGHV1-71-6,IGHJ1,CARLYLLLREGYFDVW,IGKV8-27,IGKJ2,CHQYLSSYTF
SRBC,NA,NA,TRUE,mouse,TGGGAAGGTCATTAGC-1,SC24124_CTRL_TGGGAAGGTCATTAGC-1,IGHV1-9,IGHJ4,CARRLWSYYYYAMDYW,IGKV4-53,IGKJ5,CQQWSNYPLTF
SRBC,NA,NA,TRUE,mouse,TGGGAAGGTTAGTGGG-1,SC24124_CTRL_TGGGAAGGTTAGTGGG-1,IGHV3-2,IGHJ4,CARRYVWAYAMDYW,IGKV8-21,IGKJ2,CKQSYNLYTF
SRBC,NA,NA,TRUE,mouse,TGGGAAGTCCTTTCGG-1,SC24124_CTRL_TGGGAAGTCCTTTCGG-1,IGHV9-3-1,IGHJ2,CAREGLYGNDFYFDYW,IGKV15-103,IGKJ5,CQQGQSYPVTF
SRBC,NA,NA,TRUE,mouse,TGGGAAGTCTGACCTC-1,SC24124_CTRL_TGGGAAGTCTGACCTC-1,IGHV1-80,IGHJ1,CARNYDWYFDVW,IGKV6-15,IGKJ1,CQQYNSYPWTF
SRBC,NA,NA,TRUE,mouse,TGGGCGTCAGCCAGAA-1,SC24124_CTRL_TGGGCGTCAGCCAGAA-1,IGHV6-3,IGHJ2,CTNTSSPYYFDYW,IGKV5-39,IGKJ5,CQNGHSFPLTF
SRBC,NA,NA,TRUE,mouse,TGGTTAGAGGACAGCT-1,SC24124_CTRL_TGGTTAGAGGACAGCT-1,IGHV1-42,IGHJ3,CAKLGDGYPAWFVYW,IGKV4-72,IGKJ4,CQQWSSNPFTF
SRBC,NA,NA,TRUE,mouse,TGGTTAGCATCTATGG-1,SC24124_CTRL_TGGTTAGCATCTATGG-1,IGHV1-58,IGHJ2,CARSLYYGNYFDYW,IGKV16-104,IGKJ1,CQQHNEYPWTF
SRBC,NA,NA,TRUE,mouse,TGGTTAGTCACCTCGT-1,SC24124_CTRL_TGGTTAGTCACCTCGT-1,IGHV8-12,IGHJ4,CARRGGVVRFYAMDYW,IGKV1-88,IGKJ1,CLQGTHQPWTF
SRBC,NA,NA,TRUE,mouse,TGGTTCCCAGACTCGC-1,SC24124_CTRL_TGGTTCCCAGACTCGC-1,IGHV1-62-2,IGHJ1,CARHEGRYFDVW,IGKV2-137,IGKJ4,CMQHLEYPFTF
SRBC,NA,NA,TRUE,mouse,TGGTTCCTCCCACTTG-1,SC24124_CTRL_TGGTTCCTCCCACTTG-1,IGHV1S135,IGHJ3,CARSGGNSWFAYW,IGKV17-121,IGKJ4,CLQSDNLPFTF
SRBC,NA,NA,TRUE,mouse,TGTATTCGTCTCATCC-1,SC24124_CTRL_TGTATTCGTCTCATCC-1,IGHV6-3,IGHJ3,CTGPEGAHW,IGKV6-15,IGKJ2,CQQYNSYPLTF
SRBC,NA,NA,TRUE,mouse,TGTCCCAAGGAGTTTA-1,SC24124_CTRL_TGTCCCAAGGAGTTTA-1,IGHV1-42-1,IGHJ3,CAREKYGNPFAYW,IGKV6-17,IGKJ5,CQQHYSTPLTF
SRBC,NA,NA,TRUE,mouse,TGTCCCACATTATCTC-1,SC24124_CTRL_TGTCCCACATTATCTC-1,IGHV9-3,IGHJ3,CARGYYYGNYEFAYW,IGKV5-43,IGKJ4,CQQSNSWPFTF
SRBC,NA,NA,TRUE,mouse,TGTCCCAGTTAAGAAC-1,SC24124_CTRL_TGTCCCAGTTAAGAAC-1,IGHV5-9-1,IGHJ1,CTRDEGGLYTDYGYFDVW,IGKV8-30,IGKJ2,CQQYYRYPYTF
SRBC,NA,NA,TRUE,mouse,TGTCCCAGTTCCACTC-1,SC24124_CTRL_TGTCCCAGTTCCACTC-1,IGHV9-2-1,IGHJ3,CADNWDEFAYW,IGKV14-111,IGKJ5,CLQYDEFPLTF
SRBC,NA,NA,TRUE,mouse,TGTCCCATCACAAACC-1,SC24124_CTRL_TGTCCCATCACAAACC-1,IGHV9-3,IGHJ3,CARIQTAQEAWFAYW,IGKV4-53,IGKJ5,CQQWSSYPLTF
SRBC,NA,NA,TRUE,mouse,TGTCCCATCACGATGT-1,SC24124_CTRL_TGTCCCATCACGATGT-1,IGHV9-3,IGHJ1,CARGGTRYFDVW,IGKV4-59,IGKJ2,CQQWSSNPPTF
SRBC,NA,NA,TRUE,mouse,TGTGGTAAGGCGATAC-1,SC24124_CTRL_TGTGGTAAGGCGATAC-1,IGHV1-72,IGHJ4,CARTYYDYSYYAMDYW,IGKV17-127,IGKJ5,CLQSDNMPLTF
SRBC,NA,NA,TRUE,mouse,TGTGGTATCATCACCC-1,SC24124_CTRL_TGTGGTATCATCACCC-1,IGHV1-74,IGHJ1,CAISGYYGSSYWYFDVW,IGKV12-44,IGKJ5,CQHHYGTPLTF
SRBC,NA,NA,TRUE,mouse,TGTGGTATCGTCTGAA-1,SC24124_CTRL_TGTGGTATCGTCTGAA-1,IGHV5-9,IGHJ1,CARRDYGNSYAWYFDVW,IGKV5-43,IGKJ5,CQQSNSWPLTF
SRBC,NA,NA,TRUE,mouse,TGTGTTTAGAGTCTGG-1,SC24124_CTRL_TGTGTTTAGAGTCTGG-1,IGHV1-62-2,IGHJ3,CARHEGYYEFAYW,IGKV2-137,IGKJ2,CMQHLEYPYTF
SRBC,NA,NA,TRUE,mouse,TGTGTTTCATACTCTT-1,SC24124_CTRL_TGTGTTTCATACTCTT-1,IGHV1-78,IGHJ1,CARKGYYGSYWYFDVW,IGKV8-19,IGKJ5,CQNDYSYPLTF
SRBC,NA,NA,TRUE,mouse,TGTTCCGCATTGAGCT-1,SC24124_CTRL_TGTTCCGCATTGAGCT-1,IGHV14-3,IGHJ3,CARWGGYGNYGFFAYW,IGKV13-84,IGKJ2,CQQYWSTYTF
SRBC,NA,NA,TRUE,mouse,TGTTCCGTCGTTACGA-1,SC24124_CTRL_TGTTCCGTCGTTACGA-1,IGHV1-62-2,IGHJ1,CARHEGRYFDVW,IGKV2-137,IGKJ4,CMQHLEYPFTF
SRBC,NA,NA,TRUE,mouse,TGTTCCGTCTTAGAGC-1,SC24124_CTRL_TGTTCCGTCTTAGAGC-1,IGHV8-4-7,IGHJ4,CARRGGTTATGAMDYW,IGKV12-41,IGKJ4,CQHFWSTPFTF
SRBC,NA,NA,TRUE,mouse,TTAACTCCATGAAGTA-1,SC24124_CTRL_TTAACTCCATGAAGTA-1,IGHV1-59,IGHJ3,CARPHYYGSSYWFAYW,IGKV5-43,IGKJ5,CQQSNSWPLTF
SRBC,NA,NA,TRUE,mouse,TTAACTCCATGTCTCC-1,SC24124_CTRL_TTAACTCCATGTCTCC-1,IGHV2-2,IGHJ4,CARKGYAMDYW,IGKV6-23,IGKJ5,CQQYSSYPLTF
SRBC,NA,NA,TRUE,mouse,TTAACTCTCCACTCCA-1,SC24124_CTRL_TTAACTCTCCACTCCA-1,IGHV1-81,IGHJ3,CARGRGIYYDYDGFAYW,IGKV1-135,IGKJ1,CWQGTHFPRTF
SRBC,NA,NA,TRUE,mouse,TTAACTCTCCATTCTA-1,SC24124_CTRL_TTAACTCTCCATTCTA-1,IGHV1-47-11,IGHJ2,CARSVGYW,IGKV1-135,IGKJ4,CWQGTHFPFTF
SRBC,NA,NA,TRUE,mouse,TTAACTCTCTGTGCAA-1,SC24124_CTRL_TTAACTCTCTGTGCAA-1,IGHV2-6-7,IGHJ4,CARGWLNAMDYW,IGLV1,IGLJ1,CALWYSNHWVF
SRBC,NA,NA,TRUE,mouse,TTAGGCAGTAGCACGA-1,SC24124_CTRL_TTAGGCAGTAGCACGA-1,IGHV1-18,IGHJ3,CARQGGRIYYDYDFAYW,IGLV1,IGLJ1,CALWYSNHWVF
SRBC,NA,NA,TRUE,mouse,TTAGTTCCATATGGTC-1,SC24124_CTRL_TTAGTTCCATATGGTC-1,IGHV1-18,IGHJ3,CARRGDRNDAWFAYW,IGKV4-72,IGKJ4,CQQWSSNPFTF
SRBC,NA,NA,TRUE,mouse,TTAGTTCGTCTCTTAT-1,SC24124_CTRL_TTAGTTCGTCTCTTAT-1,IGHV1-81,IGHJ2,CARWGTTVPGYW,IGLV2,IGLJ2,CALWYSTHYVF
SRBC,NA,NA,TRUE,mouse,TTAGTTCGTGTGACGA-1,SC24124_CTRL_TTAGTTCGTGTGACGA-1,IGHV1-18-36,IGHJ4,CARDRGGYGPYAMDYW,IGKV1-99,IGKJ5,CFQSNYLPLTF
SRBC,NA,NA,TRUE,mouse,TTAGTTCTCTGTCTCG-1,SC24124_CTRL_TTAGTTCTCTGTCTCG-1,IGHV1-53,IGHJ2,CARWGNYYGSSPSYW,IGKV1-110,IGKJ1,CSQSTHVPWTF
SRBC,NA,NA,TRUE,mouse,TTATGCTGTCAATACC-1,SC24124_CTRL_TTATGCTGTCAATACC-1,IGHV6-6,IGHJ4,CTRGLHYAMDYW,IGKV12-44,IGKJ5,CQHHYGTPLTF
SRBC,NA,NA,TRUE,mouse,TTATGCTTCGAGCCCA-1,SC24124_CTRL_TTATGCTTCGAGCCCA-1,IGHV3-2,IGHJ2,CATWILPYLDYW,IGKV6-15,IGKJ2,CQQYNRYPLTF
SRBC,NA,NA,TRUE,mouse,TTCCCAGCAAGTTCTG-1,SC24124_CTRL_TTCCCAGCAAGTTCTG-1,IGHV7-3,IGHJ4,CARDALYAMDYW,IGLV1,IGLJ1,CALWYSNHWVF
SRBC,NA,NA,TRUE,mouse,TTCCCAGCACCTGGTG-1,SC24124_CTRL_TTCCCAGCACCTGGTG-1,IGHV1-72,IGHJ1,CTRWGYYGYFDVW,IGKV12-38,IGKJ4,CKQAYDVPFTF
SRBC,NA,NA,TRUE,mouse,TTCCCAGCAGGGTACA-1,SC24124_CTRL_TTCCCAGCAGGGTACA-1,IGHV5-12-1,IGHJ4,CVRGGAMDYW,IGKV14-111,IGKJ2,CLQYDDFPPYTF
SRBC,NA,NA,TRUE,mouse,TTCCCAGCATGCCCGA-1,SC24124_CTRL_TTCCCAGCATGCCCGA-1,IGHV2-2,IGHJ2,CARNFGQLGLLDYW,IGLV1,IGLJ1,CALWYSNHWVF
SRBC,NA,NA,TRUE,mouse,TTCCCAGGTCACCCAG-1,SC24124_CTRL_TTCCCAGGTCACCCAG-1,IGHV9-3,IGHJ3,CARSVLRPSGGFAYW,IGKV1-117,IGKJ1,CFQGSHVPWTF
SRBC,NA,NA,TRUE,mouse,TTCGAAGGTAAGGGAA-1,SC24124_CTRL_TTCGAAGGTAAGGGAA-1,IGHV1-58,IGHJ3,CARSELGRGFAYW,IGKV3-4,IGKJ1,CQQSNEDPPWTF
SRBC,NA,NA,TRUE,mouse,TTCGAAGTCCAGGGCT-1,SC24124_CTRL_TTCGAAGTCCAGGGCT-1,IGHV9-3,IGHJ3,CARDYYSNRAWFAYW,IGKV12-46,IGKJ2,CQHFWGTPYTF
SRBC,NA,NA,TRUE,mouse,TTCGGTCAGCGACGTA-1,SC24124_CTRL_TTCGGTCAGCGACGTA-1,IGHV1-62-2,IGHJ3,CARHEAYYAEGFAYW,IGKV2-137,IGKJ2,CMQHLEYPYTF
SRBC,NA,NA,TRUE,mouse,TTCGGTCCACAAGTAA-1,SC24124_CTRL_TTCGGTCCACAAGTAA-1,IGHV5-12-1,IGHJ2,CTRHRILRDYFDYW,IGKV3-7,IGKJ2,CQHSWEIPYTF
SRBC,NA,NA,TRUE,mouse,TTCGGTCCACCAGGCT-1,SC24124_CTRL_TTCGGTCCACCAGGCT-1,IGHV1-87,IGHJ4,CARSASYYAMDYW,IGKV12-41,IGKJ1,CQHFWSTPRTF
SRBC,NA,NA,TRUE,mouse,TTCGGTCCATTGGCGC-1,SC24124_CTRL_TTCGGTCCATTGGCGC-1,IGHV1-80,IGHJ1,CARGNWDFDVW,IGKV16-104,IGKJ1,CQQHNEYPWTF
SRBC,NA,NA,TRUE,mouse,TTCGGTCTCCCATTTA-1,SC24124_CTRL_TTCGGTCTCCCATTTA-1,IGHV1-55,IGHJ3,CAREDGMVTTSFAYW,IGKV5-43,IGKJ5,CQQSNSWPLTF
SRBC,NA,NA,TRUE,mouse,TTCTACAGTTCAGACT-1,SC24124_CTRL_TTCTACAGTTCAGACT-1,IGHV1-9,IGHJ1,CARSGNYGSRGYFDVW,IGKV1-110,IGKJ4,CSQSTHVPFTF
SRBC,NA,NA,TRUE,mouse,TTCTACATCCATGAGT-1,SC24124_CTRL_TTCTACATCCATGAGT-1,IGHV1-81,IGHJ2,CARKTTVVASFDYW,IGKV1-117,IGKJ2,CFQGSHVPYTF
SRBC,NA,NA,TRUE,mouse,TTCTACATCCCAGGTG-1,SC24124_CTRL_TTCTACATCCCAGGTG-1,IGHV5-9-1,IGHJ1,CTRDYYGSSYSWYFDVW,IGKV5-39,IGKJ5,CQNGHSFPLTF
SRBC,NA,NA,TRUE,mouse,TTCTCAAAGAGCCCAA-1,SC24124_CTRL_TTCTCAAAGAGCCCAA-1,IGHV5-12-2,IGHJ3,CARQGFYPAWFAYW,IGKV1-117,IGKJ5,CFQGSHVPLTF
SRBC,NA,NA,TRUE,mouse,TTCTCAAAGCGTCAAG-1,SC24124_CTRL_TTCTCAAAGCGTCAAG-1,IGHV1-42-1,IGHJ4,CARFYFYDGPPFAMDYW,IGKV8-27,IGKJ2,CHQYLSSYTF
SRBC,NA,NA,TRUE,mouse,TTCTCAAAGTGGTAAT-1,SC24124_CTRL_TTCTCAAAGTGGTAAT-1,IGHV1-64,IGHJ2,CARHYGNYVYFDSW,IGKV6-15,IGKJ2,CQQYNSYPLYTF
SRBC,NA,NA,TRUE,mouse,TTCTCAACATACCATG-1,SC24124_CTRL_TTCTCAACATACCATG-1,IGHV10-1-2,IGHJ4,CVRVDLLWLRRGNYYYAMDYW,IGKV10-96,IGKJ1,CQQGNTLPWTF
SRBC,NA,NA,TRUE,mouse,TTCTCAACATGCTAGT-1,SC24124_CTRL_TTCTCAACATGCTAGT-1,IGHV3-2,IGHJ4,CARGFYAMDYW,IGKV8-24,IGKJ4,CQQHYSTPFTF
SRBC,NA,NA,TRUE,mouse,TTCTCAAGTTAGTGGG-1,SC24124_CTRL_TTCTCAAGTTAGTGGG-1,IGHV1-71-8,IGHJ3,CARQTARAKGAWFPYW,IGKV1-135,IGKJ2,CWQGTHFPYTF
SRBC,NA,NA,TRUE,mouse,TTCTCAATCTTTACAC-1,SC24124_CTRL_TTCTCAATCTTTACAC-1,IGHV1-85,IGHJ4,CARTPGYDYLGYYAMDYW,IGKV3-5,IGKJ2,CQQSNEDPYTF
SRBC,NA,NA,TRUE,mouse,TTCTCCTAGCATGGCA-1,SC24124_CTRL_TTCTCCTAGCATGGCA-1,IGHV1-72,IGHJ3,CARGEDLYGYPFAYW,IGLV1,IGLJ1,CALWYSNHLVF
SRBC,NA,NA,TRUE,mouse,TTCTCCTGTCGACTGC-1,SC24124_CTRL_TTCTCCTGTCGACTGC-1,IGHV1-81,IGHJ2,CAREETTLVDSYYFDYW,IGKV5-39,IGKJ5,CQNGHSFPLTF
SRBC,NA,NA,TRUE,mouse,TTCTCCTTCCCATTTA-1,SC24124_CTRL_TTCTCCTTCCCATTTA-1,IGHV1-47-29,IGHJ2,CTRSYGSSYYFDYW,IGKV3-4,IGKJ1,CQQSNEDPRTF
SRBC,NA,NA,TRUE,mouse,TTCTTAGAGGACACCA-1,SC24124_CTRL_TTCTTAGAGGACACCA-1,IGHV8-13-3,IGHJ1,CARIEYGYYWYFDVW,IGKV10-96,IGKJ4,CQQGNTLPFTF
SRBC,NA,NA,TRUE,mouse,TTCTTAGAGTACGCGA-1,SC24124_CTRL_TTCTTAGAGTACGCGA-1,IGHV1-81,IGHJ2,CASYYGSSYYW,IGKV8-24,IGKJ5,CQQHYSTPLTF
SRBC,NA,NA,TRUE,mouse,TTCTTAGAGTCATCCA-1,SC24124_CTRL_TTCTTAGAGTCATCCA-1,IGHV1-9,IGHJ2,CAREGSSFDYW,IGKV4-91,IGKJ4,CQQGSSIITF
SRBC,NA,NA,TRUE,mouse,TTCTTAGGTCTTCTCG-1,SC24124_CTRL_TTCTTAGGTCTTCTCG-1,IGHV5-9,IGHJ1,CGRQGGNPWYFDVW,IGKV4-50,IGKJ1,CQQFTSSPWTF
SRBC,NA,NA,TRUE,mouse,TTCTTAGTCAGTCCCT-1,SC24124_CTRL_TTCTTAGTCAGTCCCT-1,IGHV8-8,IGHJ3,CARPLGSSYETWFAYW,IGKV14-111,IGKJ2,CLQYDEFPYTF
SRBC,NA,NA,TRUE,mouse,TTGAACGCAAACCCAT-1,SC24124_CTRL_TTGAACGCAAACCCAT-1,IGHV1-74,IGHJ4,CAFYYTKIPGAMDYW,IGKV17-127,IGKJ5,CLQSDNMPLTF
SRBC,NA,NA,TRUE,mouse,TTGAACGCAGTAAGCG-1,SC24124_CTRL_TTGAACGCAGTAAGCG-1,IGHV1-62-2,IGHJ2,CARHGLWYLDYW,IGKV2-137,IGKJ2,CMQHLEYPYTF
SRBC,NA,NA,TRUE,mouse,TTGAACGGTTAAGTAG-1,SC24124_CTRL_TTGAACGGTTAAGTAG-1,IGHV14-3,IGHJ2,CARSDWYYW,IGKV4-57,IGKJ5,CQRRSSYPLTF
SRBC,NA,NA,TRUE,mouse,TTGACTTAGCGTGAGT-1,SC24124_CTRL_TTGACTTAGCGTGAGT-1,IGHV1-18-65,IGHJ4,CARRPGTGAMDYW,IGKV1-135,IGKJ1,CWQGTHFPRTF
SRBC,NA,NA,TRUE,mouse,TTGACTTAGTTTCCTT-1,SC24124_CTRL_TTGACTTAGTTTCCTT-1,IGHV4-1,IGHJ3,CARPRYYGSSYGFAYW,IGKV3-10,IGKJ5,CQQNNEDPLTF
SRBC,NA,NA,TRUE,mouse,TTGACTTCACGGTGTC-1,SC24124_CTRL_TTGACTTCACGGTGTC-1,IGHV1-87,IGHJ2,CARGGRLDYW,IGKV6-15,IGKJ5,CQQYNSYPLTF
SRBC,NA,NA,TRUE,mouse,TTGACTTGTCCTCCAT-1,SC24124_CTRL_TTGACTTGTCCTCCAT-1,IGHV1-19,IGHJ4,CARDGYPPYAMDYW,IGKV8-24,IGKJ2,CQQHYSTPYTF
SRBC,NA,NA,TRUE,mouse,TTGCCGTAGAACAATC-1,SC24124_CTRL_TTGCCGTAGAACAATC-1,IGHV1-81,IGHJ3,CTRLRIYYGYDGFAYW,IGKV1-110,IGKJ5,CSHSTHVPPTF
SRBC,NA,NA,TRUE,mouse,TTGCCGTGTGGCAAAC-1,SC24124_CTRL_TTGCCGTGTGGCAAAC-1,IGHV1-53,IGHJ3,CARWDYYGSNYVAWFAYW,IGKV8-24,IGKJ5,CQQHYSTPLTF
SRBC,NA,NA,TRUE,mouse,TTGCGTCGTACATCCA-1,SC24124_CTRL_TTGCGTCGTACATCCA-1,IGHV1-64,IGHJ3,CARSSFYYDYDWFAYW,IGKV2-137,IGKJ2,CMQHLEYPYTF
SRBC,NA,NA,TRUE,mouse,TTGCGTCTCTATCCCG-1,SC24124_CTRL_TTGCGTCTCTATCCCG-1,IGHV7-3,IGHJ1,CARSTGYFDVW,IGLV1,IGLJ1,CALWYSNLWVF
SRBC,NA,NA,TRUE,mouse,TTGGAACCAGCTCGAC-1,SC24124_CTRL_TTGGAACCAGCTCGAC-1,IGHV14-4,IGHJ4,CIHSPYYAMDYW,IGKV2-137,IGKJ2,CMQHLEYPYTF
SRBC,NA,NA,TRUE,mouse,TTGGAACCAGTATAAG-1,SC24124_CTRL_TTGGAACCAGTATAAG-1,IGHV6-3,IGHJ2,CTNTSSPYYFDYW,IGKV5-39,IGKJ5,CQNGHSFPLTF
SRBC,NA,NA,TRUE,mouse,TTGGAACGTAATAGCA-1,SC24124_CTRL_TTGGAACGTAATAGCA-1,IGHV1-62-2,IGHJ2,CARHEDRDGYYDYFDYW,IGKV13-85,IGKJ2,CQQYWSTPYTF
SRBC,NA,NA,TRUE,mouse,TTGGAACGTCAGCTAT-1,SC24124_CTRL_TTGGAACGTCAGCTAT-1,IGHV1-53,IGHJ2,CARKAGTLYCFDYW,IGKV10-96,IGKJ1,CQQGNTLPWTF
SRBC,NA,NA,TRUE,mouse,TTGGAACGTGTTAAGA-1,SC24124_CTRL_TTGGAACGTGTTAAGA-1,IGHV4-1,IGHJ4,CARPVSYAMDYW,IGKV2-112,IGKJ5,CQQLVEYPLTF
SRBC,NA,NA,TRUE,mouse,TTGGAACTCAGCGATT-1,SC24124_CTRL_TTGGAACTCAGCGATT-1,IGHV1-71-1,IGHJ3,CARLDGNPAWFAYW,IGKV1-110,IGKJ2,CSQSTHVPYTF
SRBC,NA,NA,TRUE,mouse,TTGGCAAAGAGTCGGT-1,SC24124_CTRL_TTGGCAAAGAGTCGGT-1,IGHV1-7,IGHJ3,CAREGTTVPFAYW,IGKV2-137,IGKJ2,CMQHLEYPYTF
SRBC,NA,NA,TRUE,mouse,TTGGCAAAGGCAGTCA-1,SC24124_CTRL_TTGGCAAAGGCAGTCA-1,IGHV1-82,IGHJ3,CAREDYYGWGFAYW,IGKV1-110,IGKJ2,CSQSTHVPYTF
SRBC,NA,NA,TRUE,mouse,TTGTAGGAGGAACTGC-1,SC24124_CTRL_TTGTAGGAGGAACTGC-1,IGHV1-26,IGHJ4,CALHYGSSYGYAMDYW,IGKV4-79,IGKJ5,CHQWSSYPLTF
SRBC,NA,NA,TRUE,mouse,TTGTAGGGTAAGGATT-1,SC24124_CTRL_TTGTAGGGTAAGGATT-1,IGHV1-18,IGHJ3,CARNPWFAYW,IGKV1-135,IGKJ1,CWQGTHFPRTF
SRBC,NA,NA,TRUE,mouse,TTGTAGGGTACTCGCG-1,SC24124_CTRL_TTGTAGGGTACTCGCG-1,IGHV1-53,IGHJ2,CARAPLFSFYGSLYYFDYW,IGKV15-103,IGKJ2,CQQGQSYPYTF
SRBC,NA,NA,TRUE,mouse,TTGTAGGGTCCTGCTT-1,SC24124_CTRL_TTGTAGGGTCCTGCTT-1,IGHV1-75,IGHJ3,CARSELGRGFAYW,IGKV1-117,IGKJ1,CFQGSHVPRTF
SRBC,NA,NA,TRUE,mouse,TTGTAGGTCGTCTGAA-1,SC24124_CTRL_TTGTAGGTCGTCTGAA-1,IGHV5-6-4,IGHJ2,CTRGSYYYGSSDYW,IGLV1,IGLJ1,CALWYSNHWVF
SRBC,NA,NA,TRUE,mouse,TTTACTGAGACACGAC-1,SC24124_CTRL_TTTACTGAGACACGAC-1,IGHV14-3,IGHJ3,CSPFAYW,IGKV1-135,IGKJ1,CWQGTHFPRTF
SRBC,NA,NA,TRUE,mouse,TTTACTGTCGTGGGAA-1,SC24124_CTRL_TTTACTGTCGTGGGAA-1,IGHV1-42,IGHJ4,CARRHYYGSSYTMDYW,IGKV1-117,IGKJ1,CFQGSLVPWTF
SRBC,NA,NA,TRUE,mouse,TTTATGCAGGCCCGTT-1,SC24124_CTRL_TTTATGCAGGCCCGTT-1,IGHV1-80,IGHJ2,CARGTNWENFDYW,IGKV14-111,IGKJ2,CLQYDEFPYTF
SRBC,NA,NA,TRUE,mouse,TTTATGCAGTCGTACT-1,SC24124_CTRL_TTTATGCAGTCGTACT-1,IGHV5-17,IGHJ4,CARGYGYVSYAMDYW,IGKV14-111,IGKJ5,CLQYDEFPPTF
SRBC,NA,NA,TRUE,mouse,TTTATGCCACTATCTT-1,SC24124_CTRL_TTTATGCCACTATCTT-1,IGHV5-6-3,IGHJ3,CARVYGYDAWFAYW,IGKV17-127,IGKJ4,CLQSDNMPFTF
SRBC,NA,NA,TRUE,mouse,TTTATGCCAGCTGTAT-1,SC24124_CTRL_TTTATGCCAGCTGTAT-1,IGHV1-14,IGHJ3,CASDDYDWFAYW,IGKV4-74,IGKJ2,CHQYHRSPYTF
SRBC,NA,NA,TRUE,mouse,TTTCCTCAGTGGGTTG-1,SC24124_CTRL_TTTCCTCAGTGGGTTG-1,IGHV2-9,IGHJ2,CARDYFDYW,IGKV12-44,IGKJ1,CQHHYGTPWTF
SRBC,NA,NA,TRUE,mouse,TTTCCTCGTTATCCGA-1,SC24124_CTRL_TTTCCTCGTTATCCGA-1,IGHV1-71-8,IGHJ2,CARRKRSYYGLYYFDYW,IGKV4-55,IGKJ5,CQQWSSYPPTF
SRBC,NA,NA,TRUE,mouse,TTTGCGCAGAATGTGT-1,SC24124_CTRL_TTTGCGCAGAATGTGT-1,IGHV1-14,IGHJ2,CARGGWDYW,IGKV4-57,IGKJ2,CQQRSSYPSTF
SRBC,NA,NA,TRUE,mouse,TTTGCGCAGTCCTCCT-1,SC24124_CTRL_TTTGCGCAGTCCTCCT-1,IGHV2-2,IGHJ1,CARKGLGRWYFDVW,IGKV10-95,IGKJ1,CQQYCKLPRTF
SRBC,NA,NA,TRUE,mouse,TTTGCGCCAAGTCTGT-1,SC24124_CTRL_TTTGCGCCAAGTCTGT-1,IGHV5-12-1,IGHJ2,CGRHNWDSFDYW,IGKV14-111,IGKJ2,CLQYDEFPYMYMF
SRBC,NA,NA,TRUE,mouse,TTTGCGCCAATCACAC-1,SC24124_CTRL_TTTGCGCCAATCACAC-1,IGHV9-3,IGHJ1,CGKGSIHWYFDVW,IGKV6-25,IGKJ1,CQQHSITPWTF
SRBC,NA,NA,TRUE,mouse,TTTGCGCCAGGAATGC-1,SC24124_CTRL_TTTGCGCCAGGAATGC-1,IGHV3-1,IGHJ2,CARPLLYYDYDGGGYYFDYW,IGKV5-39,IGKJ5,CQNGHSFPLTF
SRBC,NA,NA,TRUE,mouse,TTTGCGCCATTACGAC-1,SC24124_CTRL_TTTGCGCCATTACGAC-1,IGHV1-64,IGHJ3,CASPEGSSSWFAYW,IGKV10-96,IGKJ1,CQQGNTLPWTF
SRBC,NA,NA,TRUE,mouse,TTTGCGCGTTGCTCCT-1,SC24124_CTRL_TTTGCGCGTTGCTCCT-1,IGHV9-2-1,IGHJ3,CARGGNYGFAYW,IGKV2-137,IGKJ2,CMQHLEYPYTF
SRBC,NA,NA,TRUE,mouse,TTTGCGCTCCTGCCAT-1,SC24124_CTRL_TTTGCGCTCCTGCCAT-1,IGHV1-14,IGHJ3,CARDTSGYVGFAYW,IGKV4-57-1,IGKJ2,CQQYSDYPLTF
SRBC,NA,NA,TRUE,mouse,TTTGGTTCACTTCGAA-1,SC24124_CTRL_TTTGGTTCACTTCGAA-1,IGHV1-47-23,IGHJ1,CARGYWFFDVW,IGKV16-104,IGKJ1,CQQHNEYPWTF
SRBC,NA,NA,TRUE,mouse,TTTGGTTCATTCCTCG-1,SC24124_CTRL_TTTGGTTCATTCCTCG-1,IGHV1-47-14,IGHJ2,CTRQWGYFDYW,IGKV10-94,IGKJ4,CQQYSNLPFTF
SRBC,NA,NA,TRUE,mouse,TTTGGTTTCATAACCG-1,SC24124_CTRL_TTTGGTTTCATAACCG-1,IGHV1-9,IGHJ1,CARYMGLDWYFDVW,IGKV17-127,IGKJ5,CLQSDNMPLTF
SRBC,NA,NA,TRUE,mouse,TTTGGTTTCGTCTGAA-1,SC24124_CTRL_TTTGGTTTCGTCTGAA-1,IGHV9-3,IGHJ3,CARISTVVEEAWFAYW,IGKV4-53,IGKJ5,CQQWSSYPLTF
SRBC,NA,NA,TRUE,mouse,TTTGTCATCCCACTTG-1,SC24124_CTRL_TTTGTCATCCCACTTG-1,IGHV1-47-6,IGHJ4,CARSPSSVAPTAMDYW,IGKV3-1,IGKJ1,CQQIRKVPWTF
SRBC,NA,NA,TRUE,mouse,TTTGTCATCGCCAAAT-1,SC24124_CTRL_TTTGTCATCGCCAAAT-1,IGHV9-2-1,IGHJ4,CARYGYYYAMDYW,IGKV14-111,IGKJ4,CLQYDEFPFTF
