"context","strain","epitope","binding","org","publication","name","VH","JH","CDRH3","VL","JL","CDRL3"
"Tetanus","Harvard","TT",TRUE,"human","GSE253857","GSE253857_BM_Tetanus_3_AAACGGGCATGGAATA-1","IGKV3-11","IGKJ1","CQQQRTF","IGKV3-11","IGKJ1","CQQQRTF"
"Tetanus","Harvard","TT",TRUE,"human","GSE253857","GSE253857_BM_Tetanus_3_AAAGATGAGCTCCCAG-1","IGHV3-23","IGHJ4","CAKGGGVVLVPAPVVNW","IGHV3-23","IGHJ4","CAKGGGVVLVPAPVVNW"
"Tetanus","Harvard","TT",TRUE,"human","GSE253857","GSE253857_BM_Tetanus_3_AAAGATGGTATAGTAG-1","IGKV3-20","IGKJ2","CQQYGSSAPFSF","IGKV3-20","IGKJ2","CQQYGSSAPFSF"
"Tetanus","Harvard","TT",TRUE,"human","GSE253857","GSE253857_BM_Tetanus_3_AAAGCAAGTAGGAGTC-1","IGKV4-1","IGKJ1","CQQSYKTPRTF","IGKV4-1","IGKJ1","CQQSYKTPRTF"
"Tetanus","Harvard","TT",TRUE,"human","GSE253857","GSE253857_BM_Tetanus_3_AAAGTAGTCCACGAAT-1","IGLV3-21","IGLJ7","CQVWDIDSDDSVF","IGLV3-21","IGLJ7","CQVWDIDSDDSVF"
"Tetanus","Harvard","TT",TRUE,"human","GSE253857","GSE253857_BM_Tetanus_3_AAATGCCGTGTGAATA-1","IGLV2-11","IGLJ7","CCSFAGTFTLVF","IGLV2-11","IGLJ7","CCSFAGTFTLVF"
"Tetanus","Harvard","TT",TRUE,"human","GSE253857","GSE253857_BM_Tetanus_3_AACACGTAGCGCTCCA-1","IGHV5-51","IGHJ4","CARLPPTYNILTGYSNYFDYW","IGHV5-51","IGHJ4","CARLPPTYNILTGYSNYFDYW"
"Tetanus","Harvard","TT",TRUE,"human","GSE253857","GSE253857_BM_Tetanus_3_AACCGCGAGTGGCACA-1","IGKV3-15","IGKJ1","CQQYNNWPPWTF","IGKV3-15","IGKJ1","CQQYNNWPPWTF"
"Tetanus","Harvard","TT",TRUE,"human","GSE253857","GSE253857_BM_Tetanus_3_AACTCAGCAGTCACTA-1","IGKV3-20","IGKJ1","CHQYGSSPRTF","IGKV3-20","IGKJ1","CHQYGSSPRTF"
"Tetanus","Harvard","TT",TRUE,"human","GSE253857","GSE253857_BM_Tetanus_3_AACTCAGGTTAGAACA-1","IGHV3-23","IGHJ4","CAKTGNNHYDSSGYYGFVSFDYW","IGHV3-23","IGHJ4","CAKTGNNHYDSSGYYGFVSFDYW"
"Tetanus","Harvard","TT",TRUE,"human","GSE253857","GSE253857_BM_Tetanus_3_AACTGGTAGCGGCTTC-1","IGKV3-20","IGKJ1","CQQYGSSLSWTF","IGKV3-20","IGKJ1","CQQYGSSLSWTF"
"Tetanus","Harvard","TT",TRUE,"human","GSE253857","GSE253857_BM_Tetanus_3_AACTGGTTCTTATCTG-1","IGKV3-11","IGKJ4","CQQRFNWPPLTF","IGKV3-11","IGKJ4","CQQRFNWPPLTF"
"Tetanus","Harvard","TT",TRUE,"human","GSE253857","GSE253857_BM_Tetanus_3_AAGACCTGTTTAGGAA-1","IGKV1-27","IGKJ4","CQEYNSAPLTF","IGKV1-27","IGKJ4","CQEYNSAPLTF"
"Tetanus","Harvard","TT",TRUE,"human","GSE253857","GSE253857_BM_Tetanus_3_AAGGAGCAGCCAGGAT-1","IGKV3-15","IGKJ4","CQQYNNWPRLQPTF","IGKV3-15","IGKJ4","CQQYNNWPRLQPTF"
"Tetanus","Harvard","TT",TRUE,"human","GSE253857","GSE253857_BM_Tetanus_3_AAGGTTCGTCTTCTCG-1","IGHV1-2","IGHJ6","CAKVPRPSPKPLPLSGLDVW","IGHV1-2","IGHJ6","CAKVPRPSPKPLPLSGLDVW"
"Tetanus","Harvard","TT",TRUE,"human","GSE253857","GSE253857_BM_Tetanus_3_AAGTCTGGTATCTGCA-1","IGKV1-33","IGKJ4","CQQYVFF","IGKV1-33","IGKJ4","CQQYVFF"
"Tetanus","Harvard","TT",TRUE,"human","GSE253857","GSE253857_BM_Tetanus_3_ACACCGGTCTGCAAGT-1","IGLV2-14","IGLJ7","CSSYRSSTYVF","IGLV2-14","IGLJ7","CSSYRSSTYVF"
"Tetanus","Harvard","TT",TRUE,"human","GSE253857","GSE253857_BM_Tetanus_3_ACACTGAAGCGGATCA-1","IGKV1-33","IGKJ3","CQQYDALPYTF","IGKV1-33","IGKJ3","CQQYDALPYTF"
"Tetanus","Harvard","TT",TRUE,"human","GSE253857","GSE253857_BM_Tetanus_3_ACAGCCGCAGCATACT-1","IGLV3-1","IGLJ7","CQAWDSGTVVF","IGLV3-1","IGLJ7","CQAWDSGTVVF"
"Tetanus","Harvard","TT",TRUE,"human","GSE253857","GSE253857_BM_Tetanus_3_ACAGCCGTCTTATCTG-1","IGKV1D-39","IGKJ4","CQQSHSTPRTF","IGKV1D-39","IGKJ4","CQQSHSTPRTF"
"Tetanus","Harvard","TT",TRUE,"human","GSE253857","GSE253857_BM_Tetanus_3_ACAGCTAAGATGGGTC-1","IGKV1-6","IGKJ1","CLQDHTYPRTF","IGKV1-6","IGKJ1","CLQDHTYPRTF"
"Tetanus","Harvard","TT",TRUE,"human","GSE253857","GSE253857_BM_Tetanus_3_ACAGCTAGTTTCGCTC-1","IGHV3-23","IGHJ6","CARAGYNTGWYRDYDSYATDVW","IGHV3-23","IGHJ6","CARAGYNTGWYRDYDSYATDVW"
"Tetanus","Harvard","TT",TRUE,"human","GSE253857","GSE253857_BM_Tetanus_3_ACATACGGTAAGTTCC-1","IGKV3D-20","IGKJ5","CQQYGRSPITF","IGKV3D-20","IGKJ5","CQQYGRSPITF"
"Tetanus","Harvard","TT",TRUE,"human","GSE253857","GSE253857_BM_Tetanus_3_ACATACGGTTGCTCCT-1","IGKV3-20","IGKJ1","CQQYGSTPRTSPRTF","IGKV3-20","IGKJ1","CQQYGSTPRTSPRTF"
"Tetanus","Harvard","TT",TRUE,"human","GSE253857","GSE253857_BM_Tetanus_3_ACATACGTCTCCCTGA-1","IGLV3-1","IGLJ7","CQAWDTITAVF","IGLV3-1","IGLJ7","CQAWDTITAVF"
"Tetanus","Harvard","TT",TRUE,"human","GSE253857","GSE253857_BM_Tetanus_3_ACCCACTAGATGCCAG-1","IGHV3-43","IGHJ5","CARHWRGGVDSW","IGHV3-43","IGHJ5","CARHWRGGVDSW"
"Tetanus","Harvard","TT",TRUE,"human","GSE253857","GSE253857_BM_Tetanus_3_ACCGTAATCCCGGATG-1","IGKV1D-39","IGKJ4","CQQNFDVRPTF","IGKV1D-39","IGKJ4","CQQNFDVRPTF"
"Tetanus","Harvard","TT",TRUE,"human","GSE253857","GSE253857_BM_Tetanus_3_ACCTTTATCTGCAGTA-1","IGKV1-17","IGKJ1","CLQFDTYPPTF","IGKV1-17","IGKJ1","CLQFDTYPPTF"
"Tetanus","Harvard","TT",TRUE,"human","GSE253857","GSE253857_BM_Tetanus_3_ACGAGCCAGGCAAAGA-1","IGKV2D-28","IGKJ5","CMQALQSPRTF","IGKV2D-28","IGKJ5","CMQALQSPRTF"
"Tetanus","Harvard","TT",TRUE,"human","GSE253857","GSE253857_BM_Tetanus_3_ACGAGCCTCTGATACG-1","IGKV3-20","IGKJ1","CQQYGSSPRTF","IGKV3-20","IGKJ1","CQQYGSSPRTF"
"Tetanus","Harvard","TT",TRUE,"human","GSE253857","GSE253857_BM_Tetanus_3_ACGAGGACAATGGATA-1","IGKV4-1","IGKJ2","CQQYYSSARTF","IGKV4-1","IGKJ2","CQQYYSSARTF"
"Tetanus","Harvard","TT",TRUE,"human","GSE253857","GSE253857_BM_Tetanus_3_ACGATACCAAACTGTC-1","IGKV3-20","IGKJ2","CQQYVSSPPTF","IGKV3-20","IGKJ2","CQQYVSSPPTF"
"Tetanus","Harvard","TT",TRUE,"human","GSE253857","GSE253857_BM_Tetanus_3_ACGATACGTATAGGTA-1","IGHV3-7","IGHJ4","CARDPELSGSGSRGFDYW","IGHV3-7","IGHJ4","CARDPELSGSGSRGFDYW"
"Tetanus","Harvard","TT",TRUE,"human","GSE253857","GSE253857_BM_Tetanus_3_ACGATACGTGAAATCA-1","IGKV1-5","IGKJ1","CHHYNTFWTF","IGKV1-5","IGKJ1","CHHYNTFWTF"
"Tetanus","Harvard","TT",TRUE,"human","GSE253857","GSE253857_BM_Tetanus_3_ACGCAGCAGATCTGAA-1","IGKV3-11","IGKJ1","CQQRSNWSWTF","IGKV3-11","IGKJ1","CQQRSNWSWTF"
"Tetanus","Harvard","TT",TRUE,"human","GSE253857","GSE253857_BM_Tetanus_3_ACGCAGCCACGTGAGA-1","IGKV3-15","IGKJ5","CQEYNKWPPITF","IGKV3-15","IGKJ5","CQEYNKWPPITF"
"Tetanus","Harvard","TT",TRUE,"human","GSE253857","GSE253857_BM_Tetanus_3_ACGGAGAGTAGCGATG-1","IGKV3-20","IGKJ1","CQQYGSSPVGTF","IGKV3-20","IGKJ1","CQQYGSSPVGTF"
"Tetanus","Harvard","TT",TRUE,"human","GSE253857","GSE253857_BM_Tetanus_3_ACGGGCTCATCGGGTC-1","IGHV1-18","IGHJ6","CARMIEGGYGGHYYYGMDVW","IGHV1-18","IGHJ6","CARMIEGGYGGHYYYGMDVW"
"Tetanus","Harvard","TT",TRUE,"human","GSE253857","GSE253857_BM_Tetanus_3_ACGGGTCCATGGAATA-1","IGHV1-2","IGHJ4","CARGSRFYGNCINAVCYGIDYW","IGHV1-2","IGHJ4","CARGSRFYGNCINAVCYGIDYW"
"Tetanus","Harvard","TT",TRUE,"human","GSE253857","GSE253857_BM_Tetanus_3_ACTATCTGTGCTTCTC-1","IGHV3-23","IGHJ5","CAKESAYASGSSNNWFDPW","IGHV3-23","IGHJ5","CAKESAYASGSSNNWFDPW"
"Tetanus","Harvard","TT",TRUE,"human","GSE253857","GSE253857_BM_Tetanus_3_ACTATCTTCCGAACGC-1","IGLV1-44","IGLJ7","CATWDDGLNGPVF","IGLV1-44","IGLJ7","CATWDDGLNGPVF"
"Tetanus","Harvard","TT",TRUE,"human","GSE253857","GSE253857_BM_Tetanus_3_ACTGAACAGATGTGTA-1","IGHV3-43","IGHJ6","CAKDSLTGTTIYYYYGMDVW","IGHV3-43","IGHJ6","CAKDSLTGTTIYYYYGMDVW"
"Tetanus","Harvard","TT",TRUE,"human","GSE253857","GSE253857_BM_Tetanus_3_ACTGAACGTCGCCATG-1","IGLV3-1","IGLJ7","CQAWDITTAVF","IGLV3-1","IGLJ7","CQAWDITTAVF"
"Tetanus","Harvard","TT",TRUE,"human","GSE253857","GSE253857_BM_Tetanus_3_ACTGAACGTGTTGGGA-1","IGHV4-4","IGHJ6","CARGEVPQFYAFDVW","IGHV4-4","IGHJ6","CARGEVPQFYAFDVW"
"Tetanus","Harvard","TT",TRUE,"human","GSE253857","GSE253857_BM_Tetanus_3_ACTGATGAGGCGATAC-1","IGKV2D-28","IGKJ5","CMQALQTPITF","IGKV2D-28","IGKJ5","CMQALQTPITF"
"Tetanus","Harvard","TT",TRUE,"human","GSE253857","GSE253857_BM_Tetanus_3_ACTGATGCACGGATAG-1","IGKV1D-39","IGKJ4","CQQSYSTF","IGKV1D-39","IGKJ4","CQQSYSTF"
"Tetanus","Harvard","TT",TRUE,"human","GSE253857","GSE253857_BM_Tetanus_3_ACTGATGTCTCTAAGG-1","IGHV2-26","IGHJ3","CARDRGGYKFDPFDVW","IGHV2-26","IGHJ3","CARDRGGYKFDPFDVW"
"Tetanus","Harvard","TT",TRUE,"human","GSE253857","GSE253857_BM_Tetanus_3_ACTTACTTCCACGTTC-1","IGKV3-15","IGKJ2","CQQYNNWPPPYTF","IGKV3-15","IGKJ2","CQQYNNWPPPYTF"
"Tetanus","Harvard","TT",TRUE,"human","GSE253857","GSE253857_BM_Tetanus_3_ACTTGTTGTCCGAACC-1","IGKV3-20","IGKJ1","CEQYGSSPRTF","IGKV3-20","IGKJ1","CEQYGSSPRTF"
"Tetanus","Harvard","TT",TRUE,"human","GSE253857","GSE253857_BM_Tetanus_3_AGAGCGATCACCGGGT-1","IGKV3-20","IGKJ3","CQQYGSPTGFIF","IGKV3-20","IGKJ3","CQQYGSPTGFIF"
"Tetanus","Harvard","TT",TRUE,"human","GSE253857","GSE253857_BM_Tetanus_3_AGAGTGGAGTGAATTG-1","IGLV10-54","IGLJ7","CAAWDSSLTVQLF","IGLV10-54","IGLJ7","CAAWDSSLTVQLF"
"Tetanus","Harvard","TT",TRUE,"human","GSE253857","GSE253857_BM_Tetanus_3_AGATTGCAGCTAGTGG-1","IGKV1D-39","IGKJ2","CHQIYATHTF","IGKV1D-39","IGKJ2","CHQIYATHTF"
"Tetanus","Harvard","TT",TRUE,"human","GSE253857","GSE253857_BM_Tetanus_3_AGATTGCCAAAGGAAG-1","IGKV3-15","IGKJ4","CQQYNNWPRLQPTF","IGKV3-15","IGKJ4","CQQYNNWPRLQPTF"
"Tetanus","Harvard","TT",TRUE,"human","GSE253857","GSE253857_BM_Tetanus_3_AGCAGCCAGCGTAATA-1","IGHV2-26","IGHJ5","CARIGGFSSTWYDFW","IGHV2-26","IGHJ5","CARIGGFSSTWYDFW"
"Tetanus","Harvard","TT",TRUE,"human","GSE253857","GSE253857_BM_Tetanus_3_AGCAGCCTCGACCAGC-1","IGLV2-14","IGLJ7","CSSYAASRTLVF","IGLV2-14","IGLJ7","CSSYAASRTLVF"
"Tetanus","Harvard","TT",TRUE,"human","GSE253857","GSE253857_BM_Tetanus_3_AGCGGTCTCACGCATA-1","IGKV2D-28","IGKJ2","CMQALQTPYTF","IGKV2D-28","IGKJ2","CMQALQTPYTF"
"Tetanus","Harvard","TT",TRUE,"human","GSE253857","GSE253857_BM_Tetanus_3_AGCGTATTCAACGGCC-1","IGHV4-31","IGHJ4","CARTTVVTKVFDYW","IGHV4-31","IGHJ4","CARTTVVTKVFDYW"
"Tetanus","Harvard","TT",TRUE,"human","GSE253857","GSE253857_BM_Tetanus_3_AGGGATGGTAAGTGGC-1","IGHV5-51","IGHJ4","CAKSGSVTDYYYLDSW","IGHV5-51","IGHJ4","CAKSGSVTDYYYLDSW"
"Tetanus","Harvard","TT",TRUE,"human","GSE253857","GSE253857_BM_Tetanus_3_AGTAGTCGTGTTTGGT-1","IGKV3-20","IGKJ1","CQHYGSPSWTF","IGKV3-20","IGKJ1","CQHYGSPSWTF"
"Tetanus","Harvard","TT",TRUE,"human","GSE253857","GSE253857_BM_Tetanus_3_AGTAGTCGTTCGTTGA-1","IGHV3-21","IGHJ4","CYGGDGYARADYW","IGHV3-21","IGHJ4","CYGGDGYARADYW"
"Tetanus","Harvard","TT",TRUE,"human","GSE253857","GSE253857_BM_Tetanus_3_AGTAGTCTCTATCCTA-1","IGHV1-69-2","IGHJ1","CTRALQSSGYYGPIGHW","IGHV1-69-2","IGHJ1","CTRALQSSGYYGPIGHW"
"Tetanus","Harvard","TT",TRUE,"human","GSE253857","GSE253857_BM_Tetanus_3_AGTGAGGGTCATTAGC-1","IGHV4-31","IGHJ6","CARVKGSTNFNYFYHMDVW","IGHV4-31","IGHJ6","CARVKGSTNFNYFYHMDVW"
"Tetanus","Harvard","TT",TRUE,"human","GSE253857","GSE253857_BM_Tetanus_3_AGTGGGAAGGAGCGTT-1","IGLV2-23","IGLJ7","CCSYVGGNNWVF","IGLV2-23","IGLJ7","CCSYVGGNNWVF"
"Tetanus","Harvard","TT",TRUE,"human","GSE253857","GSE253857_BM_Tetanus_3_AGTGGGACATCGATTG-1","IGKV3-11","IGKJ5","CQQRSNWLTF","IGKV3-11","IGKJ5","CQQRSNWLTF"
"Tetanus","Harvard","TT",TRUE,"human","GSE253857","GSE253857_BM_Tetanus_3_AGTGGGAGTCTAAACC-1","IGKV2-30","IGKJ2","CLQNIHWPGTF","IGKV2-30","IGKJ2","CLQNIHWPGTF"
"Tetanus","Harvard","TT",TRUE,"human","GSE253857","GSE253857_BM_Tetanus_3_AGTGTCAAGACCTTTG-1","IGKV3-15","IGKJ1","CQHYNNRPPWTF","IGKV3-15","IGKJ1","CQHYNNRPPWTF"
"Tetanus","Harvard","TT",TRUE,"human","GSE253857","GSE253857_BM_Tetanus_3_AGTGTCATCAAAGTAG-1","IGKV1-9","IGKJ1","CLQLNSYPRTF","IGKV1-9","IGKJ1","CLQLNSYPRTF"
"Tetanus","Harvard","TT",TRUE,"human","GSE253857","GSE253857_BM_Tetanus_3_AGTGTCATCGTCCGTT-1","IGHV3-11","IGHJ4","CGRAPHGSYSPGQDLW","IGHV3-11","IGHJ4","CGRAPHGSYSPGQDLW"
"Tetanus","Harvard","TT",TRUE,"human","GSE253857","GSE253857_BM_Tetanus_3_AGTTGGTGTTGAGTTC-1","IGKV2D-28","IGKJ4","CMQALQPPLTF","IGKV2D-28","IGKJ4","CMQALQPPLTF"
"Tetanus","Harvard","TT",TRUE,"human","GSE253857","GSE253857_BM_Tetanus_3_ATAAGAGGTCAGGACA-1","IGHV3-33","IGHJ4","CARDRGQFLALFEFW","IGHV3-33","IGHJ4","CARDRGQFLALFEFW"
"Tetanus","Harvard","TT",TRUE,"human","GSE253857","GSE253857_BM_Tetanus_3_ATCACGAGTCGCTTCT-1","IGHV4-4","IGHJ4","CVRRRTSSWDLDIW","IGHV4-4","IGHJ4","CVRRRTSSWDLDIW"
"Tetanus","Harvard","TT",TRUE,"human","GSE253857","GSE253857_BM_Tetanus_3_ATCATCTAGGATGGAA-1","IGHV3-48","IGHJ4","CARVYTSGWTPDYW","IGHV3-48","IGHJ4","CARVYTSGWTPDYW"
"Tetanus","Harvard","TT",TRUE,"human","GSE253857","GSE253857_BM_Tetanus_3_ATCATGGAGCGTCAAG-1","IGHV3-43","IGHJ6","CAKGAGRDTGVALLYDYYYYGLNVW","IGHV3-43","IGHJ6","CAKGAGRDTGVALLYDYYYYGLNVW"
"Tetanus","Harvard","TT",TRUE,"human","GSE253857","GSE253857_BM_Tetanus_3_ATCATGGGTACATGTC-1","IGKV2D-28","IGKJ4","CMQGLQTPLTF","IGKV2D-28","IGKJ4","CMQGLQTPLTF"
"Tetanus","Harvard","TT",TRUE,"human","GSE253857","GSE253857_BM_Tetanus_3_ATCATGGGTATTCTCT-1","IGHV3-23","IGHJ4","CVKDTIQSGTYYGEGDYW","IGHV3-23","IGHJ4","CVKDTIQSGTYYGEGDYW"
"Tetanus","Harvard","TT",TRUE,"human","GSE253857","GSE253857_BM_Tetanus_3_ATCATGGTCAACCAAC-1","IGLV3-19","IGLJ7","CGSRDSTGNYRLF","IGLV3-19","IGLJ7","CGSRDSTGNYRLF"
"Tetanus","Harvard","TT",TRUE,"human","GSE253857","GSE253857_BM_Tetanus_3_ATCATGGTCCAAAGTC-1","IGKV3-11","IGKJ4","CQQRTIWPPLTF","IGKV3-11","IGKJ4","CQQRTIWPPLTF"
"Tetanus","Harvard","TT",TRUE,"human","GSE253857","GSE253857_BM_Tetanus_3_ATCCGAAGTCGAAAGC-1","IGHV1-18","IGHJ6","CARDNQLQSPSYFHFYGMDVW","IGHV1-18","IGHJ6","CARDNQLQSPSYFHFYGMDVW"
"Tetanus","Harvard","TT",TRUE,"human","GSE253857","GSE253857_BM_Tetanus_3_ATGAGGGAGTAGATGT-1","IGKV1-8","IGKJ1","CQQGDTVLPWTF","IGKV1-8","IGKJ1","CQQGDTVLPWTF"
"Tetanus","Harvard","TT",TRUE,"human","GSE253857","GSE253857_BM_Tetanus_3_ATGGGAGAGACAGAGA-1","IGHV3-33","IGHJ4","CAKDRGGSSWYDLHSW","IGHV3-33","IGHJ4","CAKDRGGSSWYDLHSW"
"Tetanus","Harvard","TT",TRUE,"human","GSE253857","GSE253857_BM_Tetanus_3_ATGTGTGGTTCGCTAA-1","IGKV2D-28","IGKJ4","CMQALQPPLTF","IGKV2D-28","IGKJ4","CMQALQPPLTF"
"Tetanus","Harvard","TT",TRUE,"human","GSE253857","GSE253857_BM_Tetanus_3_ATTACTCGTTCCGTCT-1","IGHV1-3","IGHJ4","CARGTVTAIQGVLSDFDSW","IGHV1-3","IGHJ4","CARGTVTAIQGVLSDFDSW"
"Tetanus","Harvard","TT",TRUE,"human","GSE253857","GSE253857_BM_Tetanus_3_ATTATCCGTAAGGGCT-1","IGKV3-11","IGKJ4","CQQRSKWPTLTF","IGKV3-11","IGKJ4","CQQRSKWPTLTF"
"Tetanus","Harvard","TT",TRUE,"human","GSE253857","GSE253857_BM_Tetanus_3_CAACCAAAGAGTAATC-1","IGKV3-15","IGKJ1","CQQYNTWPPGGTF","IGKV3-15","IGKJ1","CQQYNTWPPGGTF"
"Tetanus","Harvard","TT",TRUE,"human","GSE253857","GSE253857_BM_Tetanus_3_CAACCAAGTATCACCA-1","IGHV3-15","IGHJ4","CLRYYGSGRQHFDYW","IGHV3-15","IGHJ4","CLRYYGSGRQHFDYW"
"Tetanus","Harvard","TT",TRUE,"human","GSE253857","GSE253857_BM_Tetanus_3_CAAGAAACATCGATGT-1","IGKV3-15","IGKJ1","CQQYNNWFWTF","IGKV3-15","IGKJ1","CQQYNNWFWTF"
"Tetanus","Harvard","TT",TRUE,"human","GSE253857","GSE253857_BM_Tetanus_3_CAAGATCCATATGAGA-1","IGHV4-61","IGHJ2","CARDRSYNSPDWYYDVW","IGHV4-61","IGHJ2","CARDRSYNSPDWYYDVW"
"Tetanus","Harvard","TT",TRUE,"human","GSE253857","GSE253857_BM_Tetanus_3_CAAGTTGAGCGTCTAT-1","IGHV3-23","IGHJ4","CAKDGDPRSYYALRFDLW","IGHV3-23","IGHJ4","CAKDGDPRSYYALRFDLW"
"Tetanus","Harvard","TT",TRUE,"human","GSE253857","GSE253857_BM_Tetanus_3_CAAGTTGTCCGGCACA-1","IGHV3-23","IGHJ5","CARTYCGGDCHNLDPGGWFDPW","IGHV3-23","IGHJ5","CARTYCGGDCHNLDPGGWFDPW"
"Tetanus","Harvard","TT",TRUE,"human","GSE253857","GSE253857_BM_Tetanus_3_CACATAGTCTCTGAGA-1","IGLV3-1","IGLJ7","CQACDISSYVF","IGLV3-1","IGLJ7","CQACDISSYVF"
"Tetanus","Harvard","TT",TRUE,"human","GSE253857","GSE253857_BM_Tetanus_3_CACTCCAAGTTCGCAT-1","IGHV4-34","IGHJ4","CVGSSSAGFDYW","IGHV4-34","IGHJ4","CVGSSSAGFDYW"
"Tetanus","Harvard","TT",TRUE,"human","GSE253857","GSE253857_BM_Tetanus_3_CACTCCACACTACAGT-1","IGLV2-14","IGLJ7","CTSYGSSIPVVF","IGLV2-14","IGLJ7","CTSYGSSIPVVF"
"Tetanus","Harvard","TT",TRUE,"human","GSE253857","GSE253857_BM_Tetanus_3_CACTCCAGTTAAAGTG-1","IGKV1-12","IGKJ4","CQQANSFPPTF","IGKV1-12","IGKJ4","CQQANSFPPTF"
"Tetanus","Harvard","TT",TRUE,"human","GSE253857","GSE253857_BM_Tetanus_3_CAGCCGACACGTAAGG-1","IGHV3-43","IGHJ6","CVKDLLRSHSYSSSDTSYYGMDVW","IGHV3-43","IGHJ6","CVKDLLRSHSYSSSDTSYYGMDVW"
"Tetanus","Harvard","TT",TRUE,"human","GSE253857","GSE253857_BM_Tetanus_3_CAGCTAAGTACAAGTA-1","IGHV4-61","IGHJ6","CARVWIAGWSYSYYGMDVW","IGHV4-61","IGHJ6","CARVWIAGWSYSYYGMDVW"
"Tetanus","Harvard","TT",TRUE,"human","GSE253857","GSE253857_BM_Tetanus_3_CAGCTGGCAATAGCGG-1","IGLV2-14","IGLJ7","CSSYTSSNSLFWVF","IGLV2-14","IGLJ7","CSSYTSSNSLFWVF"
"Tetanus","Harvard","TT",TRUE,"human","GSE253857","GSE253857_BM_Tetanus_3_CAGGTGCCATGCCTAA-1","IGKV1D-39","IGKJ1","CQQSYSTPWTF","IGKV1D-39","IGKJ1","CQQSYSTPWTF"
"Tetanus","Harvard","TT",TRUE,"human","GSE253857","GSE253857_BM_Tetanus_3_CAGTCCTGTGCACTTA-1","IGKV1-39","IGKJ4","CQQGSTIPLAF","IGKV1-39","IGKJ4","CQQGSTIPLAF"
"Tetanus","Harvard","TT",TRUE,"human","GSE253857","GSE253857_BM_Tetanus_3_CATATTCGTGGAAAGA-1","IGKV1-33","IGKJ3","CQESFTF","IGKV1-33","IGKJ3","CQESFTF"
"Tetanus","Harvard","TT",TRUE,"human","GSE253857","GSE253857_BM_Tetanus_3_CATCGAATCTCGCTTG-1","IGKV1D-39","IGKJ1","CQQSYTTPRTF","IGKV1D-39","IGKJ1","CQQSYTTPRTF"
"Tetanus","Harvard","TT",TRUE,"human","GSE253857","GSE253857_BM_Tetanus_3_CATCGGGCAATGGATA-1","IGHV3-23","IGHJ6","CAKGAQGWQQLYRDSYIYGMDVW","IGHV3-23","IGHJ6","CAKGAQGWQQLYRDSYIYGMDVW"
"Tetanus","Harvard","TT",TRUE,"human","GSE253857","GSE253857_BM_Tetanus_3_CATCGGGTCATTCACT-1","IGKV4-1","IGKJ2","CQQYYTTPYTF","IGKV4-1","IGKJ2","CQQYYTTPYTF"
"Tetanus","Harvard","TT",TRUE,"human","GSE253857","GSE253857_BM_Tetanus_3_CATGACAAGAATAGGG-1","IGKV1-39","IGKJ5","CQQSYSMLKITF","IGKV1-39","IGKJ5","CQQSYSMLKITF"
"Tetanus","Harvard","TT",TRUE,"human","GSE253857","GSE253857_BM_Tetanus_3_CATGACATCATTGCGA-1","IGHV3-33","IGHJ5","CARPHANWPMPLFNFFDPW","IGHV3-33","IGHJ5","CARPHANWPMPLFNFFDPW"
"Tetanus","Harvard","TT",TRUE,"human","GSE253857","GSE253857_BM_Tetanus_3_CATTATCCAATTCCTT-1","IGKV3-20","IGKJ1","CQQYESSPPTF","IGKV3-20","IGKJ1","CQQYESSPPTF"
"Tetanus","Harvard","TT",TRUE,"human","GSE253857","GSE253857_BM_Tetanus_3_CATTCGCAGCGTTGCC-1","IGHV3-30","IGHJ4","CAKVSWGGNSVAIYFDHW","IGHV3-30","IGHJ4","CAKVSWGGNSVAIYFDHW"
"Tetanus","Harvard","TT",TRUE,"human","GSE253857","GSE253857_BM_Tetanus_3_CCACCTAAGATGTAAC-1","IGLV1-40","IGLJ7","CQSYDSGLSGSKVF","IGLV1-40","IGLJ7","CQSYDSGLSGSKVF"
"Tetanus","Harvard","TT",TRUE,"human","GSE253857","GSE253857_BM_Tetanus_3_CCACGGACATTCTCAT-1","IGHV3-30","IGHJ4","CAKDLAYTRVILTNW","IGHV3-30","IGHJ4","CAKDLAYTRVILTNW"
"Tetanus","Harvard","TT",TRUE,"human","GSE253857","GSE253857_BM_Tetanus_3_CCACGGAGTGTGAATA-1","IGKV3-11","IGKJ1","CHQRSMWPWTF","IGKV3-11","IGKJ1","CHQRSMWPWTF"
"Tetanus","Harvard","TT",TRUE,"human","GSE253857","GSE253857_BM_Tetanus_3_CCACTACTCTCTTGAT-1","IGKV3-15","IGKJ1","CQQYNNWPPWTF","IGKV3-15","IGKJ1","CQQYNNWPPWTF"
"Tetanus","Harvard","TT",TRUE,"human","GSE253857","GSE253857_BM_Tetanus_3_CCAGCGAGTAACGCGA-1","IGKV3-20","IGKJ2","CQQYVSSPPTF","IGKV3-20","IGKJ2","CQQYVSSPPTF"
"Tetanus","Harvard","TT",TRUE,"human","GSE253857","GSE253857_BM_Tetanus_3_CCATTCGTCCTACAGA-1","IGKV3-20","IGKJ1","CQQYGSSFRTF","IGKV3-20","IGKJ1","CQQYGSSFRTF"
"Tetanus","Harvard","TT",TRUE,"human","GSE253857","GSE253857_BM_Tetanus_3_CCTAAAGGTTTAGGAA-1","IGKV3-11","IGKJ5","CQHRNNWPRVIF","IGKV3-11","IGKJ5","CQHRNNWPRVIF"
"Tetanus","Harvard","TT",TRUE,"human","GSE253857","GSE253857_BM_Tetanus_3_CCTAAAGTCGTGGGAA-1","IGHV4-31","IGHJ6","CARTSPGYSSSLYNYHYGMDAW","IGHV4-31","IGHJ6","CARTSPGYSSSLYNYHYGMDAW"
"Tetanus","Harvard","TT",TRUE,"human","GSE253857","GSE253857_BM_Tetanus_3_CCTACCATCCGCGTTT-1","IGHV1-46","IGHJ5","CARERGIVPYSVAWLNRFDPW","IGHV1-46","IGHJ5","CARERGIVPYSVAWLNRFDPW"
"Tetanus","Harvard","TT",TRUE,"human","GSE253857","GSE253857_BM_Tetanus_3_CCTTCCCAGTATGACA-1","IGHV3-53","IGHJ4","CARGPIVGVTGDHW","IGHV3-53","IGHJ4","CARGPIVGVTGDHW"
"Tetanus","Harvard","TT",TRUE,"human","GSE253857","GSE253857_BM_Tetanus_3_CCTTCCCCATGTAAGA-1","IGKV3-11","IGKJ4","CQQRRDWPRLAF","IGKV3-11","IGKJ4","CQQRRDWPRLAF"
"Tetanus","Harvard","TT",TRUE,"human","GSE253857","GSE253857_BM_Tetanus_3_CCTTCGAAGGAACTGC-1","IGKV3-20","IGKJ4","CQTYGGPPPDLTF","IGKV3-20","IGKJ4","CQTYGGPPPDLTF"
"Tetanus","Harvard","TT",TRUE,"human","GSE253857","GSE253857_BM_Tetanus_3_CCTTCGAGTACATCCA-1","IGHV3-33","IGHJ4","CTGDPPQSGYAFDCW","IGHV3-33","IGHJ4","CTGDPPQSGYAFDCW"
"Tetanus","Harvard","TT",TRUE,"human","GSE253857","GSE253857_BM_Tetanus_3_CCTTCGAGTAGGGTAC-1","IGHV3-23","IGHJ6","CVKSLGTIREPGITVFGGSYYYYCMDVW","IGHV3-23","IGHJ6","CVKSLGTIREPGITVFGGSYYYYCMDVW"
"Tetanus","Harvard","TT",TRUE,"human","GSE253857","GSE253857_BM_Tetanus_3_CGAACATCAAGAGGCT-1","IGKV1D-39","IGKJ1","CQQTFSSHWTF","IGKV1D-39","IGKJ1","CQQTFSSHWTF"
"Tetanus","Harvard","TT",TRUE,"human","GSE253857","GSE253857_BM_Tetanus_3_CGAATGTCACCCAGTG-1","IGKV1-5","IGKJ1","CQQYNSGWTF","IGKV1-5","IGKJ1","CQQYNSGWTF"
"Tetanus","Harvard","TT",TRUE,"human","GSE253857","GSE253857_BM_Tetanus_3_CGAGCCAGTCTTGCGG-1","IGHV3-53","IGHJ6","CARLNSWYDWMLYYPMDVW","IGHV3-53","IGHJ6","CARLNSWYDWMLYYPMDVW"
"Tetanus","Harvard","TT",TRUE,"human","GSE253857","GSE253857_BM_Tetanus_3_CGATGTAAGCGTGTCC-1","IGKV3-20","IGKJ1","CQQYGSSPWTF","IGKV3-20","IGKJ1","CQQYGSSPWTF"
"Tetanus","Harvard","TT",TRUE,"human","GSE253857","GSE253857_BM_Tetanus_3_CGATGTATCATGTCTT-1","IGKV1-9","IGKJ2","CQHLNSFPYTF","IGKV1-9","IGKJ2","CQHLNSFPYTF"
"Tetanus","Harvard","TT",TRUE,"human","GSE253857","GSE253857_BM_Tetanus_3_CGCGGTAGTCGAATCT-1","IGKV1-33","IGKJ4","CHYFPVF","IGKV1-33","IGKJ4","CHYFPVF"
"Tetanus","Harvard","TT",TRUE,"human","GSE253857","GSE253857_BM_Tetanus_3_CGCTATCCATAAGACA-1","IGLV2-23","IGLJ6","CCSYAGSSTLVF","IGLV2-23","IGLJ6","CCSYAGSSTLVF"
"Tetanus","Harvard","TT",TRUE,"human","GSE253857","GSE253857_BM_Tetanus_3_CGGACACTCTCTGAGA-1","IGKV3-11","IGKJ3","CQQRSNWPPEITF","IGKV3-11","IGKJ3","CQQRSNWPPEITF"
"Tetanus","Harvard","TT",TRUE,"human","GSE253857","GSE253857_BM_Tetanus_3_CGGACTGAGCTATGCT-1","IGKV1D-39","IGKJ3","CQQHHIFPFTF","IGKV1D-39","IGKJ3","CQQHHIFPFTF"
"Tetanus","Harvard","TT",TRUE,"human","GSE253857","GSE253857_BM_Tetanus_3_CGGCTAGTCGCATGGC-1","IGKV1-5","IGKJ2","CQQYNGYRYTF","IGKV1-5","IGKJ2","CQQYNGYRYTF"
"Tetanus","Harvard","TT",TRUE,"human","GSE253857","GSE253857_BM_Tetanus_3_CGGGTCAAGCTGAACG-1","IGKV1-5","IGKJ2","CQQYNKGSTF","IGKV1-5","IGKJ2","CQQYNKGSTF"
"Tetanus","Harvard","TT",TRUE,"human","GSE253857","GSE253857_BM_Tetanus_3_CGTAGCGAGCAGGTCA-1","IGHV3-43","IGHJ6","CAKDQLVADCSAGSCYSGLGMDVW","IGHV3-43","IGHJ6","CAKDQLVADCSAGSCYSGLGMDVW"
"Tetanus","Harvard","TT",TRUE,"human","GSE253857","GSE253857_BM_Tetanus_3_CGTAGCGGTGTGCCTG-1","IGHV3-33","IGHJ6","CARDPGRGYCSGPNCHSFSFYYYGADVW","IGHV3-33","IGHJ6","CARDPGRGYCSGPNCHSFSFYYYGADVW"
"Tetanus","Harvard","TT",TRUE,"human","GSE253857","GSE253857_BM_Tetanus_3_CGTCTACTCCCTTGCA-1","IGHV3-23","IGHJ5","CAKGPNYDFWKMRWFDAW","IGHV3-23","IGHJ5","CAKGPNYDFWKMRWFDAW"
"Tetanus","Harvard","TT",TRUE,"human","GSE253857","GSE253857_BM_Tetanus_3_CGTGTAAGTCAAACTC-1","IGLV1-44","IGLJ7","CETWDDSLNGLVF","IGLV1-44","IGLJ7","CETWDDSLNGLVF"
"Tetanus","Harvard","TT",TRUE,"human","GSE253857","GSE253857_BM_Tetanus_3_CGTGTAAGTCACACGC-1","IGKV4-1","IGKJ5","CQQYYSTPITF","IGKV4-1","IGKJ5","CQQYYSTPITF"
"Tetanus","Harvard","TT",TRUE,"human","GSE253857","GSE253857_BM_Tetanus_3_CGTTCTGTCACTTATC-1","IGHV4-34","IGHJ4","CARGQFHSGWFFEYW","IGHV4-34","IGHJ4","CARGQFHSGWFFEYW"
"Tetanus","Harvard","TT",TRUE,"human","GSE253857","GSE253857_BM_Tetanus_3_CGTTGGGAGTCTTGCA-1","IGKV3-11","IGKJ3","CQLRTNTWPPLFTF","IGKV3-11","IGKJ3","CQLRTNTWPPLFTF"
"Tetanus","Harvard","TT",TRUE,"human","GSE253857","GSE253857_BM_Tetanus_3_CTAACTTCATGAACCT-1","IGKV1-5","IGKJ3","CQQFDSYPLSF","IGKV1-5","IGKJ3","CQQFDSYPLSF"
"Tetanus","Harvard","TT",TRUE,"human","GSE253857","GSE253857_BM_Tetanus_3_CTAACTTTCACGACTA-1","IGLV1-40","IGLJ7","CQSYDSSLSGSVVF","IGLV1-40","IGLJ7","CQSYDSSLSGSVVF"
"Tetanus","Harvard","TT",TRUE,"human","GSE253857","GSE253857_BM_Tetanus_3_CTAAGACGTATATCCG-1","IGKV1-5","IGKJ3","CQHYNGFSTF","IGKV1-5","IGKJ3","CQHYNGFSTF"
"Tetanus","Harvard","TT",TRUE,"human","GSE253857","GSE253857_BM_Tetanus_3_CTAATGGGTCACACGC-1","IGHV3-30","IGHJ6","CAKASIGLCTGGSCVGMDVW","IGHV3-30","IGHJ6","CAKASIGLCTGGSCVGMDVW"
"Tetanus","Harvard","TT",TRUE,"human","GSE253857","GSE253857_BM_Tetanus_3_CTACACCAGCTGCGAA-1","IGKV1D-39","IGKJ2","CQQSYGLPHTF","IGKV1D-39","IGKJ2","CQQSYGLPHTF"
"Tetanus","Harvard","TT",TRUE,"human","GSE253857","GSE253857_BM_Tetanus_3_CTACATTTCCCTAATT-1","IGLV3-19","IGLJ7","CNSRDNSNDALYVF","IGLV3-19","IGLJ7","CNSRDNSNDALYVF"
"Tetanus","Harvard","TT",TRUE,"human","GSE253857","GSE253857_BM_Tetanus_3_CTACGTCCACCGCTAG-1","IGKV4-1","IGKJ1","CHQYYSTPWTF","IGKV4-1","IGKJ1","CHQYYSTPWTF"
"Tetanus","Harvard","TT",TRUE,"human","GSE253857","GSE253857_BM_Tetanus_3_CTACGTCGTCAGAAGC-1","IGLV3-21","IGLJ7","CQVWDNHYDHVVF","IGLV3-21","IGLJ7","CQVWDNHYDHVVF"
"Tetanus","Harvard","TT",TRUE,"human","GSE253857","GSE253857_BM_Tetanus_3_CTACGTCTCGCAAGCC-1","IGHV3-7","IGHJ4","CARDCSWSCYNW","IGHV3-7","IGHJ4","CARDCSWSCYNW"
"Tetanus","Harvard","TT",TRUE,"human","GSE253857","GSE253857_BM_Tetanus_3_CTAGCCTAGGTAAACT-1","IGKV2D-28","IGKJ1","CVQGLQTPWTF","IGKV2D-28","IGKJ1","CVQGLQTPWTF"
"Tetanus","Harvard","TT",TRUE,"human","GSE253857","GSE253857_BM_Tetanus_3_CTAGTGAGTCGCCATG-1","IGLV2-14","IGLJ7","CSSYTSSNPRVF","IGLV2-14","IGLJ7","CSSYTSSNPRVF"
"Tetanus","Harvard","TT",TRUE,"human","GSE253857","GSE253857_BM_Tetanus_3_CTCACACCATGGGAAC-1","IGHV3-23","IGHJ4","CVKDRPNYYDSSGTKGCFDYW","IGHV3-23","IGHJ4","CVKDRPNYYDSSGTKGCFDYW"
"Tetanus","Harvard","TT",TRUE,"human","GSE253857","GSE253857_BM_Tetanus_3_CTCAGAACACAGCGTC-1","IGHV3-30","IGHJ4","CARGRWLMEYW","IGHV3-30","IGHJ4","CARGRWLMEYW"
"Tetanus","Harvard","TT",TRUE,"human","GSE253857","GSE253857_BM_Tetanus_3_CTCATTATCTGCAAGT-1","IGHV3-33","IGHJ4","CAREGSDFWSGNEFW","IGHV3-33","IGHJ4","CAREGSDFWSGNEFW"
"Tetanus","Harvard","TT",TRUE,"human","GSE253857","GSE253857_BM_Tetanus_3_CTCGAGGTCAGCGACC-1","IGKV4-1","IGKJ4","CQQHYSMPLTF","IGKV4-1","IGKJ4","CQQHYSMPLTF"
"Tetanus","Harvard","TT",TRUE,"human","GSE253857","GSE253857_BM_Tetanus_3_CTCGGGAAGCTCCTTC-1","IGHV3-23","IGHJ4","CAKGDDYDSSGYYLW","IGHV3-23","IGHJ4","CAKGDDYDSSGYYLW"
"Tetanus","Harvard","TT",TRUE,"human","GSE253857","GSE253857_BM_Tetanus_3_CTCGGGAAGGAATCGC-1","IGKV1-33","IGKJ2","CQNYKNIPLYTF","IGKV1-33","IGKJ2","CQNYKNIPLYTF"
"Tetanus","Harvard","TT",TRUE,"human","GSE253857","GSE253857_BM_Tetanus_3_CTCGTACCAAGCCCAC-1","IGKV1-33","IGKJ4","CQQYDHFLTF","IGKV1-33","IGKJ4","CQQYDHFLTF"
"Tetanus","Harvard","TT",TRUE,"human","GSE253857","GSE253857_BM_Tetanus_3_CTCGTACTCAAGATCC-1","IGKV2D-29","IGKJ1","CMHSVQSPWTF","IGKV2D-29","IGKJ1","CMHSVQSPWTF"
"Tetanus","Harvard","TT",TRUE,"human","GSE253857","GSE253857_BM_Tetanus_3_CTCTGGTCAACAACCT-1","IGLV3-25","IGLJ6","CQSADSSGSYPYVF","IGLV3-25","IGLJ6","CQSADSSGSYPYVF"
"Tetanus","Harvard","TT",TRUE,"human","GSE253857","GSE253857_BM_Tetanus_3_CTCTGGTTCCTGCCAT-1","IGKV3-11","IGKJ4","CQQRADWPPSTF","IGKV3-11","IGKJ4","CQQRADWPPSTF"
"Tetanus","Harvard","TT",TRUE,"human","GSE253857","GSE253857_BM_Tetanus_3_CTGAAACAGCAATCTC-1","IGHV1-3","IGHJ4","CARSFCSRPSCEMAFW","IGHV1-3","IGHJ4","CARSFCSRPSCEMAFW"
"Tetanus","Harvard","TT",TRUE,"human","GSE253857","GSE253857_BM_Tetanus_3_CTGAAGTGTACGAAAT-1","IGHV1-2","IGHJ4","CARGQSTQSGALKGLFDTW","IGHV1-2","IGHJ4","CARGQSTQSGALKGLFDTW"
"Tetanus","Harvard","TT",TRUE,"human","GSE253857","GSE253857_BM_Tetanus_3_CTGATCCAGATGTGTA-1","IGHV3-53","IGHJ6","CARDRKYDVIYYYYYYGMDVW","IGHV3-53","IGHJ6","CARDRKYDVIYYYYYYGMDVW"
"Tetanus","Harvard","TT",TRUE,"human","GSE253857","GSE253857_BM_Tetanus_3_CTGATCCCACGGCCAT-1","IGHV1-3","IGHJ5","CARAGGRSWLDPW","IGHV1-3","IGHJ5","CARAGGRSWLDPW"
"Tetanus","Harvard","TT",TRUE,"human","GSE253857","GSE253857_BM_Tetanus_3_CTGCCTAAGTAACCCT-1","IGHV4-61","IGHJ5","CARGERSCSSTSCPFGFDPW","IGHV4-61","IGHJ5","CARGERSCSSTSCPFGFDPW"
"Tetanus","Harvard","TT",TRUE,"human","GSE253857","GSE253857_BM_Tetanus_3_CTGCCTAGTTTGGCGC-1","IGKV1D-39","IGKJ1","CQQSHSFPQTF","IGKV1D-39","IGKJ1","CQQSHSFPQTF"
"Tetanus","Harvard","TT",TRUE,"human","GSE253857","GSE253857_BM_Tetanus_3_CTGCTGTAGTTCGCAT-1","IGHV4-31","IGHJ4","CARRARFYYGDYNHYFDYW","IGHV4-31","IGHJ4","CARRARFYYGDYNHYFDYW"
"Tetanus","Harvard","TT",TRUE,"human","GSE253857","GSE253857_BM_Tetanus_3_CTGCTGTCACGAAATA-1","IGKV1-5","IGKJ1","CHQYYSYSTF","IGKV1-5","IGKJ1","CHQYYSYSTF"
"Tetanus","Harvard","TT",TRUE,"human","GSE253857","GSE253857_BM_Tetanus_3_CTGCTGTGTTGATTCG-1","IGHV1-3","IGHJ5","CARGLERYSRVVGGEHWFDPW","IGHV1-3","IGHJ5","CARGLERYSRVVGGEHWFDPW"
"Tetanus","Harvard","TT",TRUE,"human","GSE253857","GSE253857_BM_Tetanus_3_CTGTGCTCACTAGTAC-1","IGHV3-23","IGHJ5","CAKHITMVQGFIMDNWFDPW","IGHV3-23","IGHJ5","CAKHITMVQGFIMDNWFDPW"
"Tetanus","Harvard","TT",TRUE,"human","GSE253857","GSE253857_BM_Tetanus_3_CTGTTTAAGATGTGTA-1","IGHV3-30","IGHJ4","CAQWMGASTLDHW","IGHV3-30","IGHJ4","CAQWMGASTLDHW"
"Tetanus","Harvard","TT",TRUE,"human","GSE253857","GSE253857_BM_Tetanus_3_CTTAACTAGGACAGCT-1","IGKV1D-39","IGKJ4","CQQSYSTPLTF","IGKV1D-39","IGKJ4","CQQSYSTPLTF"
"Tetanus","Harvard","TT",TRUE,"human","GSE253857","GSE253857_BM_Tetanus_3_CTTACCGAGTCCATAC-1","IGKV1-33","IGKJ4","CQQHHFLPGF","IGKV1-33","IGKJ4","CQQHHFLPGF"
"Tetanus","Harvard","TT",TRUE,"human","GSE253857","GSE253857_BM_Tetanus_3_CTTACCGTCATCGCTC-1","IGHV1-2","IGHJ4","CAKDGDSTGALRAATGLGFW","IGHV1-2","IGHJ4","CAKDGDSTGALRAATGLGFW"
"Tetanus","Harvard","TT",TRUE,"human","GSE253857","GSE253857_BM_Tetanus_3_CTTAGGACACGACGAA-1","IGHV3-21","IGHJ3","CAREKLGTGAFDIW","IGHV3-21","IGHJ3","CAREKLGTGAFDIW"
"Tetanus","Harvard","TT",TRUE,"human","GSE253857","GSE253857_BM_Tetanus_3_CTTTGCGCAAGGGTCA-1","IGKV1-5","IGKJ2","CQQYNGYPFTF","IGKV1-5","IGKJ2","CQQYNGYPFTF"
"Tetanus","Harvard","TT",TRUE,"human","GSE253857","GSE253857_BM_Tetanus_3_GAAACTCCACAACTGT-1","IGLV8-61","IGLJ7","CVLYMGSGIYVF","IGLV8-61","IGLJ7","CVLYMGSGIYVF"
"Tetanus","Harvard","TT",TRUE,"human","GSE253857","GSE253857_BM_Tetanus_3_GAAATGAAGTCTCAAC-1","IGHV2-5","IGHJ6","CAHFVVTLFGVPRTMDVW","IGHV2-5","IGHJ6","CAHFVVTLFGVPRTMDVW"
"Tetanus","Harvard","TT",TRUE,"human","GSE253857","GSE253857_BM_Tetanus_3_GAACATCTCACGCATA-1","IGKV1-39","IGKJ4","CQQSNSSPLTF","IGKV1-39","IGKJ4","CQQSNSSPLTF"
"Tetanus","Harvard","TT",TRUE,"human","GSE253857","GSE253857_BM_Tetanus_3_GAACCTACAAAGTGCG-1","IGKV1-9","IGKJ4","CQHLNTFPLTF","IGKV1-9","IGKJ4","CQHLNTFPLTF"
"Tetanus","Harvard","TT",TRUE,"human","GSE253857","GSE253857_BM_Tetanus_3_GAATGAATCAGCTCTC-1","IGHV4-31","IGHJ4","CAMRNRGWARPFGLW","IGHV4-31","IGHJ4","CAMRNRGWARPFGLW"
"Tetanus","Harvard","TT",TRUE,"human","GSE253857","GSE253857_BM_Tetanus_3_GACACGCAGGTACTCT-1","IGKV1D-39","IGKJ2","CQQSYRKYTF","IGKV1D-39","IGKJ2","CQQSYRKYTF"
"Tetanus","Harvard","TT",TRUE,"human","GSE253857","GSE253857_BM_Tetanus_3_GACACGCGTCCTAGCG-1","IGLV1-40","IGLJ7","CQSSDNNLGAFRVF","IGLV1-40","IGLJ7","CQSSDNNLGAFRVF"
"Tetanus","Harvard","TT",TRUE,"human","GSE253857","GSE253857_BM_Tetanus_3_GACCTGGTCAGGATCT-1","IGHV3-33","IGHJ4","CARDLEKRASNYGGAMDFW","IGHV3-33","IGHJ4","CARDLEKRASNYGGAMDFW"
"Tetanus","Harvard","TT",TRUE,"human","GSE253857","GSE253857_BM_Tetanus_3_GAGCAGAAGGGTTTCT-1","IGKV3-11","IGKJ2","CQQRTNWPITF","IGKV3-11","IGKJ2","CQQRTNWPITF"
"Tetanus","Harvard","TT",TRUE,"human","GSE253857","GSE253857_BM_Tetanus_3_GAGCAGAGTCACTGGC-1","IGLV3-25","IGLJ7","CQAVDSSGSPDWLF","IGLV3-25","IGLJ7","CQAVDSSGSPDWLF"
"Tetanus","Harvard","TT",TRUE,"human","GSE253857","GSE253857_BM_Tetanus_3_GAGCAGATCGCCAGCA-1","IGHV3-48","IGHJ6","CARGLYSRGWYFNGMDVW","IGHV3-48","IGHJ6","CARGLYSRGWYFNGMDVW"
"Tetanus","Harvard","TT",TRUE,"human","GSE253857","GSE253857_BM_Tetanus_3_GAGTCCGAGAAGGACA-1","IGHV3-48","IGHJ4","CAASSVQGPFW","IGHV3-48","IGHJ4","CAASSVQGPFW"
"Tetanus","Harvard","TT",TRUE,"human","GSE253857","GSE253857_BM_Tetanus_3_GATCGCGTCATGTCTT-1","IGKV1-33","IGKJ4","CHYFPVF","IGKV1-33","IGKJ4","CHYFPVF"
"Tetanus","Harvard","TT",TRUE,"human","GSE253857","GSE253857_BM_Tetanus_3_GATGAAAGTACTTAGC-1","IGHV3-7","IGHJ4","CARDGWGGYLEYW","IGHV3-7","IGHJ4","CARDGWGGYLEYW"
"Tetanus","Harvard","TT",TRUE,"human","GSE253857","GSE253857_BM_Tetanus_3_GATGAAAGTCTCCACT-1","IGKV1D-39","IGKJ4","CQQSFSALLTF","IGKV1D-39","IGKJ4","CQQSFSALLTF"
"Tetanus","Harvard","TT",TRUE,"human","GSE253857","GSE253857_BM_Tetanus_3_GATGCTAGTTCCTCCA-1","IGHV4-39","IGHJ5","CARLNDRNYVGGFDPW","IGHV4-39","IGHJ5","CARLNDRNYVGGFDPW"
"Tetanus","Harvard","TT",TRUE,"human","GSE253857","GSE253857_BM_Tetanus_3_GCAAACTAGTCTCGGC-1","IGKV1-33","IGKJ3","CQQYGNVPFTF","IGKV1-33","IGKJ3","CQQYGNVPFTF"
"Tetanus","Harvard","TT",TRUE,"human","GSE253857","GSE253857_BM_Tetanus_3_GCAGTTAAGACCTAGG-1","IGKV3-20","IGKJ5","CHQYGFSSTF","IGKV3-20","IGKJ5","CHQYGFSSTF"
"Tetanus","Harvard","TT",TRUE,"human","GSE253857","GSE253857_BM_Tetanus_3_GCATACACAAGTCATC-1","IGKV2D-28","IGKJ4","CMQAVDTPFTF","IGKV2D-28","IGKJ4","CMQAVDTPFTF"
"Tetanus","Harvard","TT",TRUE,"human","GSE253857","GSE253857_BM_Tetanus_3_GCATGCGCAAGAAGAG-1","IGHV3-7","IGHJ4","CARDRAYSAHDVW","IGHV3-7","IGHJ4","CARDRAYSAHDVW"
"Tetanus","Harvard","TT",TRUE,"human","GSE253857","GSE253857_BM_Tetanus_3_GCATGCGGTTACGCGC-1","IGHV3-23","IGHJ4","CAKDYRLTYYYDTSGSSPIDYW","IGHV3-23","IGHJ4","CAKDYRLTYYYDTSGSSPIDYW"
"Tetanus","Harvard","TT",TRUE,"human","GSE253857","GSE253857_BM_Tetanus_3_GCATGCGTCAGGCGAA-1","IGKV2D-28","IGKJ1","CMQALQLTRTF","IGKV2D-28","IGKJ1","CMQALQLTRTF"
"Tetanus","Harvard","TT",TRUE,"human","GSE253857","GSE253857_BM_Tetanus_3_GCATGTAAGTCCGTAT-1","IGKV1D-39","IGKJ4","CQQGYSTLIF","IGKV1D-39","IGKJ4","CQQGYSTLIF"
"Tetanus","Harvard","TT",TRUE,"human","GSE253857","GSE253857_BM_Tetanus_3_GCATGTAAGTGGTCCC-1","IGHV4-34","IGHJ3","CARDPPWAVAGTGAFDIW","IGHV4-34","IGHJ3","CARDPPWAVAGTGAFDIW"
"Tetanus","Harvard","TT",TRUE,"human","GSE253857","GSE253857_BM_Tetanus_3_GCCTCTAAGCGTGTCC-1","IGKV3-20","IGKJ1","CQQGSDALWTF","IGKV3-20","IGKJ1","CQQGSDALWTF"
"Tetanus","Harvard","TT",TRUE,"human","GSE253857","GSE253857_BM_Tetanus_3_GCCTCTATCACAATGC-1","IGHV5-51","IGHJ4","CARQPYSSGWPKGGIDYW","IGHV5-51","IGHJ4","CARQPYSSGWPKGGIDYW"
"Tetanus","Harvard","TT",TRUE,"human","GSE253857","GSE253857_BM_Tetanus_3_GCGACCAAGTATTGGA-1","IGHV4-39","IGHJ1","CATDGPTTYSSSWYLQHW","IGHV4-39","IGHJ1","CATDGPTTYSSSWYLQHW"
"Tetanus","Harvard","TT",TRUE,"human","GSE253857","GSE253857_BM_Tetanus_3_GCGCCAATCTTACCTA-1","IGLV2-14","IGLJ7","CIAYIGTYTLVF","IGLV2-14","IGLJ7","CIAYIGTYTLVF"
"Tetanus","Harvard","TT",TRUE,"human","GSE253857","GSE253857_BM_Tetanus_3_GCGCGATCAATGTTGC-1","IGKV1D-39","IGKJ1","CQQTYSSPPTF","IGKV1D-39","IGKJ1","CQQTYSSPPTF"
"Tetanus","Harvard","TT",TRUE,"human","GSE253857","GSE253857_BM_Tetanus_3_GCGCGATTCCTCAATT-1","IGHV1-2","IGHJ6","CARDPAIHYYYYTMDIW","IGHV1-2","IGHJ6","CARDPAIHYYYYTMDIW"
"Tetanus","Harvard","TT",TRUE,"human","GSE253857","GSE253857_BM_Tetanus_3_GCGGGTTAGGAGTACC-1","IGHV3-23","IGHJ5","CAKDSYFDISATNWFDSW","IGHV3-23","IGHJ5","CAKDSYFDISATNWFDSW"
"Tetanus","Harvard","TT",TRUE,"human","GSE253857","GSE253857_BM_Tetanus_3_GCTCCTAAGCTAGTTC-1","IGKV1-5","IGKJ2","CQQYETSPYTF","IGKV1-5","IGKJ2","CQQYETSPYTF"
"Tetanus","Harvard","TT",TRUE,"human","GSE253857","GSE253857_BM_Tetanus_3_GCTCCTACAAGTTCTG-1","IGKV1D-39","IGKJ4","CQQSYSMPHTF","IGKV1D-39","IGKJ4","CQQSYSMPHTF"
"Tetanus","Harvard","TT",TRUE,"human","GSE253857","GSE253857_BM_Tetanus_3_GCTTGAAGTACGCTGC-1","IGKV3-20","IGKJ2","CQHYGSSPPYTF","IGKV3-20","IGKJ2","CQHYGSSPPYTF"
"Tetanus","Harvard","TT",TRUE,"human","GSE253857","GSE253857_BM_Tetanus_3_GGAAAGCCATCACGTA-1","IGKV1-5","IGKJ2","CQQYNSYSRVF","IGKV1-5","IGKJ2","CQQYNSYSRVF"
"Tetanus","Harvard","TT",TRUE,"human","GSE253857","GSE253857_BM_Tetanus_3_GGAAAGCTCTGCGTAA-1","IGKV3-20","IGKJ1","CQQYATSPRTF","IGKV3-20","IGKJ1","CQQYATSPRTF"
"Tetanus","Harvard","TT",TRUE,"human","GSE253857","GSE253857_BM_Tetanus_3_GGAACTTTCCGAAGAG-1","IGKV1D-39","IGKJ1","CQQSYSTPWTF","IGKV1D-39","IGKJ1","CQQSYSTPWTF"
"Tetanus","Harvard","TT",TRUE,"human","GSE253857","GSE253857_BM_Tetanus_3_GGACAAGCACAGGAGT-1","IGKV1D-39","IGKJ2","CQQSYTTPYTF","IGKV1D-39","IGKJ2","CQQSYTTPYTF"
"Tetanus","Harvard","TT",TRUE,"human","GSE253857","GSE253857_BM_Tetanus_3_GGATTACAGACATAAC-1","IGKV2D-28","IGKJ2","CMQGLEIPYTF","IGKV2D-28","IGKJ2","CMQGLEIPYTF"
"Tetanus","Harvard","TT",TRUE,"human","GSE253857","GSE253857_BM_Tetanus_3_GGATTACGTGGCAAAC-1","IGHV3-7","IGHJ6","CARDVRIWSQGGDDKNGLDVW","IGHV3-7","IGHJ6","CARDVRIWSQGGDDKNGLDVW"
"Tetanus","Harvard","TT",TRUE,"human","GSE253857","GSE253857_BM_Tetanus_3_GGCAATTTCGCGATCG-1","IGKV2-24","IGKJ1","CVQTTHFPPTF","IGKV2-24","IGKJ1","CVQTTHFPPTF"
"Tetanus","Harvard","TT",TRUE,"human","GSE253857","GSE253857_BM_Tetanus_3_GGCGTGTCAAGCGATG-1","IGHV3-43","IGHJ3","CAKTWTGYYHDAFDVW","IGHV3-43","IGHJ3","CAKTWTGYYHDAFDVW"
"Tetanus","Harvard","TT",TRUE,"human","GSE253857","GSE253857_BM_Tetanus_3_GGCTGGTAGCAATCTC-1","IGKV3-11","IGKJ2","CQQRSNWLYTF","IGKV3-11","IGKJ2","CQQRSNWLYTF"
"Tetanus","Harvard","TT",TRUE,"human","GSE253857","GSE253857_BM_Tetanus_3_GGGAATGCAATGCCAT-1","IGKV1-5","IGKJ2","CQQYNTYPYTF","IGKV1-5","IGKJ2","CQQYNTYPYTF"
"Tetanus","Harvard","TT",TRUE,"human","GSE253857","GSE253857_BM_Tetanus_3_GGGACCTCAGTATCTG-1","IGKV1-33","IGKJ4","CQQYDDLPLTF","IGKV1-33","IGKJ4","CQQYDDLPLTF"
"Tetanus","Harvard","TT",TRUE,"human","GSE253857","GSE253857_BM_Tetanus_3_GGGCACTTCTCCAGGG-1","IGHV3-33","IGHJ4","CARDVSDIAYDVVGFW","IGHV3-33","IGHJ4","CARDVSDIAYDVVGFW"
"Tetanus","Harvard","TT",TRUE,"human","GSE253857","GSE253857_BM_Tetanus_3_GGGTCTGGTTTCGCTC-1","IGHV5-51","IGHJ6","CARLRGGARTYYNMDVW","IGHV5-51","IGHJ6","CARLRGGARTYYNMDVW"
"Tetanus","Harvard","TT",TRUE,"human","GSE253857","GSE253857_BM_Tetanus_3_GGGTTGCTCACGCATA-1","IGKV3-20","IGKJ3","CQQYTTSPTW","IGKV3-20","IGKJ3","CQQYTTSPTW"
"Tetanus","Harvard","TT",TRUE,"human","GSE253857","GSE253857_BM_Tetanus_3_GGTGAAGCAGGGAGAG-1","IGKV3-20","IGKJ2","CQQYGTSPETF","IGKV3-20","IGKJ2","CQQYGTSPETF"
"Tetanus","Harvard","TT",TRUE,"human","GSE253857","GSE253857_BM_Tetanus_3_GGTGCGTAGCTGTCTA-1","IGKV3-20","IGKJ1","CQHYGSSSWTF","IGKV3-20","IGKJ1","CQHYGSSSWTF"
"Tetanus","Harvard","TT",TRUE,"human","GSE253857","GSE253857_BM_Tetanus_3_GTAACTGTCAGTTAGC-1","IGKV3-15","IGKJ2","CQQYNKWYTF","IGKV3-15","IGKJ2","CQQYNKWYTF"
"Tetanus","Harvard","TT",TRUE,"human","GSE253857","GSE253857_BM_Tetanus_3_GTACTCCAGAGAACAG-1","IGKV3-20","IGKJ2","CQQYGRSPPYTF","IGKV3-20","IGKJ2","CQQYGRSPPYTF"
"Tetanus","Harvard","TT",TRUE,"human","GSE253857","GSE253857_BM_Tetanus_3_GTACTCCGTCTTGTCC-1","IGKV4-1","IGKJ1","CHQYYSNPRTF","IGKV4-1","IGKJ1","CHQYYSNPRTF"
"Tetanus","Harvard","TT",TRUE,"human","GSE253857","GSE253857_BM_Tetanus_3_GTACTTTAGTGGACGT-1","IGKV2-24","IGKJ1","CMQATHFPRTF","IGKV2-24","IGKJ1","CMQATHFPRTF"
"Tetanus","Harvard","TT",TRUE,"human","GSE253857","GSE253857_BM_Tetanus_3_GTAGTCACACGGTTTA-1","IGHV3-21","IGHJ4","CAREGWGSSGGYCSSTACYEDW","IGHV3-21","IGHJ4","CAREGWGSSGGYCSSTACYEDW"
"Tetanus","Harvard","TT",TRUE,"human","GSE253857","GSE253857_BM_Tetanus_3_GTAGTCAGTCTGATTG-1","IGLV3-19","IGLJ7","CGSRDSTGNYRLF","IGLV3-19","IGLJ7","CGSRDSTGNYRLF"
"Tetanus","Harvard","TT",TRUE,"human","GSE253857","GSE253857_BM_Tetanus_3_GTATCTTAGTTTCCTT-1","IGLV3-21","IGLJ7","CQVWDNSSDHPGVF","IGLV3-21","IGLJ7","CQVWDNSSDHPGVF"
"Tetanus","Harvard","TT",TRUE,"human","GSE253857","GSE253857_BM_Tetanus_3_GTATTCTGTCGCTTCT-1","IGKV2D-28","IGKJ1","CMQVLQTPRTF","IGKV2D-28","IGKJ1","CMQVLQTPRTF"
"Tetanus","Harvard","TT",TRUE,"human","GSE253857","GSE253857_BM_Tetanus_3_GTATTCTGTCTGCGGT-1","IGHV3-15","IGHJ4","CTSGRVRDHW","IGHV3-15","IGHJ4","CTSGRVRDHW"
"Tetanus","Harvard","TT",TRUE,"human","GSE253857","GSE253857_BM_Tetanus_3_GTCACAACAAGGTGTG-1","IGKV1-33","IGKJ4","CQQYDDLPLTF","IGKV1-33","IGKJ4","CQQYDDLPLTF"
"Tetanus","Harvard","TT",TRUE,"human","GSE253857","GSE253857_BM_Tetanus_3_GTCACGGAGTATCTCG-1","IGKV3-20","IGKJ2","CQQYGSSPRTF","IGKV3-20","IGKJ2","CQQYGSSPRTF"
"Tetanus","Harvard","TT",TRUE,"human","GSE253857","GSE253857_BM_Tetanus_3_GTCGTAAAGGAGCGTT-1","IGLV1-44","IGLJ7","CATWDDSLNGLYVF","IGLV1-44","IGLJ7","CATWDDSLNGLYVF"
"Tetanus","Harvard","TT",TRUE,"human","GSE253857","GSE253857_BM_Tetanus_3_GTCTTCGTCCATGCTC-1","IGKV2D-28","IGKJ4","CMQARHTPPLTF","IGKV2D-28","IGKJ4","CMQARHTPPLTF"
"Tetanus","Harvard","TT",TRUE,"human","GSE253857","GSE253857_BM_Tetanus_3_GTGAAGGGTCCTCTTG-1","IGHV3-53","IGHJ6","CARESAMVQGTTYHYYAMDVW","IGHV3-53","IGHJ6","CARESAMVQGTTYHYYAMDVW"
"Tetanus","Harvard","TT",TRUE,"human","GSE253857","GSE253857_BM_Tetanus_3_GTGCAGCCAATGGACG-1","IGKV3-15","IGKJ3","CQQSNNWPQTF","IGKV3-15","IGKJ3","CQQSNNWPQTF"
"Tetanus","Harvard","TT",TRUE,"human","GSE253857","GSE253857_BM_Tetanus_3_GTGCATAAGCTGCAAG-1","IGHV3-11","IGHJ4","CARDRDGAPDFDCW","IGHV3-11","IGHJ4","CARDRDGAPDFDCW"
"Tetanus","Harvard","TT",TRUE,"human","GSE253857","GSE253857_BM_Tetanus_3_GTGCTTCTCCTCATTA-1","IGHV3-11","IGHJ4","CAREMASIEGVDYW","IGHV3-11","IGHJ4","CAREMASIEGVDYW"
"Tetanus","Harvard","TT",TRUE,"human","GSE253857","GSE253857_BM_Tetanus_3_GTGTTAGTCAGAGACG-1","IGLV1-44","IGLJ7","CATWDDSLNGPVF","IGLV1-44","IGLJ7","CATWDDSLNGPVF"
"Tetanus","Harvard","TT",TRUE,"human","GSE253857","GSE253857_BM_Tetanus_3_GTTAAGCCATTTGCTT-1","IGHV3-7","IGHJ4","CARGGADYSEAERW","IGHV3-7","IGHJ4","CARGGADYSEAERW"
"Tetanus","Harvard","TT",TRUE,"human","GSE253857","GSE253857_BM_Tetanus_3_GTTAAGCTCTTGCATT-1","IGHV3-33","IGHJ4","CALSPGYGDHRWDYW","IGHV3-33","IGHJ4","CALSPGYGDHRWDYW"
"Tetanus","Harvard","TT",TRUE,"human","GSE253857","GSE253857_BM_Tetanus_3_GTTCGGGGTGAGCGAT-1","IGKV1-5","IGKJ1","CQQYNAYPRTF","IGKV1-5","IGKJ1","CQQYNAYPRTF"
"Tetanus","Harvard","TT",TRUE,"human","GSE253857","GSE253857_BM_Tetanus_3_TAAACCGCAATGGTCT-1","IGKV3-11","IGKJ4","CQQRLNGLSF","IGKV3-11","IGKJ4","CQQRLNGLSF"
"Tetanus","Harvard","TT",TRUE,"human","GSE253857","GSE253857_BM_Tetanus_3_TAAGAGAAGGCAATTA-1","IGHV1-18","IGHJ3","CARDDHRSSASVKGGDSFDIW","IGHV1-18","IGHJ3","CARDDHRSSASVKGGDSFDIW"
"Tetanus","Harvard","TT",TRUE,"human","GSE253857","GSE253857_BM_Tetanus_3_TAAGAGAAGTCTCGGC-1","IGKV1D-39","IGKJ2","CQQSFSTPQYTF","IGKV1D-39","IGKJ2","CQQSFSTPQYTF"
"Tetanus","Harvard","TT",TRUE,"human","GSE253857","GSE253857_BM_Tetanus_3_TAAGCGTTCCTCGCAT-1","IGLV1-47","IGLJ7","CATWDDSLNGPVF","IGLV1-47","IGLJ7","CATWDDSLNGPVF"
"Tetanus","Harvard","TT",TRUE,"human","GSE253857","GSE253857_BM_Tetanus_3_TACACGACACATGACT-1","IGKV1-9","IGKJ1","CQQLNDPPLTF","IGKV1-9","IGKJ1","CQQLNDPPLTF"
"Tetanus","Harvard","TT",TRUE,"human","GSE253857","GSE253857_BM_Tetanus_3_TACAGTGCAATGGATA-1","IGKV3-20","IGKJ5","CQQYATSPITF","IGKV3-20","IGKJ5","CQQYATSPITF"
"Tetanus","Harvard","TT",TRUE,"human","GSE253857","GSE253857_BM_Tetanus_3_TACAGTGGTGATGTGG-1","IGHV3-23","IGHJ2","CTKGRGGTYNWHFDFW","IGHV3-23","IGHJ2","CTKGRGGTYNWHFDFW"
"Tetanus","Harvard","TT",TRUE,"human","GSE253857","GSE253857_BM_Tetanus_3_TACCTTAAGGCACATG-1","IGKV2D-29","IGKJ1","CMQSIQLPWTF","IGKV2D-29","IGKJ1","CMQSIQLPWTF"
"Tetanus","Harvard","TT",TRUE,"human","GSE253857","GSE253857_BM_Tetanus_3_TACCTTAGTGAGGGTT-1","IGHV3-33","IGHJ4","CARSPECSKDVCHSYFFDYW","IGHV3-33","IGHJ4","CARSPECSKDVCHSYFFDYW"
"Tetanus","Harvard","TT",TRUE,"human","GSE253857","GSE253857_BM_Tetanus_3_TACGGTAGTCATATCG-1","IGKV1D-13","IGKJ2","CQQYHSPPHTF","IGKV1D-13","IGKJ2","CQQYHSPPHTF"
"Tetanus","Harvard","TT",TRUE,"human","GSE253857","GSE253857_BM_Tetanus_3_TACTCATAGCGTAGTG-1","IGKV1D-16","IGKJ5","CQHYHSYPITF","IGKV1D-16","IGKJ5","CQHYHSYPITF"
"Tetanus","Harvard","TT",TRUE,"human","GSE253857","GSE253857_BM_Tetanus_3_TACTCATCATGCTGGC-1","IGKV1D-39","IGKJ2","CQQSYSTPYTF","IGKV1D-39","IGKJ2","CQQSYSTPYTF"
"Tetanus","Harvard","TT",TRUE,"human","GSE253857","GSE253857_BM_Tetanus_3_TACTCGCGTGTGAATA-1","IGHV3-33","IGHJ4","CARDGYGRPLDYW","IGHV3-33","IGHJ4","CARDGYGRPLDYW"
"Tetanus","Harvard","TT",TRUE,"human","GSE253857","GSE253857_BM_Tetanus_3_TACTTGTGTACCGCTG-1","IGHV3-11","IGHJ4","CAREHTHGWYPNVYW","IGHV3-11","IGHJ4","CAREHTHGWYPNVYW"
"Tetanus","Harvard","TT",TRUE,"human","GSE253857","GSE253857_BM_Tetanus_3_TACTTGTGTCAATACC-1","IGKV3-20","IGKJ5","CQQYGTSLAGTF","IGKV3-20","IGKJ5","CQQYGTSLAGTF"
"Tetanus","Harvard","TT",TRUE,"human","GSE253857","GSE253857_BM_Tetanus_3_TAGAGCTGTGTCTGAT-1","IGHV3-15","IGHJ4","CIAQPRFDSTGASYVRRDYW","IGHV3-15","IGHJ4","CIAQPRFDSTGASYVRRDYW"
"Tetanus","Harvard","TT",TRUE,"human","GSE253857","GSE253857_BM_Tetanus_3_TAGGCATAGTCCAGGA-1","IGHV7-81","IGHJ4","CARGVGSAWYVTYDHW","IGHV7-81","IGHJ4","CARGVGSAWYVTYDHW"
"Tetanus","Harvard","TT",TRUE,"human","GSE253857","GSE253857_BM_Tetanus_3_TAGTGGTCAAAGTCAA-1","IGKV2-24","IGKJ4","CMQATQYPPTF","IGKV2-24","IGKJ4","CMQATQYPPTF"
"Tetanus","Harvard","TT",TRUE,"human","GSE253857","GSE253857_BM_Tetanus_3_TAGTGGTCACCTCGGA-1","IGHV1-18","IGHJ4","CAREAFNWNDFYFDQW","IGHV1-18","IGHJ4","CAREAFNWNDFYFDQW"
"Tetanus","Harvard","TT",TRUE,"human","GSE253857","GSE253857_BM_Tetanus_3_TAGTTGGCACCGCTAG-1","IGHV3-21","IGHJ3","CARGHCSGGGCFQRFDAFDFW","IGHV3-21","IGHJ3","CARGHCSGGGCFQRFDAFDFW"
"Tetanus","Harvard","TT",TRUE,"human","GSE253857","GSE253857_BM_Tetanus_3_TATCTCACAGTCAGAG-1","IGKV4-1","IGKJ5","CQQYYSTPITF","IGKV4-1","IGKJ5","CQQYYSTPITF"
"Tetanus","Harvard","TT",TRUE,"human","GSE253857","GSE253857_BM_Tetanus_3_TATGCCCCACTGTCGG-1","IGKV3-15","IGKJ4","CQQYNNWPLTF","IGKV3-15","IGKJ4","CQQYNNWPLTF"
"Tetanus","Harvard","TT",TRUE,"human","GSE253857","GSE253857_BM_Tetanus_3_TATGCCCTCCGCGGTA-1","IGKV1D-39","IGKJ2","CQQSYSTHLHTF","IGKV1D-39","IGKJ2","CQQSYSTHLHTF"
"Tetanus","Harvard","TT",TRUE,"human","GSE253857","GSE253857_BM_Tetanus_3_TATGCCCTCTCGTATT-1","IGKV3-20","IGKJ1","CQHFASYSWTF","IGKV3-20","IGKJ1","CQHFASYSWTF"
"Tetanus","Harvard","TT",TRUE,"human","GSE253857","GSE253857_BM_Tetanus_3_TATGCCCTCTTTACAC-1","IGKV3-15","IGKJ4","CQQYDNWPSLTF","IGKV3-15","IGKJ4","CQQYDNWPSLTF"
"Tetanus","Harvard","TT",TRUE,"human","GSE253857","GSE253857_BM_Tetanus_3_TATTACCGTTGGTAAA-1","IGKV3-20","IGKJ2","CQQYSWAPDTF","IGKV3-20","IGKJ2","CQQYSWAPDTF"
"Tetanus","Harvard","TT",TRUE,"human","GSE253857","GSE253857_BM_Tetanus_3_TATTACCTCCGCTGTT-1","IGKV1-33","IGKJ4","CQQYDNLPLTF","IGKV1-33","IGKJ4","CQQYDNLPLTF"
"Tetanus","Harvard","TT",TRUE,"human","GSE253857","GSE253857_BM_Tetanus_3_TCAATCTTCCAGTATG-1","IGKV1-5","IGKJ1","CQQYNSGWTF","IGKV1-5","IGKJ1","CQQYNSGWTF"
"Tetanus","Harvard","TT",TRUE,"human","GSE253857","GSE253857_BM_Tetanus_3_TCAATCTTCTGGTTCC-1","IGKV1-5","IGKJ2","CQQYNSYF","IGKV1-5","IGKJ2","CQQYNSYF"
"Tetanus","Harvard","TT",TRUE,"human","GSE253857","GSE253857_BM_Tetanus_3_TCACAAGGTCGGGTCT-1","IGLV3-21","IGLJ7","CQVWDNDSDHYVF","IGLV3-21","IGLJ7","CQVWDNDSDHYVF"
"Tetanus","Harvard","TT",TRUE,"human","GSE253857","GSE253857_BM_Tetanus_3_TCAGGTAGTGCTGTAT-1","IGKV2D-28","IGKJ1","CMQFLQTPRTF","IGKV2D-28","IGKJ1","CMQFLQTPRTF"
"Tetanus","Harvard","TT",TRUE,"human","GSE253857","GSE253857_BM_Tetanus_3_TCCACACTCGAGAACG-1","IGKV3-15","IGKJ1","CQQYNIRPWTF","IGKV3-15","IGKJ1","CQQYNIRPWTF"
"Tetanus","Harvard","TT",TRUE,"human","GSE253857","GSE253857_BM_Tetanus_3_TCCCGATCACTGTCGG-1","IGHV5-51","IGHJ3","CARRTFIDDTFDIW","IGHV5-51","IGHJ3","CARRTFIDDTFDIW"
"Tetanus","Harvard","TT",TRUE,"human","GSE253857","GSE253857_BM_Tetanus_3_TCCCGATGTACCGAGA-1","IGHV3-23","IGHJ6","CAKNLEGAVAGYYYYYGMDVW","IGHV3-23","IGHJ6","CAKNLEGAVAGYYYYYGMDVW"
"Tetanus","Harvard","TT",TRUE,"human","GSE253857","GSE253857_BM_Tetanus_3_TCGAGGCTCTCGTATT-1","IGKV3-20","IGKJ3","CQQYGSSPGTF","IGKV3-20","IGKJ3","CQQYGSSPGTF"
"Tetanus","Harvard","TT",TRUE,"human","GSE253857","GSE253857_BM_Tetanus_3_TCGGGACAGTGCGTGA-1","IGKV1-9","IGKJ5","CQHLDSYPITF","IGKV1-9","IGKJ5","CQHLDSYPITF"
"Tetanus","Harvard","TT",TRUE,"human","GSE253857","GSE253857_BM_Tetanus_3_TCGGGACGTGTTAAGA-1","IGHV2-5","IGHJ4","CGHRVIGAGGWGVGVFDYW","IGHV2-5","IGHJ4","CGHRVIGAGGWGVGVFDYW"
"Tetanus","Harvard","TT",TRUE,"human","GSE253857","GSE253857_BM_Tetanus_3_TCGGGACTCTGATTCT-1","IGKV3-15","IGKJ1","CQQYDNWPPVAF","IGKV3-15","IGKJ1","CQQYDNWPPVAF"
"Tetanus","Harvard","TT",TRUE,"human","GSE253857","GSE253857_BM_Tetanus_3_TCTATTGAGCAAATCA-1","IGKV1-12","IGKJ1","CQQANSFPWTF","IGKV1-12","IGKJ1","CQQANSFPWTF"
"Tetanus","Harvard","TT",TRUE,"human","GSE253857","GSE253857_BM_Tetanus_3_TCTCATAAGATGGCGT-1","IGLV3-19","IGLJ7","CNSRDNGGNRPF","IGLV3-19","IGLJ7","CNSRDNGGNRPF"
"Tetanus","Harvard","TT",TRUE,"human","GSE253857","GSE253857_BM_Tetanus_3_TCTCTAAAGAACAACT-1","IGHV1-3","IGHJ4","CAREMGAYCCNFFDSW","IGHV1-3","IGHJ4","CAREMGAYCCNFFDSW"
"Tetanus","Harvard","TT",TRUE,"human","GSE253857","GSE253857_BM_Tetanus_3_TCTCTAAGTCCAAGTT-1","IGHV3-23","IGHJ4","CAKDGGGFNDYWGGGFRESQYLDDW","IGHV3-23","IGHJ4","CAKDGGGFNDYWGGGFRESQYLDDW"
"Tetanus","Harvard","TT",TRUE,"human","GSE253857","GSE253857_BM_Tetanus_3_TCTCTAATCCGTCAAA-1","IGKV1D-39","IGKJ2","CQQSYSFPRMYTF","IGKV1D-39","IGKJ2","CQQSYSFPRMYTF"
"Tetanus","Harvard","TT",TRUE,"human","GSE253857","GSE253857_BM_Tetanus_3_TCTGAGAAGATGGCGT-1","IGHV1-69-2","IGHJ5","CAGEYAYGSSGYSW","IGHV1-69-2","IGHJ5","CAGEYAYGSSGYSW"
"Tetanus","Harvard","TT",TRUE,"human","GSE253857","GSE253857_BM_Tetanus_3_TCTGGAATCCGAGCCA-1","IGKV1-5","IGKJ1","CQQYNSGWTF","IGKV1-5","IGKJ1","CQQYNSGWTF"
"Tetanus","Harvard","TT",TRUE,"human","GSE253857","GSE253857_BM_Tetanus_3_TGATTTCAGGCATGGT-1","IGKV1-27","IGKJ3","CQKYNSAPPGGAF","IGKV1-27","IGKJ3","CQKYNSAPPGGAF"
"Tetanus","Harvard","TT",TRUE,"human","GSE253857","GSE253857_BM_Tetanus_3_TGATTTCGTTACGGAG-1","IGKV4-1","IGKJ1","CQHYYTTPWTF","IGKV4-1","IGKJ1","CQHYYTTPWTF"
"Tetanus","Harvard","TT",TRUE,"human","GSE253857","GSE253857_BM_Tetanus_3_TGATTTCTCTGTACGA-1","IGHV3-30","IGHJ4","CARELGTAMGEDYW","IGHV3-30","IGHJ4","CARELGTAMGEDYW"
"Tetanus","Harvard","TT",TRUE,"human","GSE253857","GSE253857_BM_Tetanus_3_TGCACCTGTACCGTTA-1","IGLV1-40","IGLJ7","CQSYDSSLSGSGVF","IGLV1-40","IGLJ7","CQSYDSSLSGSGVF"
"Tetanus","Harvard","TT",TRUE,"human","GSE253857","GSE253857_BM_Tetanus_3_TGCCAAAGTAAGGGCT-1","IGKV1D-39","IGKJ1","CQQTFSTPRTF","IGKV1D-39","IGKJ1","CQQTFSTPRTF"
"Tetanus","Harvard","TT",TRUE,"human","GSE253857","GSE253857_BM_Tetanus_3_TGCCCATAGAGTGAGA-1","IGKV1D-39","IGKJ1","CQQSYSAPWTF","IGKV1D-39","IGKJ1","CQQSYSAPWTF"
"Tetanus","Harvard","TT",TRUE,"human","GSE253857","GSE253857_BM_Tetanus_3_TGCCCATTCGCAAACT-1","IGLV1-44","IGLJ7","CAAWDDSLNGYVF","IGLV1-44","IGLJ7","CAAWDDSLNGYVF"
"Tetanus","Harvard","TT",TRUE,"human","GSE253857","GSE253857_BM_Tetanus_3_TGCGCAGGTGTTCGAT-1","IGHV1-45","IGHJ3","CARSPLTGSPRDYFDVW","IGHV1-45","IGHJ3","CARSPLTGSPRDYFDVW"
"Tetanus","Harvard","TT",TRUE,"human","GSE253857","GSE253857_BM_Tetanus_3_TGCGTGGCAGTCAGCC-1","IGHV3-53","IGHJ5","CARGGAAAGFSW","IGHV3-53","IGHJ5","CARGGAAAGFSW"
"Tetanus","Harvard","TT",TRUE,"human","GSE253857","GSE253857_BM_Tetanus_3_TGCTACCAGCGCCTCA-1","IGHV3-30","IGHJ6","CARGSGWYCSSSSCYNYYFGLDVW","IGHV3-30","IGHJ6","CARGSGWYCSSSSCYNYYFGLDVW"
"Tetanus","Harvard","TT",TRUE,"human","GSE253857","GSE253857_BM_Tetanus_3_TGCTACCCATACGCCG-1","IGKV1-5","IGKJ1","CQQYNSGWTF","IGKV1-5","IGKJ1","CQQYNSGWTF"
"Tetanus","Harvard","TT",TRUE,"human","GSE253857","GSE253857_BM_Tetanus_3_TGCTGCTCAAGGACAC-1","IGKV1-9","IGKJ2","CQHLANYPYTF","IGKV1-9","IGKJ2","CQHLANYPYTF"
"Tetanus","Harvard","TT",TRUE,"human","GSE253857","GSE253857_BM_Tetanus_3_TGGACGCGTGCAGTAG-1","IGLV2-14","IGLJ7","CSSYTSSTTYVF","IGLV2-14","IGLJ7","CSSYTSSTTYVF"
"Tetanus","Harvard","TT",TRUE,"human","GSE253857","GSE253857_BM_Tetanus_3_TGGACGCTCCCATTTA-1","IGHV2-5","IGHJ5","CAHRPSQSHSGWYPNWFDPW","IGHV2-5","IGHJ5","CAHRPSQSHSGWYPNWFDPW"
"Tetanus","Harvard","TT",TRUE,"human","GSE253857","GSE253857_BM_Tetanus_3_TGGACGCTCGAGGTAG-1","IGKV4-1","IGKJ2","CQQYYGTPYTF","IGKV4-1","IGKJ2","CQQYYGTPYTF"
"Tetanus","Harvard","TT",TRUE,"human","GSE253857","GSE253857_BM_Tetanus_3_TGGCCAGTCCAAATGC-1","IGKV2D-28","IGKJ2","CMQTLQTPYTF","IGKV2D-28","IGKJ2","CMQTLQTPYTF"
"Tetanus","Harvard","TT",TRUE,"human","GSE253857","GSE253857_BM_Tetanus_3_TGGCGCACATGTAAGA-1","IGKV3-15","IGKJ3","CQHYNNWPPVTF","IGKV3-15","IGKJ3","CQHYNNWPPVTF"
"Tetanus","Harvard","TT",TRUE,"human","GSE253857","GSE253857_BM_Tetanus_3_TGGCGCAGTCCATGAT-1","IGKV1-5","IGKJ5","CQQYNLFAGIAF","IGKV1-5","IGKJ5","CQQYNLFAGIAF"
"Tetanus","Harvard","TT",TRUE,"human","GSE253857","GSE253857_BM_Tetanus_3_TGGGCGTTCCAGATCA-1","IGHV3-30","IGHJ2","CAKDYIPALDVADGGAGSLWYFDLW","IGHV3-30","IGHJ2","CAKDYIPALDVADGGAGSLWYFDLW"
"Tetanus","Harvard","TT",TRUE,"human","GSE253857","GSE253857_BM_Tetanus_3_TGGTTCCTCCAATGGT-1","IGKV3-11","IGKJ1","CQQQRTF","IGKV3-11","IGKJ1","CQQQRTF"
"Tetanus","Harvard","TT",TRUE,"human","GSE253857","GSE253857_BM_Tetanus_3_TGTCCCACAGCTTCGG-1","IGHV4-39","IGHJ5","CARRIFFENFDSSALTAGFDTW","IGHV4-39","IGHJ5","CARRIFFENFDSSALTAGFDTW"
"Tetanus","Harvard","TT",TRUE,"human","GSE253857","GSE253857_BM_Tetanus_3_TGTCCCAGTTCCACTC-1","IGHV3-20","IGHJ4","CVRDVRSDLPHYLW","IGHV3-20","IGHJ4","CVRDVRSDLPHYLW"
"Tetanus","Harvard","TT",TRUE,"human","GSE253857","GSE253857_BM_Tetanus_3_TGTGGTAGTATATCCG-1","IGLV3-25","IGLJ7","CQSGDDLHTYWVF","IGLV3-25","IGLJ7","CQSGDDLHTYWVF"
"Tetanus","Harvard","TT",TRUE,"human","GSE253857","GSE253857_BM_Tetanus_3_TGTTCCGCAAGAAAGG-1","IGHV3-30","IGHJ4","CARDLDKRASSYGGGMDFW","IGHV3-30","IGHJ4","CARDLDKRASSYGGGMDFW"
"Tetanus","Harvard","TT",TRUE,"human","GSE253857","GSE253857_BM_Tetanus_3_TGTTCCGGTAAGTAGT-1","IGKV3-20","IGKJ1","CQQYGGSLWTF","IGKV3-20","IGKJ1","CQQYGGSLWTF"
"Tetanus","Harvard","TT",TRUE,"human","GSE253857","GSE253857_BM_Tetanus_3_TTAGGACCAAAGCGGT-1","IGKV4-1","IGKJ1","CQQYYSTPWTF","IGKV4-1","IGKJ1","CQQYYSTPWTF"
"Tetanus","Harvard","TT",TRUE,"human","GSE253857","GSE253857_BM_Tetanus_3_TTAGGACCACCGAAAG-1","IGHV3-33","IGHJ4","CARNAPYGFCTGDRCPFDNW","IGHV3-33","IGHJ4","CARNAPYGFCTGDRCPFDNW"
"Tetanus","Harvard","TT",TRUE,"human","GSE253857","GSE253857_BM_Tetanus_3_TTAGGCACAAGTTCTG-1","IGHV3-74","IGHJ4","CAGELGGSRGYW","IGHV3-74","IGHJ4","CAGELGGSRGYW"
"Tetanus","Harvard","TT",TRUE,"human","GSE253857","GSE253857_BM_Tetanus_3_TTAGTTCGTGCACTTA-1","IGKV2-30","IGKJ4","CMQNTHWPLTI","IGKV2-30","IGKJ4","CMQNTHWPLTI"
"Tetanus","Harvard","TT",TRUE,"human","GSE253857","GSE253857_BM_Tetanus_3_TTAGTTCTCGAGAGCA-1","IGHV2-5","IGHJ4","CAHQPVTTDSFDYW","IGHV2-5","IGHJ4","CAHQPVTTDSFDYW"
"Tetanus","Harvard","TT",TRUE,"human","GSE253857","GSE253857_BM_Tetanus_3_TTAGTTCTCGCCCTTA-1","IGKV2D-28","IGKJ2","CIQALQTPQTF","IGKV2D-28","IGKJ2","CIQALQTPQTF"
"Tetanus","Harvard","TT",TRUE,"human","GSE253857","GSE253857_BM_Tetanus_3_TTATGCTAGAGACTAT-1","IGKV1-33","IGKJ3","CQQCDNLPLPF","IGKV1-33","IGKJ3","CQQCDNLPLPF"
"Tetanus","Harvard","TT",TRUE,"human","GSE253857","GSE253857_BM_Tetanus_3_TTATGCTTCCTGCAGG-1","IGHV3-21","IGHJ2","CVSHTAMANIDWYFDLW","IGHV3-21","IGHJ2","CVSHTAMANIDWYFDLW"
"Tetanus","Harvard","TT",TRUE,"human","GSE253857","GSE253857_BM_Tetanus_3_TTCCCAGCACCCTATC-1","IGKV1-39","IGKJ3","CQQTYSTLFTF","IGKV1-39","IGKJ3","CQQTYSTLFTF"
"Tetanus","Harvard","TT",TRUE,"human","GSE253857","GSE253857_BM_Tetanus_3_TTCCCAGCATATACGC-1","IGLV2-23","IGLJ7","CCSYVGSNAWVF","IGLV2-23","IGLJ7","CCSYVGSNAWVF"
"Tetanus","Harvard","TT",TRUE,"human","GSE253857","GSE253857_BM_Tetanus_3_TTCGAAGAGCCGATTT-1","IGKV1-5","IGKJ2","CQQYSSYSYTF","IGKV1-5","IGKJ2","CQQYSSYSYTF"
"Tetanus","Harvard","TT",TRUE,"human","GSE253857","GSE253857_BM_Tetanus_3_TTCGAAGCATCCGGGT-1","IGLV2-23","IGLJ7","CCSYSGSRTFAVF","IGLV2-23","IGLJ7","CCSYSGSRTFAVF"
"Tetanus","Harvard","TT",TRUE,"human","GSE253857","GSE253857_BM_Tetanus_3_TTCGAAGGTGGCCCTA-1","IGKV1D-39","IGKJ4","CQQSHSTPPTF","IGKV1D-39","IGKJ4","CQQSHSTPPTF"
"Tetanus","Harvard","TT",TRUE,"human","GSE253857","GSE253857_BM_Tetanus_3_TTCGGTCTCTTTAGGG-1","IGKV1-33","IGKJ2","CQQYDKVPYTF","IGKV1-33","IGKJ2","CQQYDKVPYTF"
"Tetanus","Harvard","TT",TRUE,"human","GSE253857","GSE253857_BM_Tetanus_3_TTCTCAAGTAAAGTCA-1","IGLV3-21","IGLJ7","CQVWDSSFYHPAVF","IGLV3-21","IGLJ7","CQVWDSSFYHPAVF"
"Tetanus","Harvard","TT",TRUE,"human","GSE253857","GSE253857_BM_Tetanus_3_TTCTCCTCAGTCACTA-1","IGHV3-23","IGHJ4","CAKYGGGRIDIWYFSDW","IGHV3-23","IGHJ4","CAKYGGGRIDIWYFSDW"
"Tetanus","Harvard","TT",TRUE,"human","GSE253857","GSE253857_BM_Tetanus_3_TTGCCGTAGTCCTCCT-1","IGKV3-15","IGKJ5","CQYYNNWPPVLTF","IGKV3-15","IGKJ5","CQYYNNWPPVLTF"
"Tetanus","Harvard","TT",TRUE,"human","GSE253857","GSE253857_BM_Tetanus_3_TTGGCAACACACTGCG-1","IGHV7-81","IGHJ4","CARGFSSFDHVWKTYLPLYYLDNW","IGHV7-81","IGHJ4","CARGFSSFDHVWKTYLPLYYLDNW"
"Tetanus","Harvard","TT",TRUE,"human","GSE253857","GSE253857_BM_Tetanus_3_TTGTAGGTCACAATGC-1","IGKV3-20","IGKJ2","CHQYAISPQTF","IGKV3-20","IGKJ2","CHQYAISPQTF"
"Tetanus","Harvard","TT",TRUE,"human","GSE253857","GSE253857_BM_Tetanus_3_TTTACTGGTCGCTTTC-1","IGKV1D-39","IGKJ1","CQQTHSTHRTF","IGKV1D-39","IGKJ1","CQQTHSTHRTF"
"Tetanus","Harvard","TT",TRUE,"human","GSE253857","GSE253857_BM_Tetanus_3_TTTGGTTTCCGTCATC-1","IGHV3-74","IGHJ5","CARCPERVEDWLDPW","IGHV3-74","IGHJ5","CARCPERVEDWLDPW"
"Tetanus","Harvard","TT",TRUE,"human","GSE253857","GSE253857_BM_Tetanus_3_TTTGTCAGTCTCTCGT-1","IGHV1-18","IGHJ3","CARDDHRSSASVKGGDSFDIW","IGHV1-18","IGHJ3","CARDDHRSSASVKGGDSFDIW"
"Tetanus","Harvard","TT",TRUE,"human","GSE253857","GSE253857_BM_Tetanus_4_AAGACCTAGATGTGGC-1","IGKV3-20","IGKJ1","CYQYGALPRTF","IGKV3-20","IGKJ1","CYQYGALPRTF"
"Tetanus","Harvard","TT",TRUE,"human","GSE253857","GSE253857_BM_Tetanus_4_AAGACCTAGTGGGTTG-1","IGKV1-27","IGKJ5","CQNYNSGPQTF","IGKV1-27","IGKJ5","CQNYNSGPQTF"
"Tetanus","Harvard","TT",TRUE,"human","GSE253857","GSE253857_BM_Tetanus_4_AAGGCAGCATGCAATC-1","IGHV4-59","IGHJ2","CASHTGYDYNWYFDLW","IGHV4-59","IGHJ2","CASHTGYDYNWYFDLW"
"Tetanus","Harvard","TT",TRUE,"human","GSE253857","GSE253857_BM_Tetanus_4_ACATCAGGTAATAGCA-1","IGHV1-18","IGHJ6","CARRSCDRTSCLGPLRDHYYIMDVW","IGHV1-18","IGHJ6","CARRSCDRTSCLGPLRDHYYIMDVW"
"Tetanus","Harvard","TT",TRUE,"human","GSE253857","GSE253857_BM_Tetanus_4_ACCCACTAGCTGCAAG-1","IGKV3-15","IGKJ4","CQQYKNWPPLTF","IGKV3-15","IGKJ4","CQQYKNWPPLTF"
"Tetanus","Harvard","TT",TRUE,"human","GSE253857","GSE253857_BM_Tetanus_4_ACGGAGACACTTCTGC-1","IGLV3-19","IGLJ7","CNSRDSSGSHVIF","IGLV3-19","IGLJ7","CNSRDSSGSHVIF"
"Tetanus","Harvard","TT",TRUE,"human","GSE253857","GSE253857_BM_Tetanus_4_ACGGCCACAGTATAAG-1","IGKV3-20","IGKJ1","CYQYGALPRTF","IGKV3-20","IGKJ1","CYQYGALPRTF"
"Tetanus","Harvard","TT",TRUE,"human","GSE253857","GSE253857_BM_Tetanus_4_ACGGGCTTCGGCTACG-1","IGKV1-5","IGKJ2","CQQYESLYTF","IGKV1-5","IGKJ2","CQQYESLYTF"
"Tetanus","Harvard","TT",TRUE,"human","GSE253857","GSE253857_BM_Tetanus_4_ACTATCTAGCGTCAAG-1","IGKV1D-39","IGKJ5","CQHAYSPRVSF","IGKV1D-39","IGKJ5","CQHAYSPRVSF"
"Tetanus","Harvard","TT",TRUE,"human","GSE253857","GSE253857_BM_Tetanus_4_ACTGCTCGTGATAAGT-1","IGKV3-15","IGKJ4","CQQYNRRPLTF","IGKV3-15","IGKJ4","CQQYNRRPLTF"
"Tetanus","Harvard","TT",TRUE,"human","GSE253857","GSE253857_BM_Tetanus_4_ACTTTCAAGACAGACC-1","IGKV2D-28","IGKJ5","CMQALQTPPTF","IGKV2D-28","IGKJ5","CMQALQTPPTF"
"Tetanus","Harvard","TT",TRUE,"human","GSE253857","GSE253857_BM_Tetanus_4_AGAGCTTAGGTTCCTA-1","IGKV1D-39","IGKJ4","CQQSYSTPVTF","IGKV1D-39","IGKJ4","CQQSYSTPVTF"
"Tetanus","Harvard","TT",TRUE,"human","GSE253857","GSE253857_BM_Tetanus_4_AGAGTGGTCCAAATGC-1","IGKV1-5","IGKJ2","CQQYNSYPYTF","IGKV1-5","IGKJ2","CQQYNSYPYTF"
"Tetanus","Harvard","TT",TRUE,"human","GSE253857","GSE253857_BM_Tetanus_4_AGGCCGTGTTGGTGGA-1","IGKV1D-39","IGKJ4","CQQSYSSPLTF","IGKV1D-39","IGKJ4","CQQSYSSPLTF"
"Tetanus","Harvard","TT",TRUE,"human","GSE253857","GSE253857_BM_Tetanus_4_AGTGGGAGTGTGCGTC-1","IGKV3-15","IGKJ4","CQQYKDWPPLTF","IGKV3-15","IGKJ4","CQQYKDWPPLTF"
"Tetanus","Harvard","TT",TRUE,"human","GSE253857","GSE253857_BM_Tetanus_4_ATAGACCTCCGATATG-1","IGKV1D-39","IGKJ2","CQQSYSTPMYTF","IGKV1D-39","IGKJ2","CQQSYSTPMYTF"
"Tetanus","Harvard","TT",TRUE,"human","GSE253857","GSE253857_BM_Tetanus_4_ATCATCTAGAGTGAGA-1","IGKV3-15","IGKJ2","CQQHNTWPRTF","IGKV3-15","IGKJ2","CQQHNTWPRTF"
"Tetanus","Harvard","TT",TRUE,"human","GSE253857","GSE253857_BM_Tetanus_4_ATCGAGTGTCATGCCG-1","IGKV1-33","IGKJ4","CQQYDTFPLTF","IGKV1-33","IGKJ4","CQQYDTFPLTF"
"Tetanus","Harvard","TT",TRUE,"human","GSE253857","GSE253857_BM_Tetanus_4_ATCGAGTGTCTAAACC-1","IGKV3-20","IGKJ1","CYQYGALPRTF","IGKV3-20","IGKJ1","CYQYGALPRTF"
"Tetanus","Harvard","TT",TRUE,"human","GSE253857","GSE253857_BM_Tetanus_4_ATCTACTGTAAGGGAA-1","IGKV3-15","IGKJ4","CQQYKNWPPLTF","IGKV3-15","IGKJ4","CQQYKNWPPLTF"
"Tetanus","Harvard","TT",TRUE,"human","GSE253857","GSE253857_BM_Tetanus_4_ATTACTCAGACACTAA-1","IGKV1-5","IGKJ2","CQQYNSYYRTF","IGKV1-5","IGKJ2","CQQYNSYYRTF"
"Tetanus","Harvard","TT",TRUE,"human","GSE253857","GSE253857_BM_Tetanus_4_ATTGGACTCGCGTTTC-1","IGKV4-1","IGKJ3","CQQYYSTPFTF","IGKV4-1","IGKJ3","CQQYYSTPFTF"
"Tetanus","Harvard","TT",TRUE,"human","GSE253857","GSE253857_BM_Tetanus_4_CAAGTTGTCTGAAAGA-1","IGKV1-5","IGKJ2","CQQYSSYSRTF","IGKV1-5","IGKJ2","CQQYSSYSRTF"
"Tetanus","Harvard","TT",TRUE,"human","GSE253857","GSE253857_BM_Tetanus_4_CACAAACCAAGTTGTC-1","IGKV3-15","IGKJ2","CQQHNTWPRTF","IGKV3-15","IGKJ2","CQQHNTWPRTF"
"Tetanus","Harvard","TT",TRUE,"human","GSE253857","GSE253857_BM_Tetanus_4_CACAGGCCACCTATCC-1","IGKV1-27","IGKJ5","CQNYNSGPQTF","IGKV1-27","IGKJ5","CQNYNSGPQTF"
"Tetanus","Harvard","TT",TRUE,"human","GSE253857","GSE253857_BM_Tetanus_4_CACAGTACACTAAGTC-1","IGKV3-20","IGKJ4","CQQYAGSPLTF","IGKV3-20","IGKJ4","CQQYAGSPLTF"
"Tetanus","Harvard","TT",TRUE,"human","GSE253857","GSE253857_BM_Tetanus_4_CACCACTGTCCAGTAT-1","IGKV1-16","IGKJ4","CLQYSAYPLTF","IGKV1-16","IGKJ4","CLQYSAYPLTF"
"Tetanus","Harvard","TT",TRUE,"human","GSE253857","GSE253857_BM_Tetanus_4_CACCTTGGTGAGCGAT-1","IGHV3-33","IGHJ4","CARDRNGDSPDHW","IGHV3-33","IGHJ4","CARDRNGDSPDHW"
"Tetanus","Harvard","TT",TRUE,"human","GSE253857","GSE253857_BM_Tetanus_4_CAGCGACGTAGCGTAG-1","IGKV3-20","IGKJ1","CYQYGALPRTF","IGKV3-20","IGKJ1","CYQYGALPRTF"
"Tetanus","Harvard","TT",TRUE,"human","GSE253857","GSE253857_BM_Tetanus_4_CATCAGATCGCGTTTC-1","IGKV3-20","IGKJ2","CQHYGSSLFTF","IGKV3-20","IGKJ2","CQHYGSSLFTF"
"Tetanus","Harvard","TT",TRUE,"human","GSE253857","GSE253857_BM_Tetanus_4_CATCCACGTTATGTGC-1","IGKV1D-39","IGKJ1","CQQSYSTLPTF","IGKV1D-39","IGKJ1","CQQSYSTLPTF"
"Tetanus","Harvard","TT",TRUE,"human","GSE253857","GSE253857_BM_Tetanus_4_CCACCTAAGTGCGATG-1","IGKV1D-39","IGKJ5","CQHSLSPRVSF","IGKV1D-39","IGKJ5","CQHSLSPRVSF"
"Tetanus","Harvard","TT",TRUE,"human","GSE253857","GSE253857_BM_Tetanus_4_CCACTACGTAAAGGAG-1","IGKV1D-39","IGKJ2","CHQSHSTPYTF","IGKV1D-39","IGKJ2","CHQSHSTPYTF"
"Tetanus","Harvard","TT",TRUE,"human","GSE253857","GSE253857_BM_Tetanus_4_CCGGTAGGTTCAACCA-1","IGKV1-5","IGKJ2","CQQYSSYYRTF","IGKV1-5","IGKJ2","CQQYSSYYRTF"
"Tetanus","Harvard","TT",TRUE,"human","GSE253857","GSE253857_BM_Tetanus_4_CCTTCGACACAAGTAA-1","IGKV3-15","IGKJ2","CQQHNTWPRTF","IGKV3-15","IGKJ2","CQQHNTWPRTF"
"Tetanus","Harvard","TT",TRUE,"human","GSE253857","GSE253857_BM_Tetanus_4_CGACTTCGTCTGGAGA-1","IGKV1-5","IGKJ2","CQQYDSYSYTF","IGKV1-5","IGKJ2","CQQYDSYSYTF"
"Tetanus","Harvard","TT",TRUE,"human","GSE253857","GSE253857_BM_Tetanus_4_CGCTTCACAAATCCGT-1","IGKV3-20","IGKJ1","CYQYGALPRTF","IGKV3-20","IGKJ1","CYQYGALPRTF"
"Tetanus","Harvard","TT",TRUE,"human","GSE253857","GSE253857_BM_Tetanus_4_CTACATTAGTCGATAA-1","IGLV2-11","IGLJ7","CCSYGGSYTWVF","IGLV2-11","IGLJ7","CCSYGGSYTWVF"
"Tetanus","Harvard","TT",TRUE,"human","GSE253857","GSE253857_BM_Tetanus_4_CTCATTATCCTCCTAG-1","IGKV4-1","IGKJ1","CQQYYSFPPTF","IGKV4-1","IGKJ1","CQQYYSFPPTF"
"Tetanus","Harvard","TT",TRUE,"human","GSE253857","GSE253857_BM_Tetanus_4_CTCGGAGGTCAATGTC-1","IGKV3-15","IGKJ2","CQQHNTWPRTF","IGKV3-15","IGKJ2","CQQHNTWPRTF"
"Tetanus","Harvard","TT",TRUE,"human","GSE253857","GSE253857_BM_Tetanus_4_CTCGTACGTTCCGGCA-1","IGKV3-15","IGKJ4","CQQYNRRPLTF","IGKV3-15","IGKJ4","CQQYNRRPLTF"
"Tetanus","Harvard","TT",TRUE,"human","GSE253857","GSE253857_BM_Tetanus_4_CTGATAGCAATAGAGT-1","IGKV1-5","IGKJ2","CQQYNSYPYTF","IGKV1-5","IGKJ2","CQQYNSYPYTF"
"Tetanus","Harvard","TT",TRUE,"human","GSE253857","GSE253857_BM_Tetanus_4_CTGCTGTGTCTACCTC-1","IGKV1-12","IGKJ1","CQQASSFPWTF","IGKV1-12","IGKJ1","CQQASSFPWTF"
"Tetanus","Harvard","TT",TRUE,"human","GSE253857","GSE253857_BM_Tetanus_4_CTGGTCTTCGGTCTAA-1","IGKV1D-39","IGKJ1","CQQSYIMPRTF","IGKV1D-39","IGKJ1","CQQSYIMPRTF"
"Tetanus","Harvard","TT",TRUE,"human","GSE253857","GSE253857_BM_Tetanus_4_CTTGGCTGTAGGAGTC-1","IGKV1-39","IGKJ2","CQQSFETPYTF","IGKV1-39","IGKJ2","CQQSFETPYTF"
"Tetanus","Harvard","TT",TRUE,"human","GSE253857","GSE253857_BM_Tetanus_4_GACAGAGGTTCCACAA-1","IGKV3-20","IGKJ1","CYQYGALPRTF","IGKV3-20","IGKJ1","CYQYGALPRTF"
"Tetanus","Harvard","TT",TRUE,"human","GSE253857","GSE253857_BM_Tetanus_4_GACCAATTCTTCTGGC-1","IGKV1-6","IGKJ3","CLQDNNYPFTF","IGKV1-6","IGKJ3","CLQDNNYPFTF"
"Tetanus","Harvard","TT",TRUE,"human","GSE253857","GSE253857_BM_Tetanus_4_GACTACAGTAGCTTGT-1","IGKV1-17","IGKJ2","CLQHNSYPYTF","IGKV1-17","IGKJ2","CLQHNSYPYTF"
"Tetanus","Harvard","TT",TRUE,"human","GSE253857","GSE253857_BM_Tetanus_4_GAGGTGAAGCACACAG-1","IGKV1-5","IGKJ2","CQQYNDYPVTF","IGKV1-5","IGKJ2","CQQYNDYPVTF"
"Tetanus","Harvard","TT",TRUE,"human","GSE253857","GSE253857_BM_Tetanus_4_GAGTCCGCAGGTTTCA-1","IGKV3-15","IGKJ2","CQQHNTWPRTF","IGKV3-15","IGKJ2","CQQHNTWPRTF"
"Tetanus","Harvard","TT",TRUE,"human","GSE253857","GSE253857_BM_Tetanus_4_GATCAGTAGCGTCAAG-1","IGKV1-6","IGKJ1","CLQHYNYPRTF","IGKV1-6","IGKJ1","CLQHYNYPRTF"
"Tetanus","Harvard","TT",TRUE,"human","GSE253857","GSE253857_BM_Tetanus_4_GATGAAATCAGTTGAC-1","IGKV4-1","IGKJ2","CQQFYTTPYTF","IGKV4-1","IGKJ2","CQQFYTTPYTF"
"Tetanus","Harvard","TT",TRUE,"human","GSE253857","GSE253857_BM_Tetanus_4_GCCTCTAAGATCTGCT-1","IGKV1-5","IGKJ2","CQQYNSYPYTF","IGKV1-5","IGKJ2","CQQYNSYPYTF"
"Tetanus","Harvard","TT",TRUE,"human","GSE253857","GSE253857_BM_Tetanus_4_GCGACCACAGACGCTC-1","IGKV3-15","IGKJ4","CQQYNRRPFTF","IGKV3-15","IGKJ4","CQQYNRRPFTF"
"Tetanus","Harvard","TT",TRUE,"human","GSE253857","GSE253857_BM_Tetanus_4_GCGCGATAGTTCGATC-1","IGKV1-5","IGKJ2","CQQYSSYYRSF","IGKV1-5","IGKJ2","CQQYSSYYRSF"
"Tetanus","Harvard","TT",TRUE,"human","GSE253857","GSE253857_BM_Tetanus_4_GCTGCGAAGACTAGGC-1","IGKV1-5","IGKJ2","CQQYSSYYRTF","IGKV1-5","IGKJ2","CQQYSSYYRTF"
"Tetanus","Harvard","TT",TRUE,"human","GSE253857","GSE253857_BM_Tetanus_4_GGAAAGCGTCAGAATA-1","IGHV3-23","IGHJ5","CAKGDNGYVRDWFDPW","IGHV3-23","IGHJ5","CAKGDNGYVRDWFDPW"
"Tetanus","Harvard","TT",TRUE,"human","GSE253857","GSE253857_BM_Tetanus_4_GGACAAGCACATCCGG-1","IGKV1-39","IGKJ5","CQQNYNFPITF","IGKV1-39","IGKJ5","CQQNYNFPITF"
"Tetanus","Harvard","TT",TRUE,"human","GSE253857","GSE253857_BM_Tetanus_4_GGACAAGTCTAACTTC-1","IGKV1D-39","IGKJ4","CQQSYSSPLTF","IGKV1D-39","IGKJ4","CQQSYSSPLTF"
"Tetanus","Harvard","TT",TRUE,"human","GSE253857","GSE253857_BM_Tetanus_4_GGATGTTCAGTTAACC-1","IGKV1D-39","IGKJ5","CQHAYSPRVSF","IGKV1D-39","IGKJ5","CQHAYSPRVSF"
"Tetanus","Harvard","TT",TRUE,"human","GSE253857","GSE253857_BM_Tetanus_4_GGCGACTCAAGCCTAT-1","IGKV4-1","IGKJ1","CQQYYSTPWTF","IGKV4-1","IGKJ1","CQQYYSTPWTF"
"Tetanus","Harvard","TT",TRUE,"human","GSE253857","GSE253857_BM_Tetanus_4_GGGCACTAGTGAAGAG-1","IGHV3-74","IGHJ4","CVSGWSTQFDYW","IGHV3-74","IGHJ4","CVSGWSTQFDYW"
"Tetanus","Harvard","TT",TRUE,"human","GSE253857","GSE253857_BM_Tetanus_4_GGGCACTGTGCTAGCC-1","IGKV1-5","IGKJ2","CQQYNSYPYTF","IGKV1-5","IGKJ2","CQQYNSYPYTF"
"Tetanus","Harvard","TT",TRUE,"human","GSE253857","GSE253857_BM_Tetanus_4_GGTGAAGCAATCACAC-1","IGKV3-15","IGKJ4","CQQYKNWPPLTF","IGKV3-15","IGKJ4","CQQYKNWPPLTF"
"Tetanus","Harvard","TT",TRUE,"human","GSE253857","GSE253857_BM_Tetanus_4_GGTGCGTTCATGTAGC-1","IGKV1-5","IGKJ2","CQQYNSYPYTF","IGKV1-5","IGKJ2","CQQYNSYPYTF"
"Tetanus","Harvard","TT",TRUE,"human","GSE253857","GSE253857_BM_Tetanus_4_GTCAAGTCATATGGTC-1","IGKV3-11","IGKJ3","CQQRSNWPLFTF","IGKV3-11","IGKJ3","CQQRSNWPLFTF"
"Tetanus","Harvard","TT",TRUE,"human","GSE253857","GSE253857_BM_Tetanus_4_GTCAAGTGTTTCCACC-1","IGKV4-1","IGKJ1","CQQYYSTPWTF","IGKV4-1","IGKJ1","CQQYYSTPWTF"
"Tetanus","Harvard","TT",TRUE,"human","GSE253857","GSE253857_BM_Tetanus_4_GTCGGGTTCTCTGAGA-1","IGKV1D-39","IGKJ4","CQQSFSTPGTF","IGKV1D-39","IGKJ4","CQQSFSTPGTF"
"Tetanus","Harvard","TT",TRUE,"human","GSE253857","GSE253857_BM_Tetanus_4_GTCGTAAGTTGGTAAA-1","IGKV1-5","IGKJ1","CQHYNDFGTF","IGKV1-5","IGKJ1","CQHYNDFGTF"
"Tetanus","Harvard","TT",TRUE,"human","GSE253857","GSE253857_BM_Tetanus_4_GTGTTAGCACGAAATA-1","IGKV3-15","IGKJ4","CQQYNRRPLTF","IGKV3-15","IGKJ4","CQQYNRRPLTF"
"Tetanus","Harvard","TT",TRUE,"human","GSE253857","GSE253857_BM_Tetanus_4_GTTACAGAGACTTGAA-1","IGKV3-15","IGKJ4","CQQYINWPPTF","IGKV3-15","IGKJ4","CQQYINWPPTF"
"Tetanus","Harvard","TT",TRUE,"human","GSE253857","GSE253857_BM_Tetanus_4_GTTTCTAGTCCGTCAG-1","IGKV1-8","IGKJ1","CLQEYTYPWTF","IGKV1-8","IGKJ1","CLQEYTYPWTF"
"Tetanus","Harvard","TT",TRUE,"human","GSE253857","GSE253857_BM_Tetanus_4_TAAACCGAGCGCTTAT-1","IGKV1-9","IGKJ4","CQLLNSYPSF","IGKV1-9","IGKJ4","CQLLNSYPSF"
"Tetanus","Harvard","TT",TRUE,"human","GSE253857","GSE253857_BM_Tetanus_4_TAAGCGTCACAGAGGT-1","IGKV3-20","IGKJ2","CQQSSTSPYTF","IGKV3-20","IGKJ2","CQQSSTSPYTF"
"Tetanus","Harvard","TT",TRUE,"human","GSE253857","GSE253857_BM_Tetanus_4_TACTTACAGCTAGTTC-1","IGKV3-15","IGKJ2","CQQHNTWPRTF","IGKV3-15","IGKJ2","CQQHNTWPRTF"
"Tetanus","Harvard","TT",TRUE,"human","GSE253857","GSE253857_BM_Tetanus_4_TAGGCATCAAAGGTGC-1","IGKV3-15","IGKJ4","CQQYKNWPPLTF","IGKV3-15","IGKJ4","CQQYKNWPPLTF"
"Tetanus","Harvard","TT",TRUE,"human","GSE253857","GSE253857_BM_Tetanus_4_TATCAGGTCCGTAGGC-1","IGKV1-33","IGKJ4","CQQYDTFSVTF","IGKV1-33","IGKJ4","CQQYDTFSVTF"
"Tetanus","Harvard","TT",TRUE,"human","GSE253857","GSE253857_BM_Tetanus_4_TCAGCAAAGAATTGTG-1","IGKV3-20","IGKJ1","CQQYGYSRTF","IGKV3-20","IGKJ1","CQQYGYSRTF"
"Tetanus","Harvard","TT",TRUE,"human","GSE253857","GSE253857_BM_Tetanus_4_TCAGCAACACTTCGAA-1","IGKV1-5","IGKJ2","CQQYNSYPYTF","IGKV1-5","IGKJ2","CQQYNSYPYTF"
"Tetanus","Harvard","TT",TRUE,"human","GSE253857","GSE253857_BM_Tetanus_4_TCGAGGCGTCTCTTAT-1","IGKV2-24","IGKJ1","CMQATQFPRTF","IGKV2-24","IGKJ1","CMQATQFPRTF"
"Tetanus","Harvard","TT",TRUE,"human","GSE253857","GSE253857_BM_Tetanus_4_TCGCGTTGTTCAGTAC-1","IGKV1D-39","IGKJ4","CQQSYSSPLTF","IGKV1D-39","IGKJ4","CQQSYSSPLTF"
"Tetanus","Harvard","TT",TRUE,"human","GSE253857","GSE253857_BM_Tetanus_4_TCTTCGGAGCAATATG-1","IGLV2-23","IGLJ7","CCSYAGSDTLLF","IGLV2-23","IGLJ7","CCSYAGSDTLLF"
"Tetanus","Harvard","TT",TRUE,"human","GSE253857","GSE253857_BM_Tetanus_4_TGCCCTACAGTGGAGT-1","IGLV3-19","IGLJ7","CKSRDTSGEFRVF","IGLV3-19","IGLJ7","CKSRDTSGEFRVF"
"Tetanus","Harvard","TT",TRUE,"human","GSE253857","GSE253857_BM_Tetanus_4_TGTGTTTAGAGGACGG-1","IGKV1-5","IGKJ2","CQQYSSYYRTF","IGKV1-5","IGKJ2","CQQYSSYYRTF"
"Tetanus","Harvard","TT",TRUE,"human","GSE253857","GSE253857_BM_Tetanus_4_TTAGGACAGTGTCCCG-1","IGHV3-33","IGHJ5","CARDNYVGWEPAAGDNFFDPW","IGHV3-33","IGHJ5","CARDNYVGWEPAAGDNFFDPW"
"Tetanus","Harvard","TT",TRUE,"human","GSE253857","GSE253857_BM_Tetanus_4_TTATGCTGTATCACCA-1","IGKV1-39","IGKJ2","CQQSFETPYTF","IGKV1-39","IGKJ2","CQQSFETPYTF"
"Tetanus","Harvard","TT",TRUE,"human","GSE253857","GSE253857_BM_Tetanus_4_TTCGAAGGTAGCCTAT-1","IGKV3-15","IGKJ2","CQQHNYWPRTF","IGKV3-15","IGKJ2","CQQHNYWPRTF"
"Tetanus","Harvard","TT",TRUE,"human","GSE253857","GSE253857_BM_Tetanus_4_TTCTACATCAACACTG-1","IGKV1-33","IGKJ4","CQQYDSFPLTF","IGKV1-33","IGKJ4","CQQYDSFPLTF"
"Tetanus","Harvard","TT",TRUE,"human","GSE253857","GSE253857_BM_Tetanus_4_TTCTACATCAATAAGG-1","IGHV3-33","IGHJ4","CARGGRRGYSAYDGGDYW","IGHV3-33","IGHJ4","CARGGRRGYSAYDGGDYW"
"Tetanus","Harvard","TT",TRUE,"human","GSE253857","GSE253857_BM_Tetanus_4_TTGAACGAGTCTCCTC-1","IGLV3-25","IGLJ7","CQSADISGTYVF","IGLV3-25","IGLJ7","CQSADISGTYVF"
"Tetanus","Harvard","TT",TRUE,"human","GSE253857","GSE253857_BM_Tetanus_4_TTGAACGTCAAAGTAG-1","IGKV3-15","IGKJ1","CQQYNNWPTWTF","IGKV3-15","IGKJ1","CQQYNNWPTWTF"
"Tetanus","Harvard","TT",TRUE,"human","GSE253857","GSE252959_Tetanus_specificBcells_AAACGGGAGATAGCAT-1","IGKV2D-28","IGKJ5","CMQALQTPSITF","IGKV2D-28","IGKJ5","CMQALQTPSITF"
"Tetanus","Harvard","TT",TRUE,"human","GSE253857","GSE252959_Tetanus_specificBcells_AAACGGGTCTCTAGGA-1","IGHV3-43","IGHJ6","CARDTHTSSSPIRYYFRGMDVW","IGHV3-43","IGHJ6","CARDTHTSSSPIRYYFRGMDVW"
"Tetanus","Harvard","TT",TRUE,"human","GSE253857","GSE252959_Tetanus_specificBcells_AAAGCAACAGTTTACG-1","IGHV1-46","IGHJ6","CARGTYTTSSVFYYGLDVW","IGHV1-46","IGHJ6","CARGTYTTSSVFYYGLDVW"
"Tetanus","Harvard","TT",TRUE,"human","GSE253857","GSE252959_Tetanus_specificBcells_AAAGCAATCGCAAGCC-1","IGKV4-1","IGKJ2","CQQYYSFPYTF","IGKV4-1","IGKJ2","CQQYYSFPYTF"
"Tetanus","Harvard","TT",TRUE,"human","GSE253857","GSE252959_Tetanus_specificBcells_AACCATGCACAACGCC-1","IGKV1-16","IGKJ3","CQQYKTYPSTF","IGKV1-16","IGKJ3","CQQYKTYPSTF"
"Tetanus","Harvard","TT",TRUE,"human","GSE253857","GSE252959_Tetanus_specificBcells_AACCATGGTGAGTATA-1","IGKV1D-39","IGKJ4","CQQSYSAPPLTF","IGKV1D-39","IGKJ4","CQQSYSAPPLTF"
"Tetanus","Harvard","TT",TRUE,"human","GSE253857","GSE252959_Tetanus_specificBcells_AACCGCGCACATCCAA-1","IGHV2-5","IGHJ4","CAHRKIGYVNNWYQGIFDYW","IGHV2-5","IGHJ4","CAHRKIGYVNNWYQGIFDYW"
"Tetanus","Harvard","TT",TRUE,"human","GSE253857","GSE252959_Tetanus_specificBcells_AACTCCCCATCCGGGT-1","IGHV2-5","IGHJ4","CAHRKIGYINNWYQGIFDYW","IGHV2-5","IGHJ4","CAHRKIGYINNWYQGIFDYW"
"Tetanus","Harvard","TT",TRUE,"human","GSE253857","GSE252959_Tetanus_specificBcells_AACTCCCGTAAGAGGA-1","IGKV3-20","IGKJ2","CQQYGSSPPNTF","IGKV3-20","IGKJ2","CQQYGSSPPNTF"
"Tetanus","Harvard","TT",TRUE,"human","GSE253857","GSE252959_Tetanus_specificBcells_AACTCCCTCCGCATCT-1","IGHV2-5","IGHJ4","CAYRVGTNWVYVDHW","IGHV2-5","IGHJ4","CAYRVGTNWVYVDHW"
"Tetanus","Harvard","TT",TRUE,"human","GSE253857","GSE252959_Tetanus_specificBcells_AACTCTTAGCGTAATA-1","IGKV1-27","IGKJ5","CQKYNSAPPITF","IGKV1-27","IGKJ5","CQKYNSAPPITF"
"Tetanus","Harvard","TT",TRUE,"human","GSE253857","GSE252959_Tetanus_specificBcells_AACTCTTAGGAGTTGC-1","IGHV3-48","IGHJ6","CARPYCGSSSCLGWYYGMDVW","IGHV3-48","IGHJ6","CARPYCGSSSCLGWYYGMDVW"
"Tetanus","Harvard","TT",TRUE,"human","GSE253857","GSE252959_Tetanus_specificBcells_AACTCTTCACCAGCAC-1","IGHV1-69-2","IGHJ3","CARAGYYDSSGRMGAFDIW","IGHV1-69-2","IGHJ3","CARAGYYDSSGRMGAFDIW"
"Tetanus","Harvard","TT",TRUE,"human","GSE253857","GSE252959_Tetanus_specificBcells_AACTCTTTCAATCACG-1","IGHV4-61","IGHJ4","CAREKKDIVTDFDYW","IGHV4-61","IGHJ4","CAREKKDIVTDFDYW"
"Tetanus","Harvard","TT",TRUE,"human","GSE253857","GSE252959_Tetanus_specificBcells_AACTTTCCATCCGCGA-1","IGKV1-9","IGKJ4","CQQLNSYPLF","IGKV1-9","IGKJ4","CQQLNSYPLF"
"Tetanus","Harvard","TT",TRUE,"human","GSE253857","GSE252959_Tetanus_specificBcells_AAGACCTAGCCCGAAA-1","IGHV3-23","IGHJ6","CAKALVMVDTLLVGGMDVW","IGHV3-23","IGHJ6","CAKALVMVDTLLVGGMDVW"
"Tetanus","Harvard","TT",TRUE,"human","GSE253857","GSE252959_Tetanus_specificBcells_AAGGAGCGTGGCAAAC-1","IGHV3-73","IGHJ5","CTSGLLAYCGGDCYPQLNWFDPW","IGHV3-73","IGHJ5","CTSGLLAYCGGDCYPQLNWFDPW"
"Tetanus","Harvard","TT",TRUE,"human","GSE253857","GSE252959_Tetanus_specificBcells_AAGGCAGTCTGGTATG-1","IGKV3-20","IGKJ2","CQQYGSSPPNTF","IGKV3-20","IGKJ2","CQQYGSSPPNTF"
"Tetanus","Harvard","TT",TRUE,"human","GSE253857","GSE252959_Tetanus_specificBcells_AAGGTTCAGTTGAGTA-1","IGHV5-51","IGHJ6","CARWVGSSWYYYYGMDVW","IGHV5-51","IGHJ6","CARWVGSSWYYYYGMDVW"
"Tetanus","Harvard","TT",TRUE,"human","GSE253857","GSE252959_Tetanus_specificBcells_AAGGTTCTCTCCAGGG-1","IGKV1-17","IGKJ2","CLQHNTFPPTF","IGKV1-17","IGKJ2","CLQHNTFPPTF"
"Tetanus","Harvard","TT",TRUE,"human","GSE253857","GSE252959_Tetanus_specificBcells_AAGTCTGCAGTCACTA-1","IGHV3-23","IGHJ3","CAKGETTMIVVAYAFDIW","IGHV3-23","IGHJ3","CAKGETTMIVVAYAFDIW"
"Tetanus","Harvard","TT",TRUE,"human","GSE253857","GSE252959_Tetanus_specificBcells_AATCGGTCACGGCGTT-1","IGKV3-15","IGKJ1","CQQYNKWPPWTF","IGKV3-15","IGKJ1","CQQYNKWPPWTF"
"Tetanus","Harvard","TT",TRUE,"human","GSE253857","GSE252959_Tetanus_specificBcells_ACACCAACATAGACTC-1","IGKV1-5","IGKJ1","CQQYNSYSRTF","IGKV1-5","IGKJ1","CQQYNSYSRTF"
"Tetanus","Harvard","TT",TRUE,"human","GSE253857","GSE252959_Tetanus_specificBcells_ACACCCTTCAACCATG-1","IGKV3-20","IGKJ4","CQEYGSSPQAF","IGKV3-20","IGKJ4","CQEYGSSPQAF"
"Tetanus","Harvard","TT",TRUE,"human","GSE253857","GSE252959_Tetanus_specificBcells_ACACTGATCTGCAGTA-1","IGKV3-20","IGKJ1","CQQYGSSPRWTF","IGKV3-20","IGKJ1","CQQYGSSPRWTF"
"Tetanus","Harvard","TT",TRUE,"human","GSE253857","GSE252959_Tetanus_specificBcells_ACATACGAGAGTGACC-1","IGKV4-1","IGKJ1","CQQYHSTPRTF","IGKV4-1","IGKJ1","CQQYHSTPRTF"
"Tetanus","Harvard","TT",TRUE,"human","GSE253857","GSE252959_Tetanus_specificBcells_ACATACGAGTGAACGC-1","IGKV1-39","IGKJ2","CQQSYSFPYTF","IGKV1-39","IGKJ2","CQQSYSFPYTF"
"Tetanus","Harvard","TT",TRUE,"human","GSE253857","GSE252959_Tetanus_specificBcells_ACATCAGAGATATACG-1","IGKV1-17","IGKJ1","CLQHNSYPITF","IGKV1-17","IGKJ1","CLQHNSYPITF"
"Tetanus","Harvard","TT",TRUE,"human","GSE253857","GSE252959_Tetanus_specificBcells_ACCAGTAGTCTTCAAG-1","IGKV3-15","IGKJ1","CQQYDDWRRTF","IGKV3-15","IGKJ1","CQQYDDWRRTF"
"Tetanus","Harvard","TT",TRUE,"human","GSE253857","GSE252959_Tetanus_specificBcells_ACCCACTCACCACCAG-1","IGKV2D-28","IGKJ1","CMQALQTPRATF","IGKV2D-28","IGKJ1","CMQALQTPRATF"
"Tetanus","Harvard","TT",TRUE,"human","GSE253857","GSE252959_Tetanus_specificBcells_ACCGTAATCTTCAACT-1","IGHV1-46","IGHJ6","CARVRAPIVVVPAAPYYYYGMDVW","IGHV1-46","IGHJ6","CARVRAPIVVVPAAPYYYYGMDVW"
"Tetanus","Harvard","TT",TRUE,"human","GSE253857","GSE252959_Tetanus_specificBcells_ACCTTTATCTATCCTA-1","IGHV3-53","IGHJ4","CASLRWFNPGFEYW","IGHV3-53","IGHJ4","CASLRWFNPGFEYW"
"Tetanus","Harvard","TT",TRUE,"human","GSE253857","GSE252959_Tetanus_specificBcells_ACGATACGTCACCTAA-1","IGLV2-23","IGLJ7","CCSYAGSSTYVF","IGLV2-23","IGLJ7","CCSYAGSSTYVF"
"Tetanus","Harvard","TT",TRUE,"human","GSE253857","GSE252959_Tetanus_specificBcells_ACGCAGCCAGCCTATA-1","IGKV1-17","IGKJ1","CLQYSSYPPWAF","IGKV1-17","IGKJ1","CLQYSSYPPWAF"
"Tetanus","Harvard","TT",TRUE,"human","GSE253857","GSE252959_Tetanus_specificBcells_ACGCCGAAGCTGTTCA-1","IGHV3-33","IGHJ6","CARDVLRYLEWNGMDVW","IGHV3-33","IGHJ6","CARDVLRYLEWNGMDVW"
"Tetanus","Harvard","TT",TRUE,"human","GSE253857","GSE252959_Tetanus_specificBcells_ACGCCGAGTCAAAGAT-1","IGHV1-3","IGHJ4","CAYYGSGSYSWAYW","IGHV1-3","IGHJ4","CAYYGSGSYSWAYW"
"Tetanus","Harvard","TT",TRUE,"human","GSE253857","GSE252959_Tetanus_specificBcells_ACGGAGAAGCCATCGC-1","IGKV3-20","IGKJ2","CQQYGSSPPNTF","IGKV3-20","IGKJ2","CQQYGSSPPNTF"
"Tetanus","Harvard","TT",TRUE,"human","GSE253857","GSE252959_Tetanus_specificBcells_ACGTCAATCCAACCAA-1","IGKV1-5","IGKJ2","CLQYNSFPYTF","IGKV1-5","IGKJ2","CLQYNSFPYTF"
"Tetanus","Harvard","TT",TRUE,"human","GSE253857","GSE252959_Tetanus_specificBcells_ACTGAACTCACTCCTG-1","IGHV5-51","IGHJ4","CATAHYYDTSGLDYW","IGHV5-51","IGHJ4","CATAHYYDTSGLDYW"
"Tetanus","Harvard","TT",TRUE,"human","GSE253857","GSE252959_Tetanus_specificBcells_ACTGTCCTCTAACTGG-1","IGKV1-5","IGKJ1","CQQYDTYWTF","IGKV1-5","IGKJ1","CQQYDTYWTF"
"Tetanus","Harvard","TT",TRUE,"human","GSE253857","GSE252959_Tetanus_specificBcells_AGACGTTGTCCAAGTT-1","IGKV1D-39","IGKJ1","CQQNYSPLRTF","IGKV1D-39","IGKJ1","CQQNYSPLRTF"
"Tetanus","Harvard","TT",TRUE,"human","GSE253857","GSE252959_Tetanus_specificBcells_AGACGTTGTTGTTTGG-1","IGKV3-20","IGKJ2","CQHYASSPYTF","IGKV3-20","IGKJ2","CQHYASSPYTF"
"Tetanus","Harvard","TT",TRUE,"human","GSE253857","GSE252959_Tetanus_specificBcells_AGAGTGGCACAGGCCT-1","IGKV3-20","IGKJ2","CQHYASSPYTF","IGKV3-20","IGKJ2","CQHYASSPYTF"
"Tetanus","Harvard","TT",TRUE,"human","GSE253857","GSE252959_Tetanus_specificBcells_AGCATACCATGGTCAT-1","IGKV2D-28","IGKJ4","CMQALETPLTF","IGKV2D-28","IGKJ4","CMQALETPLTF"
"Tetanus","Harvard","TT",TRUE,"human","GSE253857","GSE252959_Tetanus_specificBcells_AGCCTAAAGAGGTACC-1","IGHV3-43","IGHJ6","CAKDSLRYYYYGMDVW","IGHV3-43","IGHJ6","CAKDSLRYYYYGMDVW"
"Tetanus","Harvard","TT",TRUE,"human","GSE253857","GSE252959_Tetanus_specificBcells_AGCCTAAAGCTATGCT-1","IGHV3-48","IGHJ5","CARDYGGEFYGSGSLESW","IGHV3-48","IGHJ5","CARDYGGEFYGSGSLESW"
"Tetanus","Harvard","TT",TRUE,"human","GSE253857","GSE252959_Tetanus_specificBcells_AGCCTAACAATCACAC-1","IGKV1-6","IGKJ5","CLQDYNYPITF","IGKV1-6","IGKJ5","CLQDYNYPITF"
"Tetanus","Harvard","TT",TRUE,"human","GSE253857","GSE252959_Tetanus_specificBcells_AGCGTATAGCTACCGC-1","IGKV2-30","IGKJ1","CIQGTHWPPAF","IGKV2-30","IGKJ1","CIQGTHWPPAF"
"Tetanus","Harvard","TT",TRUE,"human","GSE253857","GSE252959_Tetanus_specificBcells_AGCTCTCGTTTAAGCC-1","IGHV5-51","IGHJ6","CARHPRGTAARTEPFHGMDVW","IGHV5-51","IGHJ6","CARHPRGTAARTEPFHGMDVW"
"Tetanus","Harvard","TT",TRUE,"human","GSE253857","GSE252959_Tetanus_specificBcells_AGGTCCGGTCAGATAA-1","IGHV1-69","IGHJ4","CARGSHQHVWGSAIVYW","IGHV1-69","IGHJ4","CARGSHQHVWGSAIVYW"
"Tetanus","Harvard","TT",TRUE,"human","GSE253857","GSE252959_Tetanus_specificBcells_AGGTCCGGTGAGCGAT-1","IGKV4-1","IGKJ2","CQQYYNTPRSF","IGKV4-1","IGKJ2","CQQYYNTPRSF"
"Tetanus","Harvard","TT",TRUE,"human","GSE253857","GSE252959_Tetanus_specificBcells_AGTGAGGGTAGGCATG-1","IGKV3-15","IGKJ1","CQQYNSWPRTF","IGKV3-15","IGKJ1","CQQYNSWPRTF"
"Tetanus","Harvard","TT",TRUE,"human","GSE253857","GSE252959_Tetanus_specificBcells_AGTGGGACATGCCTAA-1","IGKV3-20","IGKJ5","CQQYGSSPPITF","IGKV3-20","IGKJ5","CQQYGSSPPITF"
"Tetanus","Harvard","TT",TRUE,"human","GSE253857","GSE252959_Tetanus_specificBcells_AGTGTCACAATGGAGC-1","IGKV3-20","IGKJ3","CQQYGSSPFTF","IGKV3-20","IGKJ3","CQQYGSSPFTF"
"Tetanus","Harvard","TT",TRUE,"human","GSE253857","GSE252959_Tetanus_specificBcells_AGTGTCAGTAATCACC-1","IGLV2-14","IGLJ7","CSAYSSTFTRLF","IGLV2-14","IGLJ7","CSAYSSTFTRLF"
"Tetanus","Harvard","TT",TRUE,"human","GSE253857","GSE252959_Tetanus_specificBcells_AGTTGGTGTACGAAAT-1","IGKV1-8","IGKJ1","CQHYYNYPRTF","IGKV1-8","IGKJ1","CQHYYNYPRTF"
"Tetanus","Harvard","TT",TRUE,"human","GSE253857","GSE252959_Tetanus_specificBcells_ATAACGCTCGTCCAGG-1","IGLV2-11","IGLJ7","CCSYAGSYVF","IGLV2-11","IGLJ7","CCSYAGSYVF"
"Tetanus","Harvard","TT",TRUE,"human","GSE253857","GSE252959_Tetanus_specificBcells_ATAAGAGAGTAATCCC-1","IGHV3-33","IGHJ3","CARGSGYSSGWYLLAAFDIW","IGHV3-33","IGHJ3","CARGSGYSSGWYLLAAFDIW"
"Tetanus","Harvard","TT",TRUE,"human","GSE253857","GSE252959_Tetanus_specificBcells_ATAGACCGTGGCTCCA-1","IGLV2-14","IGLJ7","CSSYADSTTPYVF","IGLV2-14","IGLJ7","CSSYADSTTPYVF"
"Tetanus","Harvard","TT",TRUE,"human","GSE253857","GSE252959_Tetanus_specificBcells_ATAGACCTCCGCATCT-1","IGKV3-15","IGKJ2","CQHYKKWPLYTF","IGKV3-15","IGKJ2","CQHYKKWPLYTF"
"Tetanus","Harvard","TT",TRUE,"human","GSE253857","GSE252959_Tetanus_specificBcells_ATCACGAAGAAGGGTA-1","IGHV4-28","IGHJ6","CAGTTRSYYAMDVW","IGHV4-28","IGHJ6","CAGTTRSYYAMDVW"
"Tetanus","Harvard","TT",TRUE,"human","GSE253857","GSE252959_Tetanus_specificBcells_ATCACGACACACATGT-1","IGKV1-17","IGKJ4","CLQHRAFPLTF","IGKV1-17","IGKJ4","CLQHRAFPLTF"
"Tetanus","Harvard","TT",TRUE,"human","GSE253857","GSE252959_Tetanus_specificBcells_ATCATCTTCAGAGACG-1","IGKV3-20","IGKJ2","CQQYGSSPPNTF","IGKV3-20","IGKJ2","CQQYGSSPPNTF"
"Tetanus","Harvard","TT",TRUE,"human","GSE253857","GSE252959_Tetanus_specificBcells_ATCATGGGTAAGTTCC-1","IGKV1-5","IGKJ1","CQQYNTYVTF","IGKV1-5","IGKJ1","CQQYNTYVTF"
"Tetanus","Harvard","TT",TRUE,"human","GSE253857","GSE252959_Tetanus_specificBcells_ATCATGGGTTAAAGAC-1","IGHV1-18","IGHJ6","CASSSPEFVVVIADFVGYGMDVW","IGHV1-18","IGHJ6","CASSSPEFVVVIADFVGYGMDVW"
"Tetanus","Harvard","TT",TRUE,"human","GSE253857","GSE252959_Tetanus_specificBcells_ATCCACCCATGGTAGG-1","IGHV1OR15-1","IGHJ5","CARGLGSGFEPF","IGHV1OR15-1","IGHJ5","CARGLGSGFEPF"
"Tetanus","Harvard","TT",TRUE,"human","GSE253857","GSE252959_Tetanus_specificBcells_ATCCACCGTCATATCG-1","IGHV3-33","IGHJ6","CARGRHCSTTRCYSYYNYYHVDVW","IGHV3-33","IGHJ6","CARGRHCSTTRCYSYYNYYHVDVW"
"Tetanus","Harvard","TT",TRUE,"human","GSE253857","GSE252959_Tetanus_specificBcells_ATCGAGTCACCACCAG-1","IGKV3-15","IGKJ4","CQQYNNWPPLTF","IGKV3-15","IGKJ4","CQQYNNWPPLTF"
"Tetanus","Harvard","TT",TRUE,"human","GSE253857","GSE252959_Tetanus_specificBcells_ATCTACTTCAATCTCT-1","IGKV3-20","IGKJ5","CQQYDGTSPITF","IGKV3-20","IGKJ5","CQQYDGTSPITF"
"Tetanus","Harvard","TT",TRUE,"human","GSE253857","GSE252959_Tetanus_specificBcells_ATCTACTTCGGACAAG-1","IGKV1-5","IGKJ1","CQQYKSYSTF","IGKV1-5","IGKJ1","CQQYKSYSTF"
"Tetanus","Harvard","TT",TRUE,"human","GSE253857","GSE252959_Tetanus_specificBcells_ATGGGAGGTTACGCGC-1","IGKV4-1","IGKJ3","CQQYYSIPPTF","IGKV4-1","IGKJ3","CQQYYSIPPTF"
"Tetanus","Harvard","TT",TRUE,"human","GSE253857","GSE252959_Tetanus_specificBcells_ATTACTCGTTAAGAAC-1","IGHV3-48","IGHJ4","CARRGHMKALYVDFW","IGHV3-48","IGHJ4","CARRGHMKALYVDFW"
"Tetanus","Harvard","TT",TRUE,"human","GSE253857","GSE252959_Tetanus_specificBcells_ATTGGTGAGCTATGCT-1","IGKV4-1","IGKJ2","CQQYYTTPCSF","IGKV4-1","IGKJ2","CQQYYTTPCSF"
"Tetanus","Harvard","TT",TRUE,"human","GSE253857","GSE252959_Tetanus_specificBcells_ATTTCTGCAAGCGAGT-1","IGKV1-5","IGKJ2","CQQYNRYPYTF","IGKV1-5","IGKJ2","CQQYNRYPYTF"
"Tetanus","Harvard","TT",TRUE,"human","GSE253857","GSE252959_Tetanus_specificBcells_CAACCAAAGCGATATA-1","IGLV2-14","IGLJ7","CGSYTDSTAPYVF","IGLV2-14","IGLJ7","CGSYTDSTAPYVF"
"Tetanus","Harvard","TT",TRUE,"human","GSE253857","GSE252959_Tetanus_specificBcells_CAAGAAAAGCTCCCAG-1","IGHV3-48","IGHJ4","CARDFGGEYYGSGSLDYW","IGHV3-48","IGHJ4","CARDFGGEYYGSGSLDYW"
"Tetanus","Harvard","TT",TRUE,"human","GSE253857","GSE252959_Tetanus_specificBcells_CAAGATCCAAATCCGT-1","IGHV3-66","IGHJ4","CARDSDGDYDYYW","IGHV3-66","IGHJ4","CARDSDGDYDYYW"
"Tetanus","Harvard","TT",TRUE,"human","GSE253857","GSE252959_Tetanus_specificBcells_CACAAACCATACTCTT-1","IGKV3-11","IGKJ3","CQHRSNWPPGATF","IGKV3-11","IGKJ3","CQHRSNWPPGATF"
"Tetanus","Harvard","TT",TRUE,"human","GSE253857","GSE252959_Tetanus_specificBcells_CACACCTCATCCGCGA-1","IGKV4-1","IGKJ4","CQQYYTTPLTF","IGKV4-1","IGKJ4","CQQYYTTPLTF"
"Tetanus","Harvard","TT",TRUE,"human","GSE253857","GSE252959_Tetanus_specificBcells_CACACCTGTTTCCACC-1","IGHV1-69","IGHJ4","CARARNKGIVGATLDYW","IGHV1-69","IGHJ4","CARARNKGIVGATLDYW"
"Tetanus","Harvard","TT",TRUE,"human","GSE253857","GSE252959_Tetanus_specificBcells_CACACTCCAACTTGAC-1","IGHV3-23","IGHJ4","CAKDACGGDCYSWADYW","IGHV3-23","IGHJ4","CAKDACGGDCYSWADYW"
"Tetanus","Harvard","TT",TRUE,"human","GSE253857","GSE252959_Tetanus_specificBcells_CACATTTCAGACTCGC-1","IGKV3-15","IGKJ2","CHQYNNWPPRYTF","IGKV3-15","IGKJ2","CHQYNNWPPRYTF"
"Tetanus","Harvard","TT",TRUE,"human","GSE253857","GSE252959_Tetanus_specificBcells_CACATTTTCAAAGTAG-1","IGHV4-59","IGHJ4","CARAYYYDSSGYSPGYFDYW","IGHV4-59","IGHJ4","CARAYYYDSSGYSPGYFDYW"
"Tetanus","Harvard","TT",TRUE,"human","GSE253857","GSE252959_Tetanus_specificBcells_CACCAGGTCGGAATCT-1","IGKV3-11","IGKJ2","CQQRGTF","IGKV3-11","IGKJ2","CQQRGTF"
"Tetanus","Harvard","TT",TRUE,"human","GSE253857","GSE252959_Tetanus_specificBcells_CACCTTGGTAGAAAGG-1","IGKV1-5","IGKJ1","CQQYNSYSEWTF","IGKV1-5","IGKJ1","CQQYNSYSEWTF"
"Tetanus","Harvard","TT",TRUE,"human","GSE253857","GSE252959_Tetanus_specificBcells_CACCTTGTCAGTCCCT-1","IGKV4-1","IGKJ1","CQQYYTIPRTF","IGKV4-1","IGKJ1","CQQYYTIPRTF"
"Tetanus","Harvard","TT",TRUE,"human","GSE253857","GSE252959_Tetanus_specificBcells_CAGCAGCGTCACAAGG-1","IGLV8-61","IGLJ7","CVLYMGSGTFVF","IGLV8-61","IGLJ7","CVLYMGSGTFVF"
"Tetanus","Harvard","TT",TRUE,"human","GSE253857","GSE252959_Tetanus_specificBcells_CAGCCGAGTGCTAGCC-1","IGKV1D-39","IGKJ1","CQQSYSTLKWTF","IGKV1D-39","IGKJ1","CQQSYSTLKWTF"
"Tetanus","Harvard","TT",TRUE,"human","GSE253857","GSE252959_Tetanus_specificBcells_CAGCTAACAGTTCCCT-1","IGKV3-20","IGKJ1","CQQYGDSPQTF","IGKV3-20","IGKJ1","CQQYGDSPQTF"
"Tetanus","Harvard","TT",TRUE,"human","GSE253857","GSE252959_Tetanus_specificBcells_CAGCTAACAGTTCCCT-1","IGKV3-20","IGKJ1","CQQYGDSPQTF","IGHV2-5","IGHJ3","CAHRVYLYGNWNGGAFDIW"
"Tetanus","Harvard","TT",TRUE,"human","GSE253857","GSE252959_Tetanus_specificBcells_CAGCTAACAGTTCCCT-1","IGHV2-5","IGHJ3","CAHRVYLYGNWNGGAFDIW","IGKV3-20","IGKJ1","CQQYGDSPQTF"
"Tetanus","Harvard","TT",TRUE,"human","GSE253857","GSE252959_Tetanus_specificBcells_CAGCTAACAGTTCCCT-1","IGHV2-5","IGHJ3","CAHRVYLYGNWNGGAFDIW","IGHV2-5","IGHJ3","CAHRVYLYGNWNGGAFDIW"
"Tetanus","Harvard","TT",TRUE,"human","GSE253857","GSE252959_Tetanus_specificBcells_CAGCTAAGTTGACGTT-1","IGHV1-46","IGHJ4","CAREGRDAYSGYDYW","IGHV1-46","IGHJ4","CAREGRDAYSGYDYW"
"Tetanus","Harvard","TT",TRUE,"human","GSE253857","GSE252959_Tetanus_specificBcells_CAGCTAAGTTGACGTT-1","IGHV1-46","IGHJ4","CAREGRDAYSGYDYW","IGKV1D-13","IGKJ4","CQQFNTYPLTF"
"Tetanus","Harvard","TT",TRUE,"human","GSE253857","GSE252959_Tetanus_specificBcells_CAGCTAAGTTGACGTT-1","IGKV1D-13","IGKJ4","CQQFNTYPLTF","IGHV1-46","IGHJ4","CAREGRDAYSGYDYW"
"Tetanus","Harvard","TT",TRUE,"human","GSE253857","GSE252959_Tetanus_specificBcells_CAGCTAAGTTGACGTT-1","IGKV1D-13","IGKJ4","CQQFNTYPLTF","IGKV1D-13","IGKJ4","CQQFNTYPLTF"
"Tetanus","Harvard","TT",TRUE,"human","GSE253857","GSE252959_Tetanus_specificBcells_CATATTCAGCAGGCTA-1","IGHV1-69","IGHJ4","CATSNVITLASSYSSSTLYYSDSW","IGHV1-69","IGHJ4","CATSNVITLASSYSSSTLYYSDSW"
"Tetanus","Harvard","TT",TRUE,"human","GSE253857","GSE252959_Tetanus_specificBcells_CATCAGATCCACTGGG-1","IGHV3-23","IGHJ6","CAKVDYDIYAMDVW","IGHV3-23","IGHJ6","CAKVDYDIYAMDVW"
"Tetanus","Harvard","TT",TRUE,"human","GSE253857","GSE252959_Tetanus_specificBcells_CATCCACAGCCAGTAG-1","IGKV1-5","IGKJ2","CQQYSSYSTF","IGKV1-5","IGKJ2","CQQYSSYSTF"
"Tetanus","Harvard","TT",TRUE,"human","GSE253857","GSE252959_Tetanus_specificBcells_CATCGGGAGCGACGTA-1","IGKV1-8","IGKJ1","CQHYYNYPRTF","IGKV1-8","IGKJ1","CQHYYNYPRTF"
"Tetanus","Harvard","TT",TRUE,"human","GSE253857","GSE252959_Tetanus_specificBcells_CATCGGGTCGAGCCCA-1","IGLV2-11","IGLJ7","CCSYAGSYRVF","IGLV2-11","IGLJ7","CCSYAGSYRVF"
"Tetanus","Harvard","TT",TRUE,"human","GSE253857","GSE252959_Tetanus_specificBcells_CCACCTACAGACTCGC-1","IGLV4-69","IGLJ7","CQTWRTGTWVF","IGLV4-69","IGLJ7","CQTWRTGTWVF"
"Tetanus","Harvard","TT",TRUE,"human","GSE253857","GSE252959_Tetanus_specificBcells_CCACCTAGTAAGAGAG-1","IGKV4-1","IGKJ1","CQQYHSTPRTF","IGKV4-1","IGKJ1","CQQYHSTPRTF"
"Tetanus","Harvard","TT",TRUE,"human","GSE253857","GSE252959_Tetanus_specificBcells_CCACGGATCTCGCATC-1","IGHV4-59","IGHJ6","CARDQRFCSSTTCYFWEDVW","IGHV4-59","IGHJ6","CARDQRFCSSTTCYFWEDVW"
"Tetanus","Harvard","TT",TRUE,"human","GSE253857","GSE252959_Tetanus_specificBcells_CCACTACTCGTACCGG-1","IGKV1-5","IGKJ2","CQQYNSYLYTF","IGKV1-5","IGKJ2","CQQYNSYLYTF"
"Tetanus","Harvard","TT",TRUE,"human","GSE253857","GSE252959_Tetanus_specificBcells_CCCATACGTGGCGAAT-1","IGKV1-16","IGKJ5","CQQYNSYPITF","IGKV1-16","IGKJ5","CQQYNSYPITF"
"Tetanus","Harvard","TT",TRUE,"human","GSE253857","GSE252959_Tetanus_specificBcells_CCTAAAGAGGGTATCG-1","IGHV4-59","IGHJ5","CARDLSSKKGWFDPW","IGHV4-59","IGHJ5","CARDLSSKKGWFDPW"
"Tetanus","Harvard","TT",TRUE,"human","GSE253857","GSE252959_Tetanus_specificBcells_CCTAAAGCACCTCGTT-1","IGKV1-5","IGKJ2","CQDYSSSSMCSF","IGKV1-5","IGKJ2","CQDYSSSSMCSF"
"Tetanus","Harvard","TT",TRUE,"human","GSE253857","GSE252959_Tetanus_specificBcells_CCTACACCATTCGACA-1","IGHV3-48","IGHJ4","CTRDHGGEHYGSGSLDYW","IGHV3-48","IGHJ4","CTRDHGGEHYGSGSLDYW"
"Tetanus","Harvard","TT",TRUE,"human","GSE253857","GSE252959_Tetanus_specificBcells_CCTACCATCGTACCGG-1","IGKV4-1","IGKJ2","CGQHHSIPNTF","IGKV4-1","IGKJ2","CGQHHSIPNTF"
"Tetanus","Harvard","TT",TRUE,"human","GSE253857","GSE252959_Tetanus_specificBcells_CCTATTAAGGGTCGAT-1","IGHV3-48","IGHJ4","CARDFGGEYYGSGSLDYW","IGHV3-48","IGHJ4","CARDFGGEYYGSGSLDYW"
"Tetanus","Harvard","TT",TRUE,"human","GSE253857","GSE252959_Tetanus_specificBcells_CCTTACGAGGTACTCT-1","IGKV3-11","IGKJ4","CQQGSNWPPLTF","IGKV3-11","IGKJ4","CQQGSNWPPLTF"
"Tetanus","Harvard","TT",TRUE,"human","GSE253857","GSE252959_Tetanus_specificBcells_CCTTACGGTTCCAACA-1","IGHV3-48","IGHJ1","CARDVFFWHW","IGHV3-48","IGHJ1","CARDVFFWHW"
"Tetanus","Harvard","TT",TRUE,"human","GSE253857","GSE252959_Tetanus_specificBcells_CGACCTTTCTACTTAC-1","IGKV1-5","IGKJ3","CQHYNTNSLFTF","IGKV1-5","IGKJ3","CQHYNTNSLFTF"
"Tetanus","Harvard","TT",TRUE,"human","GSE253857","GSE252959_Tetanus_specificBcells_CGACTTCCAGAAGCAC-1","IGKV3-11","IGKJ4","CQQRSNWLTF","IGKV3-11","IGKJ4","CQQRSNWLTF"
"Tetanus","Harvard","TT",TRUE,"human","GSE253857","GSE252959_Tetanus_specificBcells_CGAGCCACATCGTCGG-1","IGHV3-43","IGHJ6","CAKAFGYSTSCCVDGMDVW","IGHV3-43","IGHJ6","CAKAFGYSTSCCVDGMDVW"
"Tetanus","Harvard","TT",TRUE,"human","GSE253857","GSE252959_Tetanus_specificBcells_CGATGGCTCCAGAGGA-1","IGKV1-8","IGKJ1","CQHYYNYPRTF","IGKV1-8","IGKJ1","CQHYYNYPRTF"
"Tetanus","Harvard","TT",TRUE,"human","GSE253857","GSE252959_Tetanus_specificBcells_CGATGTAAGACAATAC-1","IGKV1-9","IGKJ3","CQQLNSYPFTF","IGKV1-9","IGKJ3","CQQLNSYPFTF"
"Tetanus","Harvard","TT",TRUE,"human","GSE253857","GSE252959_Tetanus_specificBcells_CGATGTAGTCGAAAGC-1","IGKV1-5","IGKJ2","CQQYNSYPMYTF","IGKV1-5","IGKJ2","CQQYNSYPMYTF"
"Tetanus","Harvard","TT",TRUE,"human","GSE253857","GSE252959_Tetanus_specificBcells_CGATTGAAGAAGGACA-1","IGKV3-11","IGKJ2","CQQRGSWPSSF","IGKV3-11","IGKJ2","CQQRGSWPSSF"
"Tetanus","Harvard","TT",TRUE,"human","GSE253857","GSE252959_Tetanus_specificBcells_CGCGGTAAGTGCGATG-1","IGHV2-5","IGHJ4","CAHRRIYSGIWSWGDFDYW","IGHV2-5","IGHJ4","CAHRRIYSGIWSWGDFDYW"
"Tetanus","Harvard","TT",TRUE,"human","GSE253857","GSE252959_Tetanus_specificBcells_CGCTATCCATGAGCGA-1","IGHV1-18","IGHJ3","CARDGKYPHRRENDAFDIW","IGHV1-18","IGHJ3","CARDGKYPHRRENDAFDIW"
"Tetanus","Harvard","TT",TRUE,"human","GSE253857","GSE252959_Tetanus_specificBcells_CGCTGGATCAAGATCC-1","IGKV1-12","IGKJ1","CQQANNFPWTF","IGKV1-12","IGKJ1","CQQANNFPWTF"
"Tetanus","Harvard","TT",TRUE,"human","GSE253857","GSE252959_Tetanus_specificBcells_CGGACACCATCACGAT-1","IGLV2-14","IGLJ7","CSSYTDSTTPYVF","IGLV2-14","IGLJ7","CSSYTDSTTPYVF"
"Tetanus","Harvard","TT",TRUE,"human","GSE253857","GSE252959_Tetanus_specificBcells_CGGACACGTACTTCTT-1","IGKV2-30","IGKJ2","CMQGTHWPPGTF","IGKV2-30","IGKJ2","CMQGTHWPPGTF"
"Tetanus","Harvard","TT",TRUE,"human","GSE253857","GSE252959_Tetanus_specificBcells_CGGACGTGTTCCGGCA-1","IGKV4-1","IGKJ1","CQQYHSTPRTF","IGKV4-1","IGKJ1","CQQYHSTPRTF"
"Tetanus","Harvard","TT",TRUE,"human","GSE253857","GSE252959_Tetanus_specificBcells_CGGAGTCGTCATGCAT-1","IGHV2-5","IGHJ4","CGHRLGPQNGDWDVGYFDYW","IGHV2-5","IGHJ4","CGHRLGPQNGDWDVGYFDYW"
"Tetanus","Harvard","TT",TRUE,"human","GSE253857","GSE252959_Tetanus_specificBcells_CGGCTAGTCATCTGTT-1","IGKV3-11","IGKJ4","CQHGSNGLRGFTF","IGKV3-11","IGKJ4","CQHGSNGLRGFTF"
"Tetanus","Harvard","TT",TRUE,"human","GSE253857","GSE252959_Tetanus_specificBcells_CGGTTAATCACCGGGT-1","IGKV1-12","IGKJ1","CQQVNNFPWTF","IGKV1-12","IGKJ1","CQQVNNFPWTF"
"Tetanus","Harvard","TT",TRUE,"human","GSE253857","GSE252959_Tetanus_specificBcells_CGTAGCGCACCGAATT-1","IGHV5-51","IGHJ4","CASSATGCGGDCYSPYYFDYW","IGHV5-51","IGHJ4","CASSATGCGGDCYSPYYFDYW"
"Tetanus","Harvard","TT",TRUE,"human","GSE253857","GSE252959_Tetanus_specificBcells_CGTCAGGGTATGAAAC-1","IGKV1D-39","IGKJ3","CQQSYSAPSTF","IGKV1D-39","IGKJ3","CQQSYSAPSTF"
"Tetanus","Harvard","TT",TRUE,"human","GSE253857","GSE252959_Tetanus_specificBcells_CGTGAGCAGTTGAGAT-1","IGKV1-33","IGKJ4","CQQCDSLPLTF","IGKV1-33","IGKJ4","CQQCDSLPLTF"
"Tetanus","Harvard","TT",TRUE,"human","GSE253857","GSE252959_Tetanus_specificBcells_CGTGTAACAGACAGGT-1","IGKV1-5","IGKJ1","CQQYKSYSTF","IGKV1-5","IGKJ1","CQQYKSYSTF"
"Tetanus","Harvard","TT",TRUE,"human","GSE253857","GSE252959_Tetanus_specificBcells_CTAACTTGTGATGTGG-1","IGHV3-48","IGHJ4","CSRDYGGEDYGSGRLVDW","IGHV3-48","IGHJ4","CSRDYGGEDYGSGRLVDW"
"Tetanus","Harvard","TT",TRUE,"human","GSE253857","GSE252959_Tetanus_specificBcells_CTACACCGTGGGTATG-1","IGHV5-51","IGHJ3","CARRDSYVLHAFDIW","IGHV5-51","IGHJ3","CARRDSYVLHAFDIW"
"Tetanus","Harvard","TT",TRUE,"human","GSE253857","GSE252959_Tetanus_specificBcells_CTACCCATCAGGCGAA-1","IGHV3-33","IGHJ4","CVRDETTVTADLYYW","IGHV3-33","IGHJ4","CVRDETTVTADLYYW"
"Tetanus","Harvard","TT",TRUE,"human","GSE253857","GSE252959_Tetanus_specificBcells_CTAGCCTTCATCGCTC-1","IGKV1-39","IGKJ1","CQQSYSNNWTF","IGKV1-39","IGKJ1","CQQSYSNNWTF"
"Tetanus","Harvard","TT",TRUE,"human","GSE253857","GSE252959_Tetanus_specificBcells_CTAGTGAAGTTTGCGT-1","IGLV2-14","IGLJ7","CSSYADSTTPYVF","IGLV2-14","IGLJ7","CSSYADSTTPYVF"
"Tetanus","Harvard","TT",TRUE,"human","GSE253857","GSE252959_Tetanus_specificBcells_CTCAGAAGTAGAGTGC-1","IGKV3-11","IGKJ4","CQQGSNWPPLTF","IGKV3-11","IGKJ4","CQQGSNWPPLTF"
"Tetanus","Harvard","TT",TRUE,"human","GSE253857","GSE252959_Tetanus_specificBcells_CTCAGAATCCAAGTAC-1","IGKV3-20","IGKJ2","CQQYGSSPGMYTF","IGKV3-20","IGKJ2","CQQYGSSPGMYTF"
"Tetanus","Harvard","TT",TRUE,"human","GSE253857","GSE252959_Tetanus_specificBcells_CTCCTAGCACATGTGT-1","IGKV1D-39","IGKJ2","CQQSYSTPYTF","IGKV1D-39","IGKJ2","CQQSYSTPYTF"
"Tetanus","Harvard","TT",TRUE,"human","GSE253857","GSE252959_Tetanus_specificBcells_CTCGAAAAGACTTTCG-1","IGHV3-33","IGHJ2","CARAWGPGDVWYFDLW","IGHV3-33","IGHJ2","CARAWGPGDVWYFDLW"
"Tetanus","Harvard","TT",TRUE,"human","GSE253857","GSE252959_Tetanus_specificBcells_CTCGAAACAGATGAGC-1","IGKV1D-13","IGKJ4","CQQFNNYPLTF","IGKV1D-13","IGKJ4","CQQFNNYPLTF"
"Tetanus","Harvard","TT",TRUE,"human","GSE253857","GSE252959_Tetanus_specificBcells_CTCGAGGCACGCGAAA-1","IGHV1-2","IGHJ3","CARGKGSGWGDCLDLW","IGHV1-2","IGHJ3","CARGKGSGWGDCLDLW"
"Tetanus","Harvard","TT",TRUE,"human","GSE253857","GSE252959_Tetanus_specificBcells_CTCGAGGGTTATGTGC-1","IGLV2-14","IGLJ7","CSSYTSSSTYVF","IGLV2-14","IGLJ7","CSSYTSSSTYVF"
"Tetanus","Harvard","TT",TRUE,"human","GSE253857","GSE252959_Tetanus_specificBcells_CTCGGGATCCTCGCAT-1","IGKV4-1","IGKJ3","CQQYYSEPLTF","IGKV4-1","IGKJ3","CQQYYSEPLTF"
"Tetanus","Harvard","TT",TRUE,"human","GSE253857","GSE252959_Tetanus_specificBcells_CTCGGGATCTCAACTT-1","IGLV3-21","IGLJ7","CQMWDVSSDSCVF","IGLV3-21","IGLJ7","CQMWDVSSDSCVF"
"Tetanus","Harvard","TT",TRUE,"human","GSE253857","GSE252959_Tetanus_specificBcells_CTCGTCATCCTCCTAG-1","IGKV2-30","IGKJ3","CMQGTHWPPFTF","IGKV2-30","IGKJ3","CMQGTHWPPFTF"
"Tetanus","Harvard","TT",TRUE,"human","GSE253857","GSE252959_Tetanus_specificBcells_CTCTACGGTGTAAGTA-1","IGKV1D-13","IGKJ5","CQQFNNFPPITF","IGKV1D-13","IGKJ5","CQQFNNFPPITF"
"Tetanus","Harvard","TT",TRUE,"human","GSE253857","GSE252959_Tetanus_specificBcells_CTGATAGCAAAGCAAT-1","IGKV3-20","IGKJ5","CQQYGSSPPITF","IGKV3-20","IGKJ5","CQQYGSSPPITF"
"Tetanus","Harvard","TT",TRUE,"human","GSE253857","GSE252959_Tetanus_specificBcells_CTGATAGTCAGGCGAA-1","IGKV3-20","IGKJ1","CQQYGSSPWTF","IGKV3-20","IGKJ1","CQQYGSSPWTF"
"Tetanus","Harvard","TT",TRUE,"human","GSE253857","GSE252959_Tetanus_specificBcells_CTGCCTATCAACACTG-1","IGKV1-16","IGKJ1","CQQYNLSPPTF","IGKV1-16","IGKJ1","CQQYNLSPPTF"
"Tetanus","Harvard","TT",TRUE,"human","GSE253857","GSE252959_Tetanus_specificBcells_CTGGTCTTCCGCATCT-1","IGHV4-61","IGHJ4","CARIPDYDTFTGYYNVIDFW","IGHV4-61","IGHJ4","CARIPDYDTFTGYYNVIDFW"
"Tetanus","Harvard","TT",TRUE,"human","GSE253857","GSE252959_Tetanus_specificBcells_CTGGTCTTCTCCTATA-1","IGLV2-11","IGLJ7","CCSYAGSYTRVF","IGLV2-11","IGLJ7","CCSYAGSYTRVF"
"Tetanus","Harvard","TT",TRUE,"human","GSE253857","GSE252959_Tetanus_specificBcells_CTGTGCTCAAGTACCT-1","IGHV2-5","IGHJ4","CAHRRHLSSSWNFGDFDYW","IGHV2-5","IGHJ4","CAHRRHLSSSWNFGDFDYW"
"Tetanus","Harvard","TT",TRUE,"human","GSE253857","GSE252959_Tetanus_specificBcells_CTGTTTATCGAGAACG-1","IGHV3-48","IGHJ4","CTRDHGGEFYGSGSLDYW","IGHV3-48","IGHJ4","CTRDHGGEFYGSGSLDYW"
"Tetanus","Harvard","TT",TRUE,"human","GSE253857","GSE252959_Tetanus_specificBcells_CTTAACTCAATCAGAA-1","IGKV3-15","IGKJ2","CQQYSNWPPYTF","IGKV3-15","IGKJ2","CQQYSNWPPYTF"
"Tetanus","Harvard","TT",TRUE,"human","GSE253857","GSE252959_Tetanus_specificBcells_CTTACCGAGGTAGCCA-1","IGKV3-15","IGKJ2","CQQYNNWPRYTF","IGKV3-15","IGKJ2","CQQYNNWPRYTF"
"Tetanus","Harvard","TT",TRUE,"human","GSE253857","GSE252959_Tetanus_specificBcells_GAACGGAAGCGCTCCA-1","IGKV3-11","IGKJ4","CQQRSNWPPLTF","IGKV3-11","IGKJ4","CQQRSNWPPLTF"
"Tetanus","Harvard","TT",TRUE,"human","GSE253857","GSE252959_Tetanus_specificBcells_GAAGCAGTCGATCCCT-1","IGKV1D-39","IGKJ3","CQQSYSAPSTF","IGKV1D-39","IGKJ3","CQQSYSAPSTF"
"Tetanus","Harvard","TT",TRUE,"human","GSE253857","GSE252959_Tetanus_specificBcells_GAATAAGGTGGGTATG-1","IGKV2D-28","IGKJ5","CMQGLQNPPTF","IGKV2D-28","IGKJ5","CMQGLQNPPTF"
"Tetanus","Harvard","TT",TRUE,"human","GSE253857","GSE252959_Tetanus_specificBcells_GACAGAGCAAAGGAAG-1","IGHV3-74","IGHJ4","CVKDSDIVATRTPRSYYFDYW","IGHV3-74","IGHJ4","CVKDSDIVATRTPRSYYFDYW"
"Tetanus","Harvard","TT",TRUE,"human","GSE253857","GSE252959_Tetanus_specificBcells_GACGCGTGTCTCATCC-1","IGHV3-48","IGHJ4","CARDLRGWQFDYW","IGHV3-48","IGHJ4","CARDLRGWQFDYW"
"Tetanus","Harvard","TT",TRUE,"human","GSE253857","GSE252959_Tetanus_specificBcells_GACGTTAAGCGTGAAC-1","IGHV7-81","IGHJ6","CARDPLRDYYDSSGYPGRYGMDVW","IGHV7-81","IGHJ6","CARDPLRDYYDSSGYPGRYGMDVW"
"Tetanus","Harvard","TT",TRUE,"human","GSE253857","GSE252959_Tetanus_specificBcells_GACTAACTCCACGTGG-1","IGHV3-15","IGHJ6","CTTYYYDSSGYYYYYGMDVW","IGHV3-15","IGHJ6","CTTYYYDSSGYYYYYGMDVW"
"Tetanus","Harvard","TT",TRUE,"human","GSE253857","GSE252959_Tetanus_specificBcells_GACTACAGTCGTCTTC-1","IGKV1-33","IGKJ4","CQQYDNLPLTF","IGKV1-33","IGKJ4","CQQYDNLPLTF"
"Tetanus","Harvard","TT",TRUE,"human","GSE253857","GSE252959_Tetanus_specificBcells_GAGCAGAAGAAACGCC-1","IGKV1D-39","IGKJ2","CQQSRSTPYTF","IGKV1D-39","IGKJ2","CQQSRSTPYTF"
"Tetanus","Harvard","TT",TRUE,"human","GSE253857","GSE252959_Tetanus_specificBcells_GAGCAGACAACACGCC-1","IGHV4-31","IGHJ5","CARVEPRIRFDPW","IGHV4-31","IGHJ5","CARVEPRIRFDPW"
"Tetanus","Harvard","TT",TRUE,"human","GSE253857","GSE252959_Tetanus_specificBcells_GAGGTGACAGAGTGTG-1","IGKV1-27","IGKJ4","CQKYNSAPLTF","IGKV1-27","IGKJ4","CQKYNSAPLTF"
"Tetanus","Harvard","TT",TRUE,"human","GSE253857","GSE252959_Tetanus_specificBcells_GATCAGTTCTTCAACT-1","IGKV1D-39","IGKJ3","CQQSYSAPSTF","IGKV1D-39","IGKJ3","CQQSYSAPSTF"
"Tetanus","Harvard","TT",TRUE,"human","GSE253857","GSE252959_Tetanus_specificBcells_GATCGTAAGTTGAGAT-1","IGKV1-39","IGKJ2","CQQTYSSIRSF","IGKV1-39","IGKJ2","CQQTYSSIRSF"
"Tetanus","Harvard","TT",TRUE,"human","GSE253857","GSE252959_Tetanus_specificBcells_GATGAAACACGAGGTA-1","IGHV4-31","IGHJ4","CARAGKLAARPESFDYW","IGHV4-31","IGHJ4","CARAGKLAARPESFDYW"
"Tetanus","Harvard","TT",TRUE,"human","GSE253857","GSE252959_Tetanus_specificBcells_GATTCAGGTATAATGG-1","IGHV2-5","IGHJ4","CAHRRHLNGFWNGGDFDYW","IGHV2-5","IGHJ4","CAHRRHLNGFWNGGDFDYW"
"Tetanus","Harvard","TT",TRUE,"human","GSE253857","GSE252959_Tetanus_specificBcells_GCACATAGTCGAAAGC-1","IGKV1-5","IGKJ1","CQQYKSYSTF","IGKV1-5","IGKJ1","CQQYKSYSTF"
"Tetanus","Harvard","TT",TRUE,"human","GSE253857","GSE252959_Tetanus_specificBcells_GCACTCTCAGCTGTTA-1","IGLV3-21","IGLJ7","CQVWDSNTDHYVF","IGLV3-21","IGLJ7","CQVWDSNTDHYVF"
"Tetanus","Harvard","TT",TRUE,"human","GSE253857","GSE252959_Tetanus_specificBcells_GCAGCCAGTAGAGGAA-1","IGHV3-30","IGHJ4","CAKSPGSIFGVVIIEYYFDYW","IGHV3-30","IGHJ4","CAKSPGSIFGVVIIEYYFDYW"
"Tetanus","Harvard","TT",TRUE,"human","GSE253857","GSE252959_Tetanus_specificBcells_GCATGATAGGAATGGA-1","IGHV5-51","IGHJ4","CARPGYYFGSGSFHPAENW","IGHV5-51","IGHJ4","CARPGYYFGSGSFHPAENW"
"Tetanus","Harvard","TT",TRUE,"human","GSE253857","GSE252959_Tetanus_specificBcells_GCATGATGTCACTGGC-1","IGKV3-11","IGKJ1","CQQRSTWPWTF","IGKV3-11","IGKJ1","CQQRSTWPWTF"
"Tetanus","Harvard","TT",TRUE,"human","GSE253857","GSE252959_Tetanus_specificBcells_GCCAAATTCGTAGATC-1","IGKV2D-28","IGKJ4","CMQALQTPLTF","IGKV2D-28","IGKJ4","CMQALQTPLTF"
"Tetanus","Harvard","TT",TRUE,"human","GSE253857","GSE252959_Tetanus_specificBcells_GCGACCAAGAGGACGG-1","IGLV2-14","IGLJ7","CSSYTDSTTPYVF","IGLV2-14","IGLJ7","CSSYTDSTTPYVF"
"Tetanus","Harvard","TT",TRUE,"human","GSE253857","GSE252959_Tetanus_specificBcells_GCGAGAACAGGCAGTA-1","IGKV3-11","IGKJ2","CQQRSNWPQYTF","IGKV3-11","IGKJ2","CQQRSNWPQYTF"
"Tetanus","Harvard","TT",TRUE,"human","GSE253857","GSE252959_Tetanus_specificBcells_GCGAGAAGTTCCCTTG-1","IGHV4-61","IGHJ4","CARWSFKTANFDSW","IGHV4-61","IGHJ4","CARWSFKTANFDSW"
"Tetanus","Harvard","TT",TRUE,"human","GSE253857","GSE252959_Tetanus_specificBcells_GCGCCAACAATCCGAT-1","IGHV1-46","IGHJ4","CARGRYYYDSSGYLGLDYW","IGHV1-46","IGHJ4","CARGRYYYDSSGYLGLDYW"
"Tetanus","Harvard","TT",TRUE,"human","GSE253857","GSE252959_Tetanus_specificBcells_GCGCGATGTCTCCATC-1","IGHV1-69","IGHJ5","CARGSHDSVWGSPTDSW","IGHV1-69","IGHJ5","CARGSHDSVWGSPTDSW"
"Tetanus","Harvard","TT",TRUE,"human","GSE253857","GSE252959_Tetanus_specificBcells_GCGGGTTTCTTAGCCC-1","IGKV3-11","IGKJ1","CQQRNNWPWTF","IGKV3-11","IGKJ1","CQQRNNWPWTF"
"Tetanus","Harvard","TT",TRUE,"human","GSE253857","GSE252959_Tetanus_specificBcells_GCTCCTAGTAATCACC-1","IGKV3-20","IGKJ3","CQQYGSSPSF","IGKV3-20","IGKJ3","CQQYGSSPSF"
"Tetanus","Harvard","TT",TRUE,"human","GSE253857","GSE252959_Tetanus_specificBcells_GCTGCAGTCAGCGACC-1","IGKV1-5","IGKJ2","CQQYNSYSCSF","IGKV1-5","IGKJ2","CQQYNSYSCSF"
"Tetanus","Harvard","TT",TRUE,"human","GSE253857","GSE252959_Tetanus_specificBcells_GCTGCGAGTGCGAAAC-1","IGKV3-20","IGKJ5","CQQYRDSAPITF","IGKV3-20","IGKJ5","CQQYRDSAPITF"
"Tetanus","Harvard","TT",TRUE,"human","GSE253857","GSE252959_Tetanus_specificBcells_GCTGCTTCAACGCACC-1","IGHV3-53","IGHJ6","CARDYGDYAGYHYGMDVW","IGHV3-53","IGHJ6","CARDYGDYAGYHYGMDVW"
"Tetanus","Harvard","TT",TRUE,"human","GSE253857","GSE252959_Tetanus_specificBcells_GCTGCTTGTAGGGTAC-1","IGKV2D-28","IGKJ2","CMQALQTPGSF","IGKV2D-28","IGKJ2","CMQALQTPGSF"
"Tetanus","Harvard","TT",TRUE,"human","GSE253857","GSE252959_Tetanus_specificBcells_GCTTGAAAGTACGTAA-1","IGKV1-27","IGKJ4","CQKYNSVPLTF","IGKV1-27","IGKJ4","CQKYNSVPLTF"
"Tetanus","Harvard","TT",TRUE,"human","GSE253857","GSE252959_Tetanus_specificBcells_GGAAAGCTCTGATTCT-1","IGHV3-23","IGHJ4","CAKGPGRDYFFGSGTYYNDYW","IGHV3-23","IGHJ4","CAKGPGRDYFFGSGTYYNDYW"
"Tetanus","Harvard","TT",TRUE,"human","GSE253857","GSE252959_Tetanus_specificBcells_GGAATAAGTTCGAATC-1","IGLV2-14","IGLJ7","CSSYTDSTTPYVF","IGLV2-14","IGLJ7","CSSYTDSTTPYVF"
"Tetanus","Harvard","TT",TRUE,"human","GSE253857","GSE252959_Tetanus_specificBcells_GGACGTCTCAAACAAG-1","IGHV3-53","IGHJ5","CARDKTGITGWFDPW","IGHV3-53","IGHJ5","CARDKTGITGWFDPW"
"Tetanus","Harvard","TT",TRUE,"human","GSE253857","GSE252959_Tetanus_specificBcells_GGAGCAAAGGCAGTCA-1","IGKV1-17","IGKJ1","CLHRNTYGGTF","IGKV1-17","IGKJ1","CLHRNTYGGTF"
"Tetanus","Harvard","TT",TRUE,"human","GSE253857","GSE252959_Tetanus_specificBcells_GGATGTTTCAACACAC-1","IGKV1-39","IGKJ1","CQQIYAPPRTF","IGKV1-39","IGKJ1","CQQIYAPPRTF"
"Tetanus","Harvard","TT",TRUE,"human","GSE253857","GSE252959_Tetanus_specificBcells_GGCGTGTCAGACAAGC-1","IGLV2-14","IGLJ7","CSSYTSSSRYVF","IGLV2-14","IGLJ7","CSSYTSSSRYVF"
"Tetanus","Harvard","TT",TRUE,"human","GSE253857","GSE252959_Tetanus_specificBcells_GGCTCGAAGTGTCCCG-1","IGLV1-44","IGLJ7","CAAWDHSLHGNYVF","IGLV1-44","IGLJ7","CAAWDHSLHGNYVF"
"Tetanus","Harvard","TT",TRUE,"human","GSE253857","GSE252959_Tetanus_specificBcells_GGCTGGTGTCATGCCG-1","IGKV1-12","IGKJ3","CQQGNNFPFTF","IGKV1-12","IGKJ3","CQQGNNFPFTF"
"Tetanus","Harvard","TT",TRUE,"human","GSE253857","GSE252959_Tetanus_specificBcells_GGGATGATCGCCTGTT-1","IGHV5-51","IGHJ4","CARPGYYFGSGSFHPAENW","IGHV5-51","IGHJ4","CARPGYYFGSGSFHPAENW"
"Tetanus","Harvard","TT",TRUE,"human","GSE253857","GSE252959_Tetanus_specificBcells_GGGCATCAGCTAGGCA-1","IGHV3-15","IGHJ1","CTTDIASSWTKPLFEHW","IGHV3-15","IGHJ1","CTTDIASSWTKPLFEHW"
"Tetanus","Harvard","TT",TRUE,"human","GSE253857","GSE252959_Tetanus_specificBcells_GGGTCTGAGATACACA-1","IGKV1D-39","IGKJ4","CQQSYSTLTF","IGKV1D-39","IGKJ4","CQQSYSTLTF"
"Tetanus","Harvard","TT",TRUE,"human","GSE253857","GSE252959_Tetanus_specificBcells_GGGTCTGAGGGCATGT-1","IGKV1-17","IGKJ2","CLQHNSFPYTF","IGKV1-17","IGKJ2","CLQHNSFPYTF"
"Tetanus","Harvard","TT",TRUE,"human","GSE253857","GSE252959_Tetanus_specificBcells_GGGTCTGGTCTGGTCG-1","IGKV1D-13","IGKJ4","CHQFNSYPQTF","IGKV1D-13","IGKJ4","CHQFNSYPQTF"
"Tetanus","Harvard","TT",TRUE,"human","GSE253857","GSE252959_Tetanus_specificBcells_GGGTTGCTCCACGTTC-1","IGKV3-20","IGKJ4","CQQFGSSLTF","IGKV3-20","IGKJ4","CQQFGSSLTF"
"Tetanus","Harvard","TT",TRUE,"human","GSE253857","GSE252959_Tetanus_specificBcells_GGTGAAGAGCCTATGT-1","IGHV5-51","IGHJ4","CARHYYDSSGPTMSRVAYFDYW","IGHV5-51","IGHJ4","CARHYYDSSGPTMSRVAYFDYW"
"Tetanus","Harvard","TT",TRUE,"human","GSE253857","GSE252959_Tetanus_specificBcells_GGTGAAGTCCACGACG-1","IGKV1D-39","IGKJ2","CQQTYRTPCSF","IGKV1D-39","IGKJ2","CQQTYRTPCSF"
"Tetanus","Harvard","TT",TRUE,"human","GSE253857","GSE252959_Tetanus_specificBcells_GGTGCGTGTAAGGGAA-1","IGKV1-17","IGKJ4","CLQRNSYPLTF","IGKV1-17","IGKJ4","CLQRNSYPLTF"
"Tetanus","Harvard","TT",TRUE,"human","GSE253857","GSE252959_Tetanus_specificBcells_GGTGTTATCATAGCAC-1","IGKV3-15","IGKJ1","CQQYNNWPRWTF","IGKV3-15","IGKJ1","CQQYNNWPRWTF"
"Tetanus","Harvard","TT",TRUE,"human","GSE253857","GSE252959_Tetanus_specificBcells_GTACGTAGTCCAGTTA-1","IGKV3-20","IGKJ2","CQQYGSSPPNTF","IGKV3-20","IGKJ2","CQQYGSSPPNTF"
"Tetanus","Harvard","TT",TRUE,"human","GSE253857","GSE252959_Tetanus_specificBcells_GTATCTTCAAGCGATG-1","IGKV1D-39","IGKJ2","CQQTYSIPYTF","IGKV1D-39","IGKJ2","CQQTYSIPYTF"
"Tetanus","Harvard","TT",TRUE,"human","GSE253857","GSE252959_Tetanus_specificBcells_GTCAAGTCATCGTCGG-1","IGKV3-20","IGKJ5","CQQYGYSPPITF","IGKV3-20","IGKJ5","CQQYGYSPPITF"
"Tetanus","Harvard","TT",TRUE,"human","GSE253857","GSE252959_Tetanus_specificBcells_GTCACAAGTAGCTGCC-1","IGKV3-20","IGKJ5","CQQYGSSPITF","IGKV3-20","IGKJ5","CQQYGSSPITF"
"Tetanus","Harvard","TT",TRUE,"human","GSE253857","GSE252959_Tetanus_specificBcells_GTCTCGTCATTACGAC-1","IGKV2-30","IGKJ1","CMQATHWPRTF","IGKV2-30","IGKJ1","CMQATHWPRTF"
"Tetanus","Harvard","TT",TRUE,"human","GSE253857","GSE252959_Tetanus_specificBcells_GTCTCGTTCCAAGTAC-1","IGKV1-5","IGKJ2","CQHYSTYSTF","IGKV1-5","IGKJ2","CQHYSTYSTF"
"Tetanus","Harvard","TT",TRUE,"human","GSE253857","GSE252959_Tetanus_specificBcells_GTGCGGTAGTGACTCT-1","IGKV1-6","IGKJ4","CLQDYNYPLTF","IGKV1-6","IGKJ4","CLQDYNYPLTF"
"Tetanus","Harvard","TT",TRUE,"human","GSE253857","GSE252959_Tetanus_specificBcells_GTGCGGTCATACTCTT-1","IGHV2-5","IGHJ4","CAYRHSGNNWNDGVFNFW","IGHV2-5","IGHJ4","CAYRHSGNNWNDGVFNFW"
"Tetanus","Harvard","TT",TRUE,"human","GSE253857","GSE252959_Tetanus_specificBcells_GTGCTTCGTTATCGGT-1","IGHV1-2","IGHJ4","CARNPPRTGDFDFW","IGHV1-2","IGHJ4","CARNPPRTGDFDFW"
"Tetanus","Harvard","TT",TRUE,"human","GSE253857","GSE252959_Tetanus_specificBcells_GTTCGGGGTAGCCTAT-1","IGHV4-61","IGHJ4","CARGLGYRGYDSGADYW","IGHV4-61","IGHJ4","CARGLGYRGYDSGADYW"
"Tetanus","Harvard","TT",TRUE,"human","GSE253857","GSE252959_Tetanus_specificBcells_TAAGCGTCACGGTAGA-1","IGLV2-14","IGLJ7","CSSYTSSSTLGVF","IGLV2-14","IGLJ7","CSSYTSSSTLGVF"
"Tetanus","Harvard","TT",TRUE,"human","GSE253857","GSE252959_Tetanus_specificBcells_TACACGACACATCCAA-1","IGLV1-44","IGLJ7","CAAWDDSLNGYVF","IGLV1-44","IGLJ7","CAAWDDSLNGYVF"
"Tetanus","Harvard","TT",TRUE,"human","GSE253857","GSE252959_Tetanus_specificBcells_TACAGTGTCCAAACTG-1","IGKV3-15","IGKJ1","CQQYNNWPPQTF","IGKV3-15","IGKJ1","CQQYNNWPPQTF"
"Tetanus","Harvard","TT",TRUE,"human","GSE253857","GSE252959_Tetanus_specificBcells_TACCTTACACTGCCAG-1","IGKV1D-39","IGKJ1","CQQTHSTPSTF","IGKV1D-39","IGKJ1","CQQTHSTPSTF"
"Tetanus","Harvard","TT",TRUE,"human","GSE253857","GSE252959_Tetanus_specificBcells_TACGGATTCACTTATC-1","IGHV4-31","IGHJ2","CARVGWLLRGRYFDLW","IGHV4-31","IGHJ2","CARVGWLLRGRYFDLW"
"Tetanus","Harvard","TT",TRUE,"human","GSE253857","GSE252959_Tetanus_specificBcells_TACTCGCAGGATGGAA-1","IGKV1D-39","IGKJ3","CQQSYSTPRTF","IGKV1D-39","IGKJ3","CQQSYSTPRTF"
"Tetanus","Harvard","TT",TRUE,"human","GSE253857","GSE252959_Tetanus_specificBcells_TACTCGCTCCGTAGGC-1","IGKV3-15","IGKJ1","CQHYNTWPPWTF","IGKV3-15","IGKJ1","CQHYNTWPPWTF"
"Tetanus","Harvard","TT",TRUE,"human","GSE253857","GSE252959_Tetanus_specificBcells_TAGCCGGGTAGCGCAA-1","IGHV1-2","IGHJ4","CAREVAAPGYLAQGNDYW","IGHV1-2","IGHJ4","CAREVAAPGYLAQGNDYW"
"Tetanus","Harvard","TT",TRUE,"human","GSE253857","GSE252959_Tetanus_specificBcells_TAGGCATTCTGAGTGT-1","IGKV3-15","IGKJ2","CQQYDHWPPMYTF","IGKV3-15","IGKJ2","CQQYDHWPPMYTF"
"Tetanus","Harvard","TT",TRUE,"human","GSE253857","GSE252959_Tetanus_specificBcells_TAGTGGTGTAGCTTGT-1","IGKV3-20","IGKJ2","CQRYDTSPLYTF","IGKV3-20","IGKJ2","CQRYDTSPLYTF"
"Tetanus","Harvard","TT",TRUE,"human","GSE253857","GSE252959_Tetanus_specificBcells_TAGTTGGGTTGCGTTA-1","IGKV3-15","IGKJ1","CQQYNNWLRTF","IGKV3-15","IGKJ1","CQQYNNWLRTF"
"Tetanus","Harvard","TT",TRUE,"human","GSE253857","GSE252959_Tetanus_specificBcells_TATCAGGAGAGTAAGG-1","IGKV4-1","IGKJ1","CQQYYSTPTF","IGKV4-1","IGKJ1","CQQYYSTPTF"
"Tetanus","Harvard","TT",TRUE,"human","GSE253857","GSE252959_Tetanus_specificBcells_TATCAGGGTCAACTGT-1","IGKV3-11","IGKJ4","CQQRFNWPLTF","IGKV3-11","IGKJ4","CQQRFNWPLTF"
"Tetanus","Harvard","TT",TRUE,"human","GSE253857","GSE252959_Tetanus_specificBcells_TATCAGGTCTACTTAC-1","IGHV3-30","IGHJ6","CAKDRLYEISLTGGMDIW","IGHV3-30","IGHJ6","CAKDRLYEISLTGGMDIW"
"Tetanus","Harvard","TT",TRUE,"human","GSE253857","GSE252959_Tetanus_specificBcells_TATGCCCCACCAGGTC-1","IGKV3-20","IGKJ1","CQQYGSSPRTF","IGKV3-20","IGKJ1","CQQYGSSPRTF"
"Tetanus","Harvard","TT",TRUE,"human","GSE253857","GSE252959_Tetanus_specificBcells_TATGCCCGTAGATTAG-1","IGHV3-74","IGHJ6","CARDKGYTMDVW","IGHV3-74","IGHJ6","CARDKGYTMDVW"
"Tetanus","Harvard","TT",TRUE,"human","GSE253857","GSE252959_Tetanus_specificBcells_TATTACCCATGGTTGT-1","IGKV1-9","IGKJ1","CHQLNSYPQTF","IGKV1-9","IGKJ1","CHQLNSYPQTF"
"Tetanus","Harvard","TT",TRUE,"human","GSE253857","GSE252959_Tetanus_specificBcells_TCAACGAAGACTACAA-1","IGHV4-59","IGHJ4","CARGVVGLTRGDLEYW","IGHV4-59","IGHJ4","CARGVVGLTRGDLEYW"
"Tetanus","Harvard","TT",TRUE,"human","GSE253857","GSE252959_Tetanus_specificBcells_TCAACGACAACTGCGC-1","IGKV1-17","IGKJ1","CLQHNSYPWTF","IGKV1-17","IGKJ1","CLQHNSYPWTF"
"Tetanus","Harvard","TT",TRUE,"human","GSE253857","GSE252959_Tetanus_specificBcells_TCAACGACACTAAGTC-1","IGKV1-5","IGKJ1","CQQYNTYPWTF","IGKV1-5","IGKJ1","CQQYNTYPWTF"
"Tetanus","Harvard","TT",TRUE,"human","GSE253857","GSE252959_Tetanus_specificBcells_TCAATCTGTACCGAGA-1","IGKV3-11","IGKJ5","CQQRANWPRTF","IGKV3-11","IGKJ5","CQQRANWPRTF"
"Tetanus","Harvard","TT",TRUE,"human","GSE253857","GSE252959_Tetanus_specificBcells_TCACGAACAAGTCTGT-1","IGHV3-15","IGHJ4","CTTDSRSSSWSYYFDYW","IGHV3-15","IGHJ4","CTTDSRSSSWSYYFDYW"
"Tetanus","Harvard","TT",TRUE,"human","GSE253857","GSE252959_Tetanus_specificBcells_TCACGAATCTCCAACC-1","IGHV3-23","IGHJ4","CAKGGPYDFWSGYHSDPQIDYW","IGHV3-23","IGHJ4","CAKGGPYDFWSGYHSDPQIDYW"
"Tetanus","Harvard","TT",TRUE,"human","GSE253857","GSE252959_Tetanus_specificBcells_TCAGCTCTCATTTGGG-1","IGKV3-11","IGKJ1","CQQRTYRPWTF","IGKV3-11","IGKJ1","CQQRTYRPWTF"
"Tetanus","Harvard","TT",TRUE,"human","GSE253857","GSE252959_Tetanus_specificBcells_TCAGGATCACAAGTAA-1","IGHV3-20","IGHJ4","CAPIELGSPPGYYW","IGHV3-20","IGHJ4","CAPIELGSPPGYYW"
"Tetanus","Harvard","TT",TRUE,"human","GSE253857","GSE252959_Tetanus_specificBcells_TCAGGATGTGTGGCTC-1","IGHV2-5","IGHJ4","CAHRRHLSTSWNFGDFDYW","IGHV2-5","IGHJ4","CAHRRHLSTSWNFGDFDYW"
"Tetanus","Harvard","TT",TRUE,"human","GSE253857","GSE252959_Tetanus_specificBcells_TCATTACCAGTATAAG-1","IGKV3-20","IGKJ1","CLQYGTLWTF","IGKV3-20","IGKJ1","CLQYGTLWTF"
"Tetanus","Harvard","TT",TRUE,"human","GSE253857","GSE252959_Tetanus_specificBcells_TCATTACCAGTCGATT-1","IGKV1D-12","IGKJ1","CQQGNSFPWTF","IGKV1D-12","IGKJ1","CQQGNSFPWTF"
"Tetanus","Harvard","TT",TRUE,"human","GSE253857","GSE252959_Tetanus_specificBcells_TCATTACGTCGACTAT-1","IGLV4-69","IGLJ7","CQTWGTGAWVF","IGLV4-69","IGLJ7","CQTWGTGAWVF"
"Tetanus","Harvard","TT",TRUE,"human","GSE253857","GSE252959_Tetanus_specificBcells_TCCACACGTTTCCACC-1","IGKV1-17","IGKJ1","CLQYNRYPPWTF","IGKV1-17","IGKJ1","CLQYNRYPPWTF"
"Tetanus","Harvard","TT",TRUE,"human","GSE253857","GSE252959_Tetanus_specificBcells_TCCCGATTCTGACCTC-1","IGHV3-53","IGHJ4","CARRSSINWSLDYW","IGHV3-53","IGHJ4","CARRSSINWSLDYW"
"Tetanus","Harvard","TT",TRUE,"human","GSE253857","GSE252959_Tetanus_specificBcells_TCGAGGCGTCGACTGC-1","IGHV3-74","IGHJ4","CASGHYYDSGFYFQPFDYW","IGHV3-74","IGHJ4","CASGHYYDSGFYFQPFDYW"
"Tetanus","Harvard","TT",TRUE,"human","GSE253857","GSE252959_Tetanus_specificBcells_TCGGGACGTAAATGAC-1","IGHV3-21","IGHJ4","CARGPSFTIFGMVTIDYW","IGHV3-21","IGHJ4","CARGPSFTIFGMVTIDYW"
"Tetanus","Harvard","TT",TRUE,"human","GSE253857","GSE252959_Tetanus_specificBcells_TCGGTAAAGGTGATTA-1","IGHV2-5","IGHJ3","CARVMITYGGVIGSDAFDIW","IGHV2-5","IGHJ3","CARVMITYGGVIGSDAFDIW"
"Tetanus","Harvard","TT",TRUE,"human","GSE253857","GSE252959_Tetanus_specificBcells_TCGGTAAGTGATGTCT-1","IGKV1-5","IGKJ1","CQQYYSYVTF","IGKV1-5","IGKJ1","CQQYYSYVTF"
"Tetanus","Harvard","TT",TRUE,"human","GSE253857","GSE252959_Tetanus_specificBcells_TCTATTGCAAGCGATG-1","IGKV2-30","IGKJ2","CMQGTHWPPFF","IGKV2-30","IGKJ2","CMQGTHWPPFF"
"Tetanus","Harvard","TT",TRUE,"human","GSE253857","GSE252959_Tetanus_specificBcells_TCTCTAATCTCATTCA-1","IGKV3-20","IGKJ4","CQQYATTPLTF","IGKV3-20","IGKJ4","CQQYATTPLTF"
"Tetanus","Harvard","TT",TRUE,"human","GSE253857","GSE252959_Tetanus_specificBcells_TGACAACCATCTCCCA-1","IGKV1-27","IGKJ5","CQKYNSAPPITF","IGKV1-27","IGKJ5","CQKYNSAPPITF"
"Tetanus","Harvard","TT",TRUE,"human","GSE253857","GSE252959_Tetanus_specificBcells_TGACGGCCATACTCTT-1","IGKV3-20","IGKJ2","CQQYGSSPPNTF","IGKV3-20","IGKJ2","CQQYGSSPPNTF"
"Tetanus","Harvard","TT",TRUE,"human","GSE253857","GSE252959_Tetanus_specificBcells_TGACTTTAGGCTACGA-1","IGLV2-23","IGLJ6","CCSYAVSSTYVF","IGLV2-23","IGLJ6","CCSYAVSSTYVF"
"Tetanus","Harvard","TT",TRUE,"human","GSE253857","GSE252959_Tetanus_specificBcells_TGAGCCGGTCTAGTCA-1","IGKV1-27","IGKJ1","CQNYNSAPPWTF","IGKV1-27","IGKJ1","CQNYNSAPPWTF"
"Tetanus","Harvard","TT",TRUE,"human","GSE253857","GSE252959_Tetanus_specificBcells_TGAGCCGTCCGTAGTA-1","IGKV1D-39","IGKJ4","CQQSYSTPEAF","IGKV1D-39","IGKJ4","CQQSYSTPEAF"
"Tetanus","Harvard","TT",TRUE,"human","GSE253857","GSE252959_Tetanus_specificBcells_TGCCCTAGTGTGCGTC-1","IGKV1-8","IGKJ1","CQHYYNYPRTF","IGKV1-8","IGKJ1","CQHYYNYPRTF"
"Tetanus","Harvard","TT",TRUE,"human","GSE253857","GSE252959_Tetanus_specificBcells_TGCCCTAGTTGCTCCT-1","IGKV3-11","IGKJ4","CQQRSTWPLTF","IGKV3-11","IGKJ4","CQQRSTWPLTF"
"Tetanus","Harvard","TT",TRUE,"human","GSE253857","GSE252959_Tetanus_specificBcells_TGCGGGTAGCTGAAAT-1","IGKV4-1","IGKJ1","CQQYYGTPRTF","IGKV4-1","IGKJ1","CQQYYGTPRTF"
"Tetanus","Harvard","TT",TRUE,"human","GSE253857","GSE252959_Tetanus_specificBcells_TGGACGCAGATGGGTC-1","IGKV3-20","IGKJ1","CQQYASSPWTF","IGKV3-20","IGKJ1","CQQYASSPWTF"
"Tetanus","Harvard","TT",TRUE,"human","GSE253857","GSE252959_Tetanus_specificBcells_TGGCCAGAGGAATTAC-1","IGHV3-74","IGHJ4","CARLIPSGPRTFDSW","IGHV3-74","IGHJ4","CARLIPSGPRTFDSW"
"Tetanus","Harvard","TT",TRUE,"human","GSE253857","GSE252959_Tetanus_specificBcells_TGGCCAGCAGCTGCAC-1","IGKV1-12","IGKJ4","CQQANSFPLTF","IGKV1-12","IGKJ4","CQQANSFPLTF"
"Tetanus","Harvard","TT",TRUE,"human","GSE253857","GSE252959_Tetanus_specificBcells_TGGCGCAGTGGTCCGT-1","IGKV1-5","IGKJ1","CQQSYSYSTF","IGKV1-5","IGKJ1","CQQSYSYSTF"
"Tetanus","Harvard","TT",TRUE,"human","GSE253857","GSE252959_Tetanus_specificBcells_TGGCTGGCAGTAAGAT-1","IGHV5-51","IGHJ6","CARHLGKQSSRWFPDGMDVW","IGHV5-51","IGHJ6","CARHLGKQSSRWFPDGMDVW"
"Tetanus","Harvard","TT",TRUE,"human","GSE253857","GSE252959_Tetanus_specificBcells_TGGGCGTCAATAGCAA-1","IGHV1-18","IGHJ5","CARDYCSSTSCFYNWFDPW","IGHV1-18","IGHJ5","CARDYCSSTSCFYNWFDPW"
"Tetanus","Harvard","TT",TRUE,"human","GSE253857","GSE252959_Tetanus_specificBcells_TGGTTAGGTAAGGATT-1","IGHV2-5","IGHJ4","CAHWLVDTAMVFDYW","IGHV2-5","IGHJ4","CAHWLVDTAMVFDYW"
"Tetanus","Harvard","TT",TRUE,"human","GSE253857","GSE252959_Tetanus_specificBcells_TGTATTCAGGGATCTG-1","IGHV5-51","IGHJ4","CARWEDDSSGYQAVYYFDYW","IGHV5-51","IGHJ4","CARWEDDSSGYQAVYYFDYW"
"Tetanus","Harvard","TT",TRUE,"human","GSE253857","GSE252959_Tetanus_specificBcells_TGTATTCTCCTGCAGG-1","IGHV7-81","IGHJ4","CARAELRWGLSDW","IGHV7-81","IGHJ4","CARAELRWGLSDW"
"Tetanus","Harvard","TT",TRUE,"human","GSE253857","GSE252959_Tetanus_specificBcells_TGTCCCAGTAGTAGTA-1","IGKV1D-13","IGKJ3","CQQFDSYPQFTF","IGKV1D-13","IGKJ3","CQQFDSYPQFTF"
"Tetanus","Harvard","TT",TRUE,"human","GSE253857","GSE252959_Tetanus_specificBcells_TGTGTTTGTATATGAG-1","IGKV1-16","IGKJ4","CQQYNSYPLTF","IGKV1-16","IGKJ4","CQQYNSYPLTF"
"Tetanus","Harvard","TT",TRUE,"human","GSE253857","GSE252959_Tetanus_specificBcells_TTAACTCAGGGCACTA-1","IGHV4-59","IGHJ4","CARAPGGNFLTTRFDYW","IGHV4-59","IGHJ4","CARAPGGNFLTTRFDYW"
"Tetanus","Harvard","TT",TRUE,"human","GSE253857","GSE252959_Tetanus_specificBcells_TTAGTTCTCCCGGATG-1","IGLV8-61","IGLJ7","CVLYMGSGIWVF","IGLV8-61","IGLJ7","CVLYMGSGIWVF"
"Tetanus","Harvard","TT",TRUE,"human","GSE253857","GSE252959_Tetanus_specificBcells_TTCTACAGTTATTCTC-1","IGHV3-15","IGHJ2","CTTEWGTYYDILTGSPLRWYFDFW","IGHV3-15","IGHJ2","CTTEWGTYYDILTGSPLRWYFDFW"
"Tetanus","Harvard","TT",TRUE,"human","GSE253857","GSE252959_Tetanus_specificBcells_TTGAACGAGGTGTGGT-1","IGKV1-5","IGKJ1","CQQYNSYLWTF","IGKV1-5","IGKJ1","CQQYNSYLWTF"
"Tetanus","Harvard","TT",TRUE,"human","GSE253857","GSE252959_Tetanus_specificBcells_TTGAACGCACGAAGCA-1","IGKV3-20","IGKJ2","CQQYGSSPPNTF","IGKV3-20","IGKJ2","CQQYGSSPPNTF"
"Tetanus","Harvard","TT",TRUE,"human","GSE253857","GSE252959_Tetanus_specificBcells_TTGCGTCAGGCCGAAT-1","IGKV1D-39","IGKJ2","CQQSYSTPRTF","IGKV1D-39","IGKJ2","CQQSYSTPRTF"
"Tetanus","Harvard","TT",TRUE,"human","GSE253857","GSE252959_Tetanus_specificBcells_TTGCGTCAGGTAGCCA-1","IGKV1D-39","IGKJ1","CQQSYSTPRTF","IGKV1D-39","IGKJ1","CQQSYSTPRTF"
"Tetanus","Harvard","TT",TRUE,"human","GSE253857","GSE252959_Tetanus_specificBcells_TTGCGTCAGTCCTCCT-1","IGKV3-20","IGKJ2","CQQYGNSPMYTF","IGKV3-20","IGKJ2","CQQYGNSPMYTF"
"Tetanus","Harvard","TT",TRUE,"human","GSE253857","GSE252959_Tetanus_specificBcells_TTGCGTCCACTTAAGC-1","IGHV3-30","IGHJ6","CAKDVVTMPGTLYYYFHGLDVW","IGHV3-30","IGHJ6","CAKDVVTMPGTLYYYFHGLDVW"
"Tetanus","Harvard","TT",TRUE,"human","GSE253857","GSE252959_Tetanus_specificBcells_TTTGCGCCATCGACGC-1","IGKV3-11","IGKJ3","CQHRSNWPPGATF","IGKV3-11","IGKJ3","CQHRSNWPPGATF"
"Tetanus","Harvard","TT",TRUE,"human","GSE253857","GSE252959_Tetanus_specificBcells_TTTGCGCTCAACGGCC-1","IGKV3-20","IGKJ3","CQHYDSSFTF","IGKV3-20","IGKJ3","CQHYDSSFTF"
